date,year,month_lbl,month_num,season,mean_pm25
2024-05-29,2024,May,5,Autumn,7.512195121951219
2024-05-29,2024,May,5,Autumn,14.390243902439025
2024-05-29,2024,May,5,Autumn,14.951219512195122
2024-05-29,2024,May,5,Autumn,10.0
2024-05-29,2024,May,5,Autumn,5.0
2024-05-29,2024,May,5,Autumn,13.170731707317072
2024-05-29,2024,May,5,Autumn,16.514285714285712
2024-05-29,2024,May,5,Autumn,14.04878048780488
2024-05-30,2024,May,5,Autumn,7.489583333333334
2024-05-30,2024,May,5,Autumn,7.802083333333335
2024-05-30,2024,May,5,Autumn,8.063157894736843
2024-05-30,2024,May,5,Autumn,5.66304347826087
2024-05-30,2024,May,5,Autumn,7.768421052631578
2024-05-30,2024,May,5,Autumn,8.43010752688172
2024-05-30,2024,May,5,Autumn,6.382978723404254
2024-05-31,2024,May,5,Autumn,1.46875
2024-05-31,2024,May,5,Autumn,2.75
2024-05-31,2024,May,5,Autumn,3.5473684210526315
2024-05-31,2024,May,5,Autumn,2.09375
2024-05-31,2024,May,5,Autumn,2.0
2024-05-31,2024,May,5,Autumn,3.106382978723404
2024-05-31,2024,May,5,Autumn,3.625
2024-06-01,2024,Jun,6,Winter,1.5052631578947364
2024-06-01,2024,Jun,6,Winter,6.831578947368417
2024-06-01,2024,Jun,6,Winter,5.578947368421052
2024-06-01,2024,Jun,6,Winter,1.5833333333333337
2024-06-01,2024,Jun,6,Winter,2.479166666666667
2024-06-01,2024,Jun,6,Winter,3.0842105263157893
2024-06-01,2024,Jun,6,Winter,2.5
2024-06-02,2024,Jun,6,Winter,1.3333333333333326
2024-06-02,2024,Jun,6,Winter,4.041666666666665
2024-06-02,2024,Jun,6,Winter,3.53125
2024-06-02,2024,Jun,6,Winter,2.0
2024-06-02,2024,Jun,6,Winter,7.46875
2024-06-02,2024,Jun,6,Winter,2.1170212765957435
2024-06-02,2024,Jun,6,Winter,1.5104166666666667
2024-06-03,2024,Jun,6,Winter,1.410526315789473
2024-06-03,2024,Jun,6,Winter,3.552083333333333
2024-06-03,2024,Jun,6,Winter,3.7340425531914896
2024-06-03,2024,Jun,6,Winter,1.5
2024-06-03,2024,Jun,6,Winter,1.884210526315789
2024-06-03,2024,Jun,6,Winter,4.606382978723405
2024-06-03,2024,Jun,6,Winter,0.6875
2024-06-04,2024,Jun,6,Winter,2.5684210526315794
2024-06-04,2024,Jun,6,Winter,6.572916666666666
2024-06-04,2024,Jun,6,Winter,6.25
2024-06-04,2024,Jun,6,Winter,2.526315789473687
2024-06-04,2024,Jun,6,Winter,1.375
2024-06-04,2024,Jun,6,Winter,4.07608695652174
2024-06-04,2024,Jun,6,Winter,2.4947368421052607
2024-06-05,2024,Jun,6,Winter,9.90625
2024-06-05,2024,Jun,6,Winter,11.989473684210529
2024-06-05,2024,Jun,6,Winter,9.715789473684216
2024-06-05,2024,Jun,6,Winter,15.875
2024-06-05,2024,Jun,6,Winter,19.916666666666664
2024-06-05,2024,Jun,6,Winter,11.783505154639178
2024-06-05,2024,Jun,6,Winter,6.0
2024-06-06,2024,Jun,6,Winter,6.6145833333333295
2024-06-06,2024,Jun,6,Winter,8.926315789473687
2024-06-06,2024,Jun,6,Winter,7.916666666666665
2024-06-06,2024,Jun,6,Winter,53.0
2024-06-06,2024,Jun,6,Winter,12.180851063829792
2024-06-06,2024,Jun,6,Winter,6.673684210526315
2024-06-06,2024,Jun,6,Winter,4.308510638297872
2024-06-06,2024,Jun,6,Winter,4.4375
2024-06-07,2024,Jun,6,Winter,2.5416666666666665
2024-06-07,2024,Jun,6,Winter,7.760416666666668
2024-06-07,2024,Jun,6,Winter,5.9375
2024-06-07,2024,Jun,6,Winter,3.270833333333333
2024-06-07,2024,Jun,6,Winter,2.46875
2024-06-07,2024,Jun,6,Winter,2.2872340425531896
2024-06-07,2024,Jun,6,Winter,2.572916666666666
2024-06-08,2024,Jun,6,Winter,4.96875
2024-06-08,2024,Jun,6,Winter,9.252631578947373
2024-06-08,2024,Jun,6,Winter,9.23157894736842
2024-06-08,2024,Jun,6,Winter,14.795698924731182
2024-06-08,2024,Jun,6,Winter,6.210526315789472
2024-06-08,2024,Jun,6,Winter,5.978947368421052
2024-06-08,2024,Jun,6,Winter,2.302083333333333
2024-06-09,2024,Jun,6,Winter,2.6041666666666643
2024-06-09,2024,Jun,6,Winter,5.479166666666666
2024-06-09,2024,Jun,6,Winter,5.708333333333334
2024-06-09,2024,Jun,6,Winter,5.052631578947367
2024-06-09,2024,Jun,6,Winter,6.395833333333335
2024-06-09,2024,Jun,6,Winter,4.32967032967033
2024-06-09,2024,Jun,6,Winter,2.663157894736843
2024-06-10,2024,Jun,6,Winter,5.166666666666668
2024-06-10,2024,Jun,6,Winter,6.53125
2024-06-10,2024,Jun,6,Winter,7.302083333333334
2024-06-10,2024,Jun,6,Winter,6.621052631578947
2024-06-10,2024,Jun,6,Winter,3.875
2024-06-10,2024,Jun,6,Winter,9.273684210526318
2024-06-10,2024,Jun,6,Winter,3.09375
2024-06-11,2024,Jun,6,Winter,1.604166666666667
2024-06-11,2024,Jun,6,Winter,3.3052631578947373
2024-06-11,2024,Jun,6,Winter,4.729166666666665
2024-06-11,2024,Jun,6,Winter,3.5625
2024-06-11,2024,Jun,6,Winter,1.697916666666666
2024-06-11,2024,Jun,6,Winter,3.5851063829787244
2024-06-11,2024,Jun,6,Winter,1.75
2024-06-12,2024,Jun,6,Winter,0.8229166666666666
2024-06-12,2024,Jun,6,Winter,3.75
2024-06-12,2024,Jun,6,Winter,4.6875
2024-06-12,2024,Jun,6,Winter,1.0
2024-06-12,2024,Jun,6,Winter,1.8541666666666663
2024-06-12,2024,Jun,6,Winter,1.96875
2024-06-12,2024,Jun,6,Winter,5.578947368421053
2024-06-12,2024,Jun,6,Winter,2.46875
2024-06-13,2024,Jun,6,Winter,7.8541666666666705
2024-06-13,2024,Jun,6,Winter,17.427083333333336
2024-06-13,2024,Jun,6,Winter,12.86315789473684
2024-06-13,2024,Jun,6,Winter,1.127659574468085
2024-06-13,2024,Jun,6,Winter,9.71578947368422
2024-06-13,2024,Jun,6,Winter,9.16129032258065
2024-06-13,2024,Jun,6,Winter,7.895833333333328
2024-06-14,2024,Jun,6,Winter,38.59375
2024-06-14,2024,Jun,6,Winter,34.83333333333333
2024-06-14,2024,Jun,6,Winter,31.53125
2024-06-14,2024,Jun,6,Winter,15.175824175824175
2024-06-14,2024,Jun,6,Winter,24.64583333333333
2024-06-14,2024,Jun,6,Winter,25.91752577319588
2024-06-14,2024,Jun,6,Winter,22.799999999999997
2024-06-15,2024,Jun,6,Winter,28.875
2024-06-15,2024,Jun,6,Winter,17.48421052631579
2024-06-15,2024,Jun,6,Winter,17.78125
2024-06-15,2024,Jun,6,Winter,18.0
2024-06-15,2024,Jun,6,Winter,10.684210526315791
2024-06-15,2024,Jun,6,Winter,58.526315789473685
2024-06-15,2024,Jun,6,Winter,44.83333333333333
2024-06-16,2024,Jun,6,Winter,2.2708333333333357
2024-06-16,2024,Jun,6,Winter,3.90625
2024-06-16,2024,Jun,6,Winter,4.364583333333334
2024-06-16,2024,Jun,6,Winter,5.66666666666667
2024-06-16,2024,Jun,6,Winter,5.105263157894735
2024-06-16,2024,Jun,6,Winter,10.957894736842114
2024-06-16,2024,Jun,6,Winter,12.729166666666677
2024-06-17,2024,Jun,6,Winter,2.126315789473684
2024-06-17,2024,Jun,6,Winter,6.15625
2024-06-17,2024,Jun,6,Winter,5.414893617021276
2024-06-17,2024,Jun,6,Winter,0.125
2024-06-17,2024,Jun,6,Winter,2.663157894736843
2024-06-17,2024,Jun,6,Winter,2.71875
2024-06-17,2024,Jun,6,Winter,0.4583333333333335
2024-06-18,2024,Jun,6,Winter,6.6701030927835046
2024-06-18,2024,Jun,6,Winter,15.302083333333332
2024-06-18,2024,Jun,6,Winter,13.114583333333332
2024-06-18,2024,Jun,6,Winter,0.0
2024-06-18,2024,Jun,6,Winter,1.0842105263157915
2024-06-18,2024,Jun,6,Winter,5.0
2024-06-18,2024,Jun,6,Winter,19.55319148936171
2024-06-18,2024,Jun,6,Winter,1.4105263157894734
2024-06-19,2024,Jun,6,Winter,8.13684210526316
2024-06-19,2024,Jun,6,Winter,26.5
2024-06-19,2024,Jun,6,Winter,23.260416666666668
2024-06-19,2024,Jun,6,Winter,22.510416666666664
2024-06-19,2024,Jun,6,Winter,9.208333333333329
2024-06-19,2024,Jun,6,Winter,20.82105263157895
2024-06-19,2024,Jun,6,Winter,18.694736842105257
2024-06-20,2024,Jun,6,Winter,9.447916666666666
2024-06-20,2024,Jun,6,Winter,21.52631578947368
2024-06-20,2024,Jun,6,Winter,18.416666666666664
2024-06-20,2024,Jun,6,Winter,18.2608695652174
2024-06-20,2024,Jun,6,Winter,21.09375
2024-06-20,2024,Jun,6,Winter,14.608695652173912
2024-06-20,2024,Jun,6,Winter,14.9375
2024-06-21,2024,Jun,6,Winter,19.010416666666664
2024-06-21,2024,Jun,6,Winter,21.697916666666664
2024-06-21,2024,Jun,6,Winter,19.22916666666666
2024-06-21,2024,Jun,6,Winter,20.75
2024-06-21,2024,Jun,6,Winter,22.978947368421053
2024-06-21,2024,Jun,6,Winter,19.7608695652174
2024-06-21,2024,Jun,6,Winter,20.354166666666668
2024-06-22,2024,Jun,6,Winter,7.65625
2024-06-22,2024,Jun,6,Winter,13.9375
2024-06-22,2024,Jun,6,Winter,12.31578947368421
2024-06-22,2024,Jun,6,Winter,12.619565217391298
2024-06-22,2024,Jun,6,Winter,18.51578947368421
2024-06-22,2024,Jun,6,Winter,15.68181818181818
2024-06-22,2024,Jun,6,Winter,8.9375
2024-06-23,2024,Jun,6,Winter,26.75
2024-06-23,2024,Jun,6,Winter,22.48958333333333
2024-06-23,2024,Jun,6,Winter,23.3125
2024-06-23,2024,Jun,6,Winter,25.053191489361705
2024-06-23,2024,Jun,6,Winter,9.77083333333333
2024-06-23,2024,Jun,6,Winter,22.458333333333336
2024-06-23,2024,Jun,6,Winter,8.663157894736843
2024-06-24,2024,Jun,6,Winter,8.73958333333333
2024-06-24,2024,Jun,6,Winter,14.364583333333336
2024-06-24,2024,Jun,6,Winter,14.19148936170213
2024-06-24,2024,Jun,6,Winter,14.333333333333336
2024-06-24,2024,Jun,6,Winter,5.989583333333334
2024-06-24,2024,Jun,6,Winter,10.978260869565222
2024-06-24,2024,Jun,6,Winter,11.0
2024-06-25,2024,Jun,6,Winter,2.2395833333333326
2024-06-25,2024,Jun,6,Winter,6.515789473684211
2024-06-25,2024,Jun,6,Winter,5.645833333333333
2024-06-25,2024,Jun,6,Winter,2.1875
2024-06-25,2024,Jun,6,Winter,5.083333333333334
2024-06-25,2024,Jun,6,Winter,2.809523809523809
2024-06-25,2024,Jun,6,Winter,6.90625
2024-06-26,2024,Jun,6,Winter,0.3229166666666668
2024-06-26,2024,Jun,6,Winter,1.96875
2024-06-26,2024,Jun,6,Winter,3.875
2024-06-26,2024,Jun,6,Winter,3.6736842105263143
2024-06-26,2024,Jun,6,Winter,0.65625
2024-06-26,2024,Jun,6,Winter,3.5806451612903225
2024-06-26,2024,Jun,6,Winter,0.1354166666666667
2024-06-27,2024,Jun,6,Winter,1.0104166666666667
2024-06-27,2024,Jun,6,Winter,3.3125
2024-06-27,2024,Jun,6,Winter,5.399999999999998
2024-06-27,2024,Jun,6,Winter,2.9263157894736844
2024-06-27,2024,Jun,6,Winter,0.297872340425532
2024-06-27,2024,Jun,6,Winter,3.866666666666667
2024-06-27,2024,Jun,6,Winter,0.2604166666666667
2024-06-28,2024,Jun,6,Winter,2.5
2024-06-28,2024,Jun,6,Winter,5.927083333333333
2024-06-28,2024,Jun,6,Winter,5.71875
2024-06-28,2024,Jun,6,Winter,3.375
2024-06-28,2024,Jun,6,Winter,3.53125
2024-06-28,2024,Jun,6,Winter,5.627659574468087
2024-06-28,2024,Jun,6,Winter,0.8736842105263158
2024-06-29,2024,Jun,6,Winter,2.708333333333332
2024-06-29,2024,Jun,6,Winter,5.484210526315787
2024-06-29,2024,Jun,6,Winter,6.489583333333329
2024-06-29,2024,Jun,6,Winter,2.0
2024-06-29,2024,Jun,6,Winter,0.3645833333333335
2024-06-29,2024,Jun,6,Winter,0.6593406593406591
2024-06-29,2024,Jun,6,Winter,2.0
2024-06-30,2024,Jun,6,Winter,0.46875
2024-06-30,2024,Jun,6,Winter,2.90625
2024-06-30,2024,Jun,6,Winter,3.020833333333333
2024-06-30,2024,Jun,6,Winter,2.0
2024-06-30,2024,Jun,6,Winter,1.75
2024-06-30,2024,Jun,6,Winter,1.9456521739130428
2024-06-30,2024,Jun,6,Winter,1.0416666666666663
2024-07-01,2024,Jul,7,Winter,1.0208333333333333
2024-07-01,2024,Jul,7,Winter,6.552083333333335
2024-07-01,2024,Jul,7,Winter,5.021052631578947
2024-07-01,2024,Jul,7,Winter,15.125
2024-07-01,2024,Jul,7,Winter,1.6842105263157905
2024-07-01,2024,Jul,7,Winter,1.5333333333333332
2024-07-01,2024,Jul,7,Winter,5.387096774193546
2024-07-02,2024,Jul,7,Winter,8.08333333333333
2024-07-02,2024,Jul,7,Winter,13.614583333333332
2024-07-02,2024,Jul,7,Winter,11.68421052631579
2024-07-02,2024,Jul,7,Winter,11.636363636363638
2024-07-02,2024,Jul,7,Winter,13.59999999999999
2024-07-02,2024,Jul,7,Winter,4.0625
2024-07-02,2024,Jul,7,Winter,3.057471264367816
2024-07-02,2024,Jul,7,Winter,13.4421052631579
2024-07-03,2024,Jul,7,Winter,20.520833333333336
2024-07-03,2024,Jul,7,Winter,34.65263157894737
2024-07-03,2024,Jul,7,Winter,32.30208333333333
2024-07-03,2024,Jul,7,Winter,34.170212765957444
2024-07-03,2024,Jul,7,Winter,1.0
2024-07-03,2024,Jul,7,Winter,19.5625
2024-07-03,2024,Jul,7,Winter,16.887640449438198
2024-07-03,2024,Jul,7,Winter,22.32631578947369
2024-07-04,2024,Jul,7,Winter,35.916666666666664
2024-07-04,2024,Jul,7,Winter,38.78947368421053
2024-07-04,2024,Jul,7,Winter,36.03125
2024-07-04,2024,Jul,7,Winter,35.833333333333336
2024-07-04,2024,Jul,7,Winter,2.208333333333335
2024-07-04,2024,Jul,7,Winter,36.03125
2024-07-04,2024,Jul,7,Winter,24.333333333333336
2024-07-04,2024,Jul,7,Winter,25.78125
2024-07-05,2024,Jul,7,Winter,32.552083333333314
2024-07-05,2024,Jul,7,Winter,31.708333333333336
2024-07-05,2024,Jul,7,Winter,28.65625
2024-07-05,2024,Jul,7,Winter,50.41666666666667
2024-07-05,2024,Jul,7,Winter,42.0
2024-07-05,2024,Jul,7,Winter,36.588235294117645
2024-07-05,2024,Jul,7,Winter,28.382978723404257
2024-07-06,2024,Jul,7,Winter,18.4375
2024-07-06,2024,Jul,7,Winter,26.510416666666668
2024-07-06,2024,Jul,7,Winter,25.610526315789485
2024-07-06,2024,Jul,7,Winter,39.05263157894737
2024-07-06,2024,Jul,7,Winter,20.842105263157897
2024-07-06,2024,Jul,7,Winter,23.83870967741937
2024-07-06,2024,Jul,7,Winter,24.0625
2024-07-07,2024,Jul,7,Winter,17.447916666666664
2024-07-07,2024,Jul,7,Winter,22.76041666666667
2024-07-07,2024,Jul,7,Winter,24.083333333333336
2024-07-07,2024,Jul,7,Winter,44.0
2024-07-07,2024,Jul,7,Winter,29.072916666666668
2024-07-07,2024,Jul,7,Winter,32.66666666666667
2024-07-07,2024,Jul,7,Winter,37.521276595744695
2024-07-08,2024,Jul,7,Winter,7.094736842105272
2024-07-08,2024,Jul,7,Winter,6.21875
2024-07-08,2024,Jul,7,Winter,6.463157894736844
2024-07-08,2024,Jul,7,Winter,40.4375
2024-07-08,2024,Jul,7,Winter,13.14583333333334
2024-07-08,2024,Jul,7,Winter,13.191489361702134
2024-07-08,2024,Jul,7,Winter,18.75
2024-07-09,2024,Jul,7,Winter,6.28125
2024-07-09,2024,Jul,7,Winter,9.968421052631577
2024-07-09,2024,Jul,7,Winter,10.229166666666668
2024-07-09,2024,Jul,7,Winter,11.583333333333334
2024-07-09,2024,Jul,7,Winter,6.75
2024-07-09,2024,Jul,7,Winter,6.5777777777777775
2024-07-09,2024,Jul,7,Winter,2.833333333333333
2024-07-10,2024,Jul,7,Winter,3.145833333333333
2024-07-10,2024,Jul,7,Winter,6.229166666666668
2024-07-10,2024,Jul,7,Winter,5.135416666666665
2024-07-10,2024,Jul,7,Winter,4.958333333333332
2024-07-10,2024,Jul,7,Winter,10.666666666666666
2024-07-10,2024,Jul,7,Winter,6.780487804878048
2024-07-10,2024,Jul,7,Winter,2.15625
2024-07-11,2024,Jul,7,Winter,0.9479166666666672
2024-07-11,2024,Jul,7,Winter,3.739583333333334
2024-07-11,2024,Jul,7,Winter,4.263157894736839
2024-07-11,2024,Jul,7,Winter,3.442105263157895
2024-07-11,2024,Jul,7,Winter,3.631578947368419
2024-07-11,2024,Jul,7,Winter,5.064516129032259
2024-07-11,2024,Jul,7,Winter,1.3020833333333333
2024-07-12,2024,Jul,7,Winter,6.604166666666671
2024-07-12,2024,Jul,7,Winter,12.947916666666655
2024-07-12,2024,Jul,7,Winter,11.252631578947364
2024-07-12,2024,Jul,7,Winter,1.1123595505617978
2024-07-12,2024,Jul,7,Winter,9.947916666666664
2024-07-12,2024,Jul,7,Winter,11.238095238095235
2024-07-12,2024,Jul,7,Winter,4.094736842105263
2024-07-13,2024,Jul,7,Winter,5.666666666666671
2024-07-13,2024,Jul,7,Winter,7.958333333333334
2024-07-13,2024,Jul,7,Winter,7.126315789473685
2024-07-13,2024,Jul,7,Winter,0.6842105263157892
2024-07-13,2024,Jul,7,Winter,15.052083333333334
2024-07-13,2024,Jul,7,Winter,11.80434782608696
2024-07-13,2024,Jul,7,Winter,3.0
2024-07-14,2024,Jul,7,Winter,2.3645833333333326
2024-07-14,2024,Jul,7,Winter,4.326315789473686
2024-07-14,2024,Jul,7,Winter,5.347368421052632
2024-07-14,2024,Jul,7,Winter,0.0
2024-07-14,2024,Jul,7,Winter,2.708333333333333
2024-07-14,2024,Jul,7,Winter,5.063157894736841
2024-07-14,2024,Jul,7,Winter,1.21875
2024-07-15,2024,Jul,7,Winter,1.4166666666666667
2024-07-15,2024,Jul,7,Winter,2.916666666666668
2024-07-15,2024,Jul,7,Winter,3.927083333333333
2024-07-15,2024,Jul,7,Winter,2.0520833333333326
2024-07-15,2024,Jul,7,Winter,2.0625
2024-07-15,2024,Jul,7,Winter,2.965909090909089
2024-07-15,2024,Jul,7,Winter,1.4166666666666652
2024-07-16,2024,Jul,7,Winter,2.802083333333333
2024-07-16,2024,Jul,7,Winter,6.739583333333336
2024-07-16,2024,Jul,7,Winter,6.21276595744681
2024-07-16,2024,Jul,7,Winter,3.336842105263157
2024-07-16,2024,Jul,7,Winter,2.8526315789473684
2024-07-16,2024,Jul,7,Winter,5.423529411764707
2024-07-16,2024,Jul,7,Winter,2.421052631578947
2024-07-17,2024,Jul,7,Winter,4.125
2024-07-17,2024,Jul,7,Winter,9.21875
2024-07-17,2024,Jul,7,Winter,7.71875
2024-07-17,2024,Jul,7,Winter,3.6875
2024-07-17,2024,Jul,7,Winter,3.9895833333333335
2024-07-17,2024,Jul,7,Winter,7.586956521739132
2024-07-17,2024,Jul,7,Winter,5.958333333333332
2024-07-18,2024,Jul,7,Winter,1.0
2024-07-18,2024,Jul,7,Winter,5.736842105263158
2024-07-18,2024,Jul,7,Winter,6.041666666666666
2024-07-18,2024,Jul,7,Winter,1.0526315789473673
2024-07-18,2024,Jul,7,Winter,1.90625
2024-07-18,2024,Jul,7,Winter,4.059523809523808
2024-07-18,2024,Jul,7,Winter,2.364583333333332
2024-07-19,2024,Jul,7,Winter,0.7083333333333336
2024-07-19,2024,Jul,7,Winter,3.40625
2024-07-19,2024,Jul,7,Winter,3.78125
2024-07-19,2024,Jul,7,Winter,0.0
2024-07-19,2024,Jul,7,Winter,3.4375
2024-07-19,2024,Jul,7,Winter,3.3488372093023253
2024-07-19,2024,Jul,7,Winter,4.625
2024-07-20,2024,Jul,7,Winter,0.6923076923076916
2024-07-20,2024,Jul,7,Winter,3.0549450549450574
2024-07-20,2024,Jul,7,Winter,4.26086956521739
2024-07-20,2024,Jul,7,Winter,1.3152173913043466
2024-07-20,2024,Jul,7,Winter,0.4782608695652169
2024-07-20,2024,Jul,7,Winter,4.021978021978026
2024-07-20,2024,Jul,7,Winter,1.108695652173914
2024-07-21,2024,Jul,7,Winter,2.395833333333333
2024-07-21,2024,Jul,7,Winter,3.666666666666667
2024-07-21,2024,Jul,7,Winter,6.223404255319148
2024-07-21,2024,Jul,7,Winter,2.5684210526315794
2024-07-21,2024,Jul,7,Winter,1.9375
2024-07-21,2024,Jul,7,Winter,3.4395604395604407
2024-07-21,2024,Jul,7,Winter,4.2
2024-07-22,2024,Jul,7,Winter,1.9375
2024-07-22,2024,Jul,7,Winter,3.9578947368421047
2024-07-22,2024,Jul,7,Winter,4.958333333333332
2024-07-22,2024,Jul,7,Winter,2.0
2024-07-22,2024,Jul,7,Winter,3.989583333333334
2024-07-22,2024,Jul,7,Winter,3.126315789473684
2024-07-22,2024,Jul,7,Winter,4.53125
2024-07-23,2024,Jul,7,Winter,0.7395833333333335
2024-07-23,2024,Jul,7,Winter,3.483870967741935
2024-07-23,2024,Jul,7,Winter,4.0
2024-07-23,2024,Jul,7,Winter,1.8854166666666667
2024-07-23,2024,Jul,7,Winter,2.34375
2024-07-23,2024,Jul,7,Winter,3.1935483870967736
2024-07-23,2024,Jul,7,Winter,2.3229166666666665
2024-07-24,2024,Jul,7,Winter,0.3854166666666668
2024-07-24,2024,Jul,7,Winter,2.6808510638297878
2024-07-24,2024,Jul,7,Winter,3.020833333333333
2024-07-24,2024,Jul,7,Winter,1.0
2024-07-24,2024,Jul,7,Winter,1.0
2024-07-24,2024,Jul,7,Winter,2.9425287356321848
2024-07-24,2024,Jul,7,Winter,2.083333333333333
2024-07-25,2024,Jul,7,Winter,1.572916666666667
2024-07-25,2024,Jul,7,Winter,5.46875
2024-07-25,2024,Jul,7,Winter,4.968421052631578
2024-07-25,2024,Jul,7,Winter,2.032258064516129
2024-07-25,2024,Jul,7,Winter,0.4
2024-07-25,2024,Jul,7,Winter,3.902439024390242
2024-07-25,2024,Jul,7,Winter,4.375
2024-07-26,2024,Jul,7,Winter,0.863157894736842
2024-07-26,2024,Jul,7,Winter,4.822916666666665
2024-07-26,2024,Jul,7,Winter,4.389473684210525
2024-07-26,2024,Jul,7,Winter,1.5894736842105268
2024-07-26,2024,Jul,7,Winter,1.1458333333333333
2024-07-26,2024,Jul,7,Winter,2.0337078651685405
2024-07-26,2024,Jul,7,Winter,6.0
2024-07-27,2024,Jul,7,Winter,1.385416666666668
2024-07-27,2024,Jul,7,Winter,3.1368421052631588
2024-07-27,2024,Jul,7,Winter,3.9270833333333335
2024-07-27,2024,Jul,7,Winter,1.8958333333333324
2024-07-27,2024,Jul,7,Winter,0.5104166666666667
2024-07-27,2024,Jul,7,Winter,5.359550561797749
2024-07-27,2024,Jul,7,Winter,1.8333333333333328
2024-07-28,2024,Jul,7,Winter,0.0104166666666666
2024-07-28,2024,Jul,7,Winter,2.273684210526316
2024-07-28,2024,Jul,7,Winter,2.53125
2024-07-28,2024,Jul,7,Winter,1.3125
2024-07-28,2024,Jul,7,Winter,1.4791666666666663
2024-07-28,2024,Jul,7,Winter,3.0
2024-07-28,2024,Jul,7,Winter,1.0
2024-07-29,2024,Jul,7,Winter,3.0625
2024-07-29,2024,Jul,7,Winter,9.239583333333332
2024-07-29,2024,Jul,7,Winter,6.770833333333334
2024-07-29,2024,Jul,7,Winter,3.610526315789475
2024-07-29,2024,Jul,7,Winter,0.96875
2024-07-29,2024,Jul,7,Winter,8.75862068965517
2024-07-29,2024,Jul,7,Winter,1.9583333333333333
2024-07-30,2024,Jul,7,Winter,15.291666666666666
2024-07-30,2024,Jul,7,Winter,23.702127659574465
2024-07-30,2024,Jul,7,Winter,20.329787234042552
2024-07-30,2024,Jul,7,Winter,4.557894736842104
2024-07-30,2024,Jul,7,Winter,12.557894736842105
2024-07-30,2024,Jul,7,Winter,11.21590909090909
2024-07-30,2024,Jul,7,Winter,23.875
2024-07-31,2024,Jul,7,Winter,37.92708333333332
2024-07-31,2024,Jul,7,Winter,49.13541666666667
2024-07-31,2024,Jul,7,Winter,43.78125
2024-07-31,2024,Jul,7,Winter,28.09375
2024-07-31,2024,Jul,7,Winter,36.5578947368421
2024-07-31,2024,Jul,7,Winter,35.29999999999999
2024-07-31,2024,Jul,7,Winter,39.97849462365591
2024-08-01,2024,Aug,8,Winter,30.84375
2024-08-01,2024,Aug,8,Winter,32.17894736842104
2024-08-01,2024,Aug,8,Winter,27.72631578947368
2024-08-01,2024,Aug,8,Winter,2.03125
2024-08-01,2024,Aug,8,Winter,34.0
2024-08-01,2024,Aug,8,Winter,39.08433734939758
2024-08-01,2024,Aug,8,Winter,39.6875
2024-08-02,2024,Aug,8,Winter,8.84375
2024-08-02,2024,Aug,8,Winter,9.610526315789476
2024-08-02,2024,Aug,8,Winter,9.63157894736842
2024-08-02,2024,Aug,8,Winter,10.58333333333334
2024-08-02,2024,Aug,8,Winter,14.3125
2024-08-02,2024,Aug,8,Winter,11.333333333333332
2024-08-02,2024,Aug,8,Winter,11.354166666666666
2024-08-03,2024,Aug,8,Winter,8.378947368421052
2024-08-03,2024,Aug,8,Winter,11.09375
2024-08-03,2024,Aug,8,Winter,11.705263157894729
2024-08-03,2024,Aug,8,Winter,3.0
2024-08-03,2024,Aug,8,Winter,2.336842105263157
2024-08-03,2024,Aug,8,Winter,6.952941176470593
2024-08-03,2024,Aug,8,Winter,2.821052631578945
2024-08-04,2024,Aug,8,Winter,19.520833333333343
2024-08-04,2024,Aug,8,Winter,22.34375
2024-08-04,2024,Aug,8,Winter,21.92708333333334
2024-08-04,2024,Aug,8,Winter,6.8947368421052655
2024-08-04,2024,Aug,8,Winter,35.84375
2024-08-04,2024,Aug,8,Winter,28.263157894736825
2024-08-04,2024,Aug,8,Winter,4.1382978723404245
2024-08-05,2024,Aug,8,Winter,20.53684210526316
2024-08-05,2024,Aug,8,Winter,20.27083333333333
2024-08-05,2024,Aug,8,Winter,19.760416666666668
2024-08-05,2024,Aug,8,Winter,19.083333333333336
2024-08-05,2024,Aug,8,Winter,26.375
2024-08-05,2024,Aug,8,Winter,27.329787234042552
2024-08-05,2024,Aug,8,Winter,22.138297872340416
2024-08-06,2024,Aug,8,Winter,5.46875
2024-08-06,2024,Aug,8,Winter,8.755319148936172
2024-08-06,2024,Aug,8,Winter,9.729166666666666
2024-08-06,2024,Aug,8,Winter,5.0
2024-08-06,2024,Aug,8,Winter,7.8958333333333375
2024-08-06,2024,Aug,8,Winter,6.802197802197803
2024-08-06,2024,Aug,8,Winter,5.157894736842104
2024-08-07,2024,Aug,8,Winter,3.239583333333334
2024-08-07,2024,Aug,8,Winter,9.072916666666664
2024-08-07,2024,Aug,8,Winter,8.572916666666666
2024-08-07,2024,Aug,8,Winter,5.0
2024-08-07,2024,Aug,8,Winter,3.416666666666667
2024-08-07,2024,Aug,8,Winter,12.166666666666668
2024-08-07,2024,Aug,8,Winter,4.21875
2024-08-08,2024,Aug,8,Winter,4.104166666666667
2024-08-08,2024,Aug,8,Winter,7.020833333333333
2024-08-08,2024,Aug,8,Winter,7.73404255319149
2024-08-08,2024,Aug,8,Winter,4.135416666666667
2024-08-08,2024,Aug,8,Winter,4.4526315789473685
2024-08-08,2024,Aug,8,Winter,5.682352941176471
2024-08-08,2024,Aug,8,Winter,6.631578947368421
2024-08-09,2024,Aug,8,Winter,3.447916666666667
2024-08-09,2024,Aug,8,Winter,8.849462365591398
2024-08-09,2024,Aug,8,Winter,8.572916666666666
2024-08-09,2024,Aug,8,Winter,6.957446808510638
2024-08-09,2024,Aug,8,Winter,3.2708333333333326
2024-08-09,2024,Aug,8,Winter,3.5568181818181808
2024-08-09,2024,Aug,8,Winter,6.0
2024-08-10,2024,Aug,8,Winter,10.083333333333334
2024-08-10,2024,Aug,8,Winter,15.770833333333332
2024-08-10,2024,Aug,8,Winter,16.864583333333332
2024-08-10,2024,Aug,8,Winter,12.0
2024-08-10,2024,Aug,8,Winter,12.885416666666668
2024-08-10,2024,Aug,8,Winter,10.43956043956044
2024-08-10,2024,Aug,8,Winter,7.157894736842105
2024-08-11,2024,Aug,8,Winter,16.645833333333332
2024-08-11,2024,Aug,8,Winter,19.336956521739133
2024-08-11,2024,Aug,8,Winter,19.03125
2024-08-11,2024,Aug,8,Winter,13.88541666666666
2024-08-11,2024,Aug,8,Winter,13.53125
2024-08-11,2024,Aug,8,Winter,4.0
2024-08-11,2024,Aug,8,Winter,8.399999999999999
2024-08-12,2024,Aug,8,Winter,9.385416666666666
2024-08-12,2024,Aug,8,Winter,14.842105263157896
2024-08-12,2024,Aug,8,Winter,14.90625
2024-08-12,2024,Aug,8,Winter,3.0
2024-08-12,2024,Aug,8,Winter,14.291666666666666
2024-08-12,2024,Aug,8,Winter,7.193181818181821
2024-08-12,2024,Aug,8,Winter,8.229166666666668
2024-08-13,2024,Aug,8,Winter,15.1875
2024-08-13,2024,Aug,8,Winter,16.757894736842104
2024-08-13,2024,Aug,8,Winter,16.105263157894733
2024-08-13,2024,Aug,8,Winter,16.51612903225807
2024-08-13,2024,Aug,8,Winter,13.884210526315794
2024-08-13,2024,Aug,8,Winter,13.02272727272727
2024-08-13,2024,Aug,8,Winter,12.927083333333336
2024-08-13,2024,Aug,8,Winter,5.945454545454546
2024-08-14,2024,Aug,8,Winter,11.21052631578947
2024-08-14,2024,Aug,8,Winter,11.59375
2024-08-14,2024,Aug,8,Winter,10.041666666666666
2024-08-14,2024,Aug,8,Winter,8.684210526315791
2024-08-14,2024,Aug,8,Winter,8.5
2024-08-14,2024,Aug,8,Winter,10.230769230769234
2024-08-14,2024,Aug,8,Winter,8.851063829787233
2024-08-14,2024,Aug,8,Winter,7.53125
2024-08-15,2024,Aug,8,Winter,3.90625
2024-08-15,2024,Aug,8,Winter,8.096774193548388
2024-08-15,2024,Aug,8,Winter,8.552083333333334
2024-08-15,2024,Aug,8,Winter,5.666666666666668
2024-08-15,2024,Aug,8,Winter,9.0
2024-08-15,2024,Aug,8,Winter,9.0
2024-08-15,2024,Aug,8,Winter,6.072916666666666
2024-08-15,2024,Aug,8,Winter,4.947916666666666
2024-08-16,2024,Aug,8,Winter,4.15625
2024-08-16,2024,Aug,8,Winter,6.052083333333334
2024-08-16,2024,Aug,8,Winter,7.21875
2024-08-16,2024,Aug,8,Winter,4.65625
2024-08-16,2024,Aug,8,Winter,9.020833333333332
2024-08-16,2024,Aug,8,Winter,5.98936170212766
2024-08-16,2024,Aug,8,Winter,3.895833333333336
2024-08-16,2024,Aug,8,Winter,3.864583333333333
2024-08-17,2024,Aug,8,Winter,2.864583333333333
2024-08-17,2024,Aug,8,Winter,6.9375
2024-08-17,2024,Aug,8,Winter,5.178947368421055
2024-08-17,2024,Aug,8,Winter,2.0421052631578958
2024-08-17,2024,Aug,8,Winter,2.4947368421052643
2024-08-17,2024,Aug,8,Winter,3.734939759036144
2024-08-17,2024,Aug,8,Winter,1.065217391304348
2024-08-17,2024,Aug,8,Winter,3.1666666666666674
2024-08-18,2024,Aug,8,Winter,6.208333333333334
2024-08-18,2024,Aug,8,Winter,9.229166666666668
2024-08-18,2024,Aug,8,Winter,8.291666666666666
2024-08-18,2024,Aug,8,Winter,3.5157894736842104
2024-08-18,2024,Aug,8,Winter,3.2604166666666643
2024-08-18,2024,Aug,8,Winter,7.0
2024-08-18,2024,Aug,8,Winter,3.645161290322581
2024-08-18,2024,Aug,8,Winter,5.726315789473683
2024-08-19,2024,Aug,8,Winter,18.92708333333334
2024-08-19,2024,Aug,8,Winter,22.157894736842117
2024-08-19,2024,Aug,8,Winter,19.510416666666664
2024-08-19,2024,Aug,8,Winter,20.010416666666664
2024-08-19,2024,Aug,8,Winter,17.178947368421053
2024-08-19,2024,Aug,8,Winter,24.731182795698924
2024-08-19,2024,Aug,8,Winter,12.568421052631574
2024-08-19,2024,Aug,8,Winter,16.80208333333334
2024-08-20,2024,Aug,8,Winter,2.8125
2024-08-20,2024,Aug,8,Winter,5.442105263157894
2024-08-20,2024,Aug,8,Winter,5.604166666666667
2024-08-20,2024,Aug,8,Winter,3.221052631578947
2024-08-20,2024,Aug,8,Winter,14.0
2024-08-20,2024,Aug,8,Winter,6.36170212765957
2024-08-20,2024,Aug,8,Winter,3.0
2024-08-20,2024,Aug,8,Winter,2.875
2024-08-21,2024,Aug,8,Winter,1.3645833333333337
2024-08-21,2024,Aug,8,Winter,2.926315789473685
2024-08-21,2024,Aug,8,Winter,5.916666666666667
2024-08-21,2024,Aug,8,Winter,2.021276595744681
2024-08-21,2024,Aug,8,Winter,3.75
2024-08-21,2024,Aug,8,Winter,1.6
2024-08-21,2024,Aug,8,Winter,1.827956989247312
2024-08-21,2024,Aug,8,Winter,2.270833333333333
2024-08-22,2024,Aug,8,Winter,0.59375
2024-08-22,2024,Aug,8,Winter,2.2989690721649483
2024-08-22,2024,Aug,8,Winter,4.610526315789476
2024-08-22,2024,Aug,8,Winter,1.0
2024-08-22,2024,Aug,8,Winter,2.0631578947368423
2024-08-22,2024,Aug,8,Winter,2.711111111111112
2024-08-22,2024,Aug,8,Winter,2.0
2024-08-22,2024,Aug,8,Winter,1.84375
2024-08-23,2024,Aug,8,Winter,1.3125
2024-08-23,2024,Aug,8,Winter,4.308510638297872
2024-08-23,2024,Aug,8,Winter,5.583333333333335
2024-08-23,2024,Aug,8,Winter,0.8210526315789463
2024-08-23,2024,Aug,8,Winter,3.3541666666666665
2024-08-23,2024,Aug,8,Winter,4.35483870967742
2024-08-23,2024,Aug,8,Winter,1.7613636363636362
2024-08-23,2024,Aug,8,Winter,2.177083333333333
2024-08-24,2024,Aug,8,Winter,1.96875
2024-08-24,2024,Aug,8,Winter,4.239583333333336
2024-08-24,2024,Aug,8,Winter,6.635416666666671
2024-08-24,2024,Aug,8,Winter,2.083333333333334
2024-08-24,2024,Aug,8,Winter,1.957894736842104
2024-08-24,2024,Aug,8,Winter,4.284210526315787
2024-08-24,2024,Aug,8,Winter,1.923076923076923
2024-08-24,2024,Aug,8,Winter,2.34375
2024-08-25,2024,Aug,8,Winter,1.3854166666666667
2024-08-25,2024,Aug,8,Winter,2.726315789473684
2024-08-25,2024,Aug,8,Winter,3.8541666666666665
2024-08-25,2024,Aug,8,Winter,3.8645833333333335
2024-08-25,2024,Aug,8,Winter,2.041666666666667
2024-08-25,2024,Aug,8,Winter,4.25
2024-08-25,2024,Aug,8,Winter,1.755555555555555
2024-08-25,2024,Aug,8,Winter,2.104166666666666
2024-08-26,2024,Aug,8,Winter,0.3125
2024-08-26,2024,Aug,8,Winter,1.4631578947368424
2024-08-26,2024,Aug,8,Winter,2.5729166666666665
2024-08-26,2024,Aug,8,Winter,0.1827956989247309
2024-08-26,2024,Aug,8,Winter,1.1979166666666663
2024-08-26,2024,Aug,8,Winter,2.2417582417582422
2024-08-26,2024,Aug,8,Winter,1.0421052631578946
2024-08-26,2024,Aug,8,Winter,1.3958333333333337
2024-08-27,2024,Aug,8,Winter,0.2083333333333331
2024-08-27,2024,Aug,8,Winter,1.8645833333333333
2024-08-27,2024,Aug,8,Winter,2.484210526315789
2024-08-27,2024,Aug,8,Winter,1.2842105263157897
2024-08-27,2024,Aug,8,Winter,1.4421052631578946
2024-08-27,2024,Aug,8,Winter,1.9438202247191008
2024-08-27,2024,Aug,8,Winter,0.4130434782608694
2024-08-27,2024,Aug,8,Winter,1.15625
2024-08-28,2024,Aug,8,Winter,1.1458333333333324
2024-08-28,2024,Aug,8,Winter,2.8229166666666656
2024-08-28,2024,Aug,8,Winter,3.625
2024-08-28,2024,Aug,8,Winter,0.8333333333333333
2024-08-28,2024,Aug,8,Winter,1.208333333333334
2024-08-28,2024,Aug,8,Winter,1.755555555555556
2024-08-28,2024,Aug,8,Winter,0.0
2024-08-28,2024,Aug,8,Winter,2.2631578947368416
2024-08-29,2024,Aug,8,Winter,2.1666666666666665
2024-08-29,2024,Aug,8,Winter,4.458333333333333
2024-08-29,2024,Aug,8,Winter,5.864583333333333
2024-08-29,2024,Aug,8,Winter,2.104166666666667
2024-08-29,2024,Aug,8,Winter,3.3958333333333357
2024-08-29,2024,Aug,8,Winter,3.609756097560976
2024-08-29,2024,Aug,8,Winter,2.583333333333334
2024-08-29,2024,Aug,8,Winter,2.458333333333334
2024-08-30,2024,Aug,8,Winter,0.9895833333333338
2024-08-30,2024,Aug,8,Winter,2.787234042553192
2024-08-30,2024,Aug,8,Winter,4.958333333333335
2024-08-30,2024,Aug,8,Winter,1.0520833333333337
2024-08-30,2024,Aug,8,Winter,1.625
2024-08-30,2024,Aug,8,Winter,3.734939759036146
2024-08-30,2024,Aug,8,Winter,1.302083333333332
2024-08-30,2024,Aug,8,Winter,1.90625
2024-08-31,2024,Aug,8,Winter,0.7684210526315788
2024-08-31,2024,Aug,8,Winter,1.802083333333333
2024-08-31,2024,Aug,8,Winter,4.489583333333334
2024-08-31,2024,Aug,8,Winter,1.0
2024-08-31,2024,Aug,8,Winter,1.4105263157894732
2024-08-31,2024,Aug,8,Winter,1.9310344827586217
2024-08-31,2024,Aug,8,Winter,1.8958333333333333
2024-08-31,2024,Aug,8,Winter,1.5520833333333333
2024-09-01,2024,Sep,9,Spring,0.53125
2024-09-01,2024,Sep,9,Spring,1.6666666666666667
2024-09-01,2024,Sep,9,Spring,2.884210526315789
2024-09-01,2024,Sep,9,Spring,0.4565217391304347
2024-09-01,2024,Sep,9,Spring,1.3958333333333333
2024-09-01,2024,Sep,9,Spring,2.0107526881720426
2024-09-01,2024,Sep,9,Spring,0.6702127659574468
2024-09-01,2024,Sep,9,Spring,1.34375
2024-09-02,2024,Sep,9,Spring,0.5894736842105273
2024-09-02,2024,Sep,9,Spring,2.6063829787234054
2024-09-02,2024,Sep,9,Spring,3.536842105263157
2024-09-02,2024,Sep,9,Spring,0.6105263157894738
2024-09-02,2024,Sep,9,Spring,2.291666666666668
2024-09-02,2024,Sep,9,Spring,3.193548387096773
2024-09-02,2024,Sep,9,Spring,1.0
2024-09-02,2024,Sep,9,Spring,2.072916666666667
2024-09-03,2024,Sep,9,Spring,2.354166666666667
2024-09-03,2024,Sep,9,Spring,8.305263157894737
2024-09-03,2024,Sep,9,Spring,8.78125
2024-09-03,2024,Sep,9,Spring,0.875
2024-09-03,2024,Sep,9,Spring,4.9375
2024-09-03,2024,Sep,9,Spring,6.239130434782608
2024-09-03,2024,Sep,9,Spring,4.333333333333334
2024-09-03,2024,Sep,9,Spring,4.541666666666669
2024-09-04,2024,Sep,9,Spring,1.7916666666666663
2024-09-04,2024,Sep,9,Spring,4.378947368421053
2024-09-04,2024,Sep,9,Spring,4.96875
2024-09-04,2024,Sep,9,Spring,2.0105263157894733
2024-09-04,2024,Sep,9,Spring,2.6770833333333326
2024-09-04,2024,Sep,9,Spring,3.1123595505617976
2024-09-04,2024,Sep,9,Spring,1.71875
2024-09-04,2024,Sep,9,Spring,1.8020833333333333
2024-09-05,2024,Sep,9,Spring,1.572916666666666
2024-09-05,2024,Sep,9,Spring,6.762886597938142
2024-09-05,2024,Sep,9,Spring,8.168421052631585
2024-09-05,2024,Sep,9,Spring,1.322916666666667
2024-09-05,2024,Sep,9,Spring,3.515789473684212
2024-09-05,2024,Sep,9,Spring,3.548780487804875
2024-09-05,2024,Sep,9,Spring,2.395833333333333
2024-09-05,2024,Sep,9,Spring,4.8958333333333295
2024-09-05,2024,Sep,9,Spring,1.5
2024-09-06,2024,Sep,9,Spring,2.572916666666667
2024-09-06,2024,Sep,9,Spring,6.90625
2024-09-06,2024,Sep,9,Spring,6.864583333333333
2024-09-06,2024,Sep,9,Spring,0.0
2024-09-06,2024,Sep,9,Spring,4.666666666666666
2024-09-06,2024,Sep,9,Spring,1.7472527472527466
2024-09-06,2024,Sep,9,Spring,6.75
2024-09-06,2024,Sep,9,Spring,8.353658536585366
2024-09-06,2024,Sep,9,Spring,8.0
2024-09-06,2024,Sep,9,Spring,4.021052631578948
2024-09-07,2024,Sep,9,Spring,1.1458333333333328
2024-09-07,2024,Sep,9,Spring,3.421052631578948
2024-09-07,2024,Sep,9,Spring,4.135416666666665
2024-09-07,2024,Sep,9,Spring,0.5104166666666667
2024-09-07,2024,Sep,9,Spring,3.1666666666666674
2024-09-07,2024,Sep,9,Spring,0.7916666666666666
2024-09-07,2024,Sep,9,Spring,3.03125
2024-09-07,2024,Sep,9,Spring,6.783505154639173
2024-09-07,2024,Sep,9,Spring,4.135416666666667
2024-09-07,2024,Sep,9,Spring,2.1041666666666665
2024-09-08,2024,Sep,9,Spring,0.34375
2024-09-08,2024,Sep,9,Spring,1.9263157894736844
2024-09-08,2024,Sep,9,Spring,3.599999999999999
2024-09-08,2024,Sep,9,Spring,1.125
2024-09-08,2024,Sep,9,Spring,2.020833333333333
2024-09-08,2024,Sep,9,Spring,1.71875
2024-09-08,2024,Sep,9,Spring,1.145833333333332
2024-09-08,2024,Sep,9,Spring,5.553191489361704
2024-09-08,2024,Sep,9,Spring,0.7052631578947365
2024-09-08,2024,Sep,9,Spring,1.3229166666666663
2024-09-09,2024,Sep,9,Spring,0.53125
2024-09-09,2024,Sep,9,Spring,2.5319148936170217
2024-09-09,2024,Sep,9,Spring,3.34375
2024-09-09,2024,Sep,9,Spring,1.7999999999999998
2024-09-09,2024,Sep,9,Spring,2.852631578947369
2024-09-09,2024,Sep,9,Spring,0.8817204301075263
2024-09-09,2024,Sep,9,Spring,0.4583333333333337
2024-09-09,2024,Sep,9,Spring,2.151162790697674
2024-09-09,2024,Sep,9,Spring,0.7604166666666665
2024-09-09,2024,Sep,9,Spring,1.7708333333333333
2024-09-10,2024,Sep,9,Spring,1.8333333333333333
2024-09-10,2024,Sep,9,Spring,5.125
2024-09-10,2024,Sep,9,Spring,5.578947368421051
2024-09-10,2024,Sep,9,Spring,1.6979166666666663
2024-09-10,2024,Sep,9,Spring,3.655913978494624
2024-09-10,2024,Sep,9,Spring,3.175824175824176
2024-09-10,2024,Sep,9,Spring,3.43157894736842
2024-09-10,2024,Sep,9,Spring,5.5
2024-09-10,2024,Sep,9,Spring,2.0
2024-09-10,2024,Sep,9,Spring,2.71875
2024-09-11,2024,Sep,9,Spring,9.072916666666664
2024-09-11,2024,Sep,9,Spring,10.326315789473682
2024-09-11,2024,Sep,9,Spring,9.610526315789471
2024-09-11,2024,Sep,9,Spring,12.291666666666664
2024-09-11,2024,Sep,9,Spring,9.29032258064516
2024-09-11,2024,Sep,9,Spring,4.463157894736844
2024-09-11,2024,Sep,9,Spring,7.78125
2024-09-11,2024,Sep,9,Spring,4.840425531914894
2024-09-11,2024,Sep,9,Spring,4.053191489361704
2024-09-11,2024,Sep,9,Spring,6.854166666666668
2024-09-12,2024,Sep,9,Spring,0.0421052631578947
2024-09-12,2024,Sep,9,Spring,4.208333333333336
2024-09-12,2024,Sep,9,Spring,2.59375
2024-09-12,2024,Sep,9,Spring,0.8958333333333326
2024-09-12,2024,Sep,9,Spring,2.802083333333333
2024-09-12,2024,Sep,9,Spring,4.0
2024-09-12,2024,Sep,9,Spring,0.6458333333333331
2024-09-12,2024,Sep,9,Spring,3.1954022988505724
2024-09-12,2024,Sep,9,Spring,1.4479166666666663
2024-09-12,2024,Sep,9,Spring,1.4375
2024-09-13,2024,Sep,9,Spring,1.051546391752577
2024-09-13,2024,Sep,9,Spring,4.389473684210524
2024-09-13,2024,Sep,9,Spring,4.2210526315789485
2024-09-13,2024,Sep,9,Spring,17.875
2024-09-13,2024,Sep,9,Spring,3.28125
2024-09-13,2024,Sep,9,Spring,2.75
2024-09-13,2024,Sep,9,Spring,1.4270833333333337
2024-09-13,2024,Sep,9,Spring,2.5684210526315794
2024-09-13,2024,Sep,9,Spring,1.125
2024-09-13,2024,Sep,9,Spring,2.395833333333333
2024-09-14,2024,Sep,9,Spring,0.1894736842105264
2024-09-14,2024,Sep,9,Spring,3.03125
2024-09-14,2024,Sep,9,Spring,2.833333333333333
2024-09-14,2024,Sep,9,Spring,29.73684210526318
2024-09-14,2024,Sep,9,Spring,2.747368421052632
2024-09-14,2024,Sep,9,Spring,0.0
2024-09-14,2024,Sep,9,Spring,2.2291666666666665
2024-09-14,2024,Sep,9,Spring,2.75
2024-09-14,2024,Sep,9,Spring,0.9157894736842108
2024-09-14,2024,Sep,9,Spring,1.5104166666666667
2024-09-15,2024,Sep,9,Spring,0.0416666666666667
2024-09-15,2024,Sep,9,Spring,2.073684210526315
2024-09-15,2024,Sep,9,Spring,1.5957446808510636
2024-09-15,2024,Sep,9,Spring,1.0
2024-09-15,2024,Sep,9,Spring,2.298850574712643
2024-09-15,2024,Sep,9,Spring,0.1789473684210525
2024-09-15,2024,Sep,9,Spring,1.126315789473684
2024-09-15,2024,Sep,9,Spring,0.8842105263157888
2024-09-15,2024,Sep,9,Spring,0.0
2024-09-15,2024,Sep,9,Spring,1.2291666666666663
2024-09-16,2024,Sep,9,Spring,0.7395833333333336
2024-09-16,2024,Sep,9,Spring,2.378947368421053
2024-09-16,2024,Sep,9,Spring,2.3541666666666665
2024-09-16,2024,Sep,9,Spring,1.0
2024-09-16,2024,Sep,9,Spring,2.340909090909092
2024-09-16,2024,Sep,9,Spring,0.2708333333333333
2024-09-16,2024,Sep,9,Spring,0.5416666666666664
2024-09-16,2024,Sep,9,Spring,2.641304347826088
2024-09-16,2024,Sep,9,Spring,1.6631578947368424
2024-09-16,2024,Sep,9,Spring,1.5578947368421054
2024-09-17,2024,Sep,9,Spring,1.03125
2024-09-17,2024,Sep,9,Spring,6.2580645161290365
2024-09-17,2024,Sep,9,Spring,4.65263157894737
2024-09-17,2024,Sep,9,Spring,1.0
2024-09-17,2024,Sep,9,Spring,4.705128205128206
2024-09-17,2024,Sep,9,Spring,1.0
2024-09-17,2024,Sep,9,Spring,0.0
2024-09-17,2024,Sep,9,Spring,2.56043956043956
2024-09-17,2024,Sep,9,Spring,1.621052631578947
2024-09-17,2024,Sep,9,Spring,2.4479166666666674
2024-09-18,2024,Sep,9,Spring,1.1354166666666663
2024-09-18,2024,Sep,9,Spring,3.3645833333333357
2024-09-18,2024,Sep,9,Spring,4.021052631578948
2024-09-18,2024,Sep,9,Spring,1.810526315789473
2024-09-18,2024,Sep,9,Spring,2.7746478873239435
2024-09-18,2024,Sep,9,Spring,1.0224719101123596
2024-09-18,2024,Sep,9,Spring,1.4791666666666667
2024-09-18,2024,Sep,9,Spring,3.464285714285713
2024-09-18,2024,Sep,9,Spring,2.125
2024-09-18,2024,Sep,9,Spring,2.03125
2024-09-19,2024,Sep,9,Spring,1.15625
2024-09-19,2024,Sep,9,Spring,2.114583333333333
2024-09-19,2024,Sep,9,Spring,2.8315789473684214
2024-09-19,2024,Sep,9,Spring,3.291666666666667
2024-09-19,2024,Sep,9,Spring,2.247058823529412
2024-09-19,2024,Sep,9,Spring,0.8541666666666666
2024-09-19,2024,Sep,9,Spring,1.252631578947368
2024-09-19,2024,Sep,9,Spring,3.175824175824176
2024-09-19,2024,Sep,9,Spring,1.0434782608695652
2024-09-19,2024,Sep,9,Spring,1.6875
2024-09-20,2024,Sep,9,Spring,0.9684210526315792
2024-09-20,2024,Sep,9,Spring,3.21875
2024-09-20,2024,Sep,9,Spring,4.56842105263158
2024-09-20,2024,Sep,9,Spring,2.0
2024-09-20,2024,Sep,9,Spring,2.7307692307692317
2024-09-20,2024,Sep,9,Spring,1.2391304347826089
2024-09-20,2024,Sep,9,Spring,1.2083333333333328
2024-09-20,2024,Sep,9,Spring,3.636363636363636
2024-09-20,2024,Sep,9,Spring,0.7741935483870969
2024-09-20,2024,Sep,9,Spring,1.6458333333333337
2024-09-21,2024,Sep,9,Spring,0.9270833333333328
2024-09-21,2024,Sep,9,Spring,2.125
2024-09-21,2024,Sep,9,Spring,3.53125
2024-09-21,2024,Sep,9,Spring,1.2604166666666663
2024-09-21,2024,Sep,9,Spring,2.648648648648648
2024-09-21,2024,Sep,9,Spring,0.4791666666666661
2024-09-21,2024,Sep,9,Spring,0.59375
2024-09-21,2024,Sep,9,Spring,1.8229166666666667
2024-09-21,2024,Sep,9,Spring,0.7021276595744679
2024-09-21,2024,Sep,9,Spring,1.4895833333333337
2024-09-22,2024,Sep,9,Spring,0.5416666666666666
2024-09-22,2024,Sep,9,Spring,1.4623655913978495
2024-09-22,2024,Sep,9,Spring,3.28125
2024-09-22,2024,Sep,9,Spring,1.4166666666666663
2024-09-22,2024,Sep,9,Spring,1.2727272727272727
2024-09-22,2024,Sep,9,Spring,0.8125
2024-09-22,2024,Sep,9,Spring,0.8229166666666663
2024-09-22,2024,Sep,9,Spring,6.852631578947373
2024-09-22,2024,Sep,9,Spring,0.1428571428571428
2024-09-22,2024,Sep,9,Spring,1.302083333333333
2024-09-23,2024,Sep,9,Spring,0.6354166666666664
2024-09-23,2024,Sep,9,Spring,3.625
2024-09-23,2024,Sep,9,Spring,3.0833333333333326
2024-09-23,2024,Sep,9,Spring,1.5684210526315794
2024-09-23,2024,Sep,9,Spring,1.8
2024-09-23,2024,Sep,9,Spring,0.9895833333333334
2024-09-23,2024,Sep,9,Spring,1.53125
2024-09-23,2024,Sep,9,Spring,11.065217391304335
2024-09-23,2024,Sep,9,Spring,0.7578947368421053
2024-09-23,2024,Sep,9,Spring,1.6875
2024-09-24,2024,Sep,9,Spring,4.65625
2024-09-24,2024,Sep,9,Spring,7.393617021276595
2024-09-24,2024,Sep,9,Spring,8.063157894736841
2024-09-24,2024,Sep,9,Spring,5.21875
2024-09-24,2024,Sep,9,Spring,3.5
2024-09-24,2024,Sep,9,Spring,1.5789473684210529
2024-09-24,2024,Sep,9,Spring,3.0421052631578944
2024-09-24,2024,Sep,9,Spring,4.827956989247312
2024-09-24,2024,Sep,9,Spring,2.2526315789473683
2024-09-24,2024,Sep,9,Spring,7.01041666666667
2024-09-24,2024,Sep,9,Spring,0.0
2024-09-25,2024,Sep,9,Spring,2.53125
2024-09-25,2024,Sep,9,Spring,8.083333333333332
2024-09-25,2024,Sep,9,Spring,6.652631578947368
2024-09-25,2024,Sep,9,Spring,3.652631578947368
2024-09-25,2024,Sep,9,Spring,4.63157894736842
2024-09-25,2024,Sep,9,Spring,4.8125
2024-09-25,2024,Sep,9,Spring,7.692307692307694
2024-09-25,2024,Sep,9,Spring,5.276595744680853
2024-09-25,2024,Sep,9,Spring,4.28421052631579
2024-09-26,2024,Sep,9,Spring,0.8947368421052635
2024-09-26,2024,Sep,9,Spring,4.3125
2024-09-26,2024,Sep,9,Spring,3.6979166666666665
2024-09-26,2024,Sep,9,Spring,1.09375
2024-09-26,2024,Sep,9,Spring,1.604166666666667
2024-09-26,2024,Sep,9,Spring,1.166666666666668
2024-09-26,2024,Sep,9,Spring,1.6022727272727275
2024-09-26,2024,Sep,9,Spring,3.1224489795918364
2024-09-26,2024,Sep,9,Spring,2.135416666666667
2024-09-26,2024,Sep,9,Spring,1.0833333333333337
2024-09-27,2024,Sep,9,Spring,5.520833333333333
2024-09-27,2024,Sep,9,Spring,7.204301075268813
2024-09-27,2024,Sep,9,Spring,6.135416666666667
2024-09-27,2024,Sep,9,Spring,0.4479166666666664
2024-09-27,2024,Sep,9,Spring,3.052083333333334
2024-09-27,2024,Sep,9,Spring,4.927083333333331
2024-09-27,2024,Sep,9,Spring,4.402173913043479
2024-09-27,2024,Sep,9,Spring,3.595744680851064
2024-09-27,2024,Sep,9,Spring,3.989583333333333
2024-09-27,2024,Sep,9,Spring,2.6875
2024-09-28,2024,Sep,9,Spring,5.916666666666671
2024-09-28,2024,Sep,9,Spring,5.347368421052629
2024-09-28,2024,Sep,9,Spring,8.0625
2024-09-28,2024,Sep,9,Spring,3.621052631578947
2024-09-28,2024,Sep,9,Spring,6.210526315789471
2024-09-28,2024,Sep,9,Spring,8.659574468085104
2024-09-28,2024,Sep,9,Spring,3.182795698924731
2024-09-28,2024,Sep,9,Spring,10.666666666666664
2024-09-28,2024,Sep,9,Spring,5.072916666666671
2024-09-28,2024,Sep,9,Spring,4.4270833333333295
2024-09-29,2024,Sep,9,Spring,2.333333333333336
2024-09-29,2024,Sep,9,Spring,3.157894736842104
2024-09-29,2024,Sep,9,Spring,4.65263157894737
2024-09-29,2024,Sep,9,Spring,2.791666666666665
2024-09-29,2024,Sep,9,Spring,0.6631578947368425
2024-09-29,2024,Sep,9,Spring,1.0
2024-09-29,2024,Sep,9,Spring,2.03125
2024-09-29,2024,Sep,9,Spring,1.0
2024-09-29,2024,Sep,9,Spring,2.5625
2024-09-29,2024,Sep,9,Spring,1.4947368421052645
2024-09-30,2024,Sep,9,Spring,4.125
2024-09-30,2024,Sep,9,Spring,5.375
2024-09-30,2024,Sep,9,Spring,5.40625
2024-09-30,2024,Sep,9,Spring,5.177083333333335
2024-09-30,2024,Sep,9,Spring,0.7291666666666666
2024-09-30,2024,Sep,9,Spring,1.2083333333333333
2024-09-30,2024,Sep,9,Spring,11.247311827956988
2024-09-30,2024,Sep,9,Spring,1.574468085106383
2024-09-30,2024,Sep,9,Spring,4.020833333333332
2024-09-30,2024,Sep,9,Spring,2.75
2024-10-01,2024,Oct,10,Spring,3.1684210526315795
2024-10-01,2024,Oct,10,Spring,5.3510638297872335
2024-10-01,2024,Oct,10,Spring,5.010416666666667
2024-10-01,2024,Oct,10,Spring,3.583333333333334
2024-10-01,2024,Oct,10,Spring,0.6979166666666665
2024-10-01,2024,Oct,10,Spring,1.697916666666667
2024-10-01,2024,Oct,10,Spring,3.606382978723405
2024-10-01,2024,Oct,10,Spring,7.459770114942529
2024-10-01,2024,Oct,10,Spring,3.1875
2024-10-01,2024,Oct,10,Spring,1.8958333333333328
2024-10-02,2024,Oct,10,Spring,2.094736842105263
2024-10-02,2024,Oct,10,Spring,7.14736842105263
2024-10-02,2024,Oct,10,Spring,6.8125
2024-10-02,2024,Oct,10,Spring,3.822916666666667
2024-10-02,2024,Oct,10,Spring,1.3720930232558135
2024-10-02,2024,Oct,10,Spring,2.895833333333333
2024-10-02,2024,Oct,10,Spring,4.141176470588236
2024-10-02,2024,Oct,10,Spring,3.0
2024-10-02,2024,Oct,10,Spring,4.4375
2024-10-02,2024,Oct,10,Spring,2.604166666666666
2024-10-03,2024,Oct,10,Spring,4.416666666666666
2024-10-03,2024,Oct,10,Spring,8.354166666666668
2024-10-03,2024,Oct,10,Spring,10.13684210526316
2024-10-03,2024,Oct,10,Spring,6.425531914893616
2024-10-03,2024,Oct,10,Spring,4.625
2024-10-03,2024,Oct,10,Spring,4.684210526315789
2024-10-03,2024,Oct,10,Spring,7.923913043478259
2024-10-03,2024,Oct,10,Spring,6.056818181818183
2024-10-03,2024,Oct,10,Spring,6.052083333333334
2024-10-03,2024,Oct,10,Spring,5.3125
2024-10-04,2024,Oct,10,Spring,1.385416666666666
2024-10-04,2024,Oct,10,Spring,5.010416666666665
2024-10-04,2024,Oct,10,Spring,5.666666666666667
2024-10-04,2024,Oct,10,Spring,4.302083333333335
2024-10-04,2024,Oct,10,Spring,3.3448275862068964
2024-10-04,2024,Oct,10,Spring,3.09375
2024-10-04,2024,Oct,10,Spring,4.192771084337349
2024-10-04,2024,Oct,10,Spring,3.974683544303795
2024-10-04,2024,Oct,10,Spring,2.894736842105263
2024-10-04,2024,Oct,10,Spring,2.0625
2024-10-05,2024,Oct,10,Spring,0.875
2024-10-05,2024,Oct,10,Spring,3.5104166666666674
2024-10-05,2024,Oct,10,Spring,5.083333333333335
2024-10-05,2024,Oct,10,Spring,3.208333333333333
2024-10-05,2024,Oct,10,Spring,2.052083333333333
2024-10-05,2024,Oct,10,Spring,1.4375
2024-10-05,2024,Oct,10,Spring,5.263157894736839
2024-10-05,2024,Oct,10,Spring,1.895833333333333
2024-10-05,2024,Oct,10,Spring,1.8020833333333333
2024-10-05,2024,Oct,10,Spring,1.020833333333333
2024-10-06,2024,Oct,10,Spring,1.1413043478260871
2024-10-06,2024,Oct,10,Spring,2.3186813186813198
2024-10-06,2024,Oct,10,Spring,4.739130434782608
2024-10-06,2024,Oct,10,Spring,3.9130434782608696
2024-10-06,2024,Oct,10,Spring,1.065934065934066
2024-10-06,2024,Oct,10,Spring,0.3913043478260873
2024-10-06,2024,Oct,10,Spring,3.943820224719101
2024-10-06,2024,Oct,10,Spring,1.717391304347826
2024-10-06,2024,Oct,10,Spring,2.097826086956521
2024-10-06,2024,Oct,10,Spring,1.1847826086956526
2024-10-07,2024,Oct,10,Spring,0.7684210526315788
2024-10-07,2024,Oct,10,Spring,3.073684210526315
2024-10-07,2024,Oct,10,Spring,3.552083333333333
2024-10-07,2024,Oct,10,Spring,2.294736842105264
2024-10-07,2024,Oct,10,Spring,1.642105263157895
2024-10-07,2024,Oct,10,Spring,2.5
2024-10-07,2024,Oct,10,Spring,2.67032967032967
2024-10-07,2024,Oct,10,Spring,2.135416666666667
2024-10-07,2024,Oct,10,Spring,2.416666666666667
2024-10-07,2024,Oct,10,Spring,1.2395833333333337
2024-10-08,2024,Oct,10,Spring,0.0
2024-10-08,2024,Oct,10,Spring,2.0625
2024-10-08,2024,Oct,10,Spring,1.9574468085106376
2024-10-08,2024,Oct,10,Spring,2.0
2024-10-08,2024,Oct,10,Spring,1.0
2024-10-08,2024,Oct,10,Spring,1.4421052631578943
2024-10-08,2024,Oct,10,Spring,0.7882352941176465
2024-10-08,2024,Oct,10,Spring,1.0
2024-10-08,2024,Oct,10,Spring,1.1979166666666663
2024-10-08,2024,Oct,10,Spring,0.1041666666666666
2024-10-09,2024,Oct,10,Spring,1.6875
2024-10-09,2024,Oct,10,Spring,5.010526315789472
2024-10-09,2024,Oct,10,Spring,5.75
2024-10-09,2024,Oct,10,Spring,0.0
2024-10-09,2024,Oct,10,Spring,2.073684210526315
2024-10-09,2024,Oct,10,Spring,2.7291666666666656
2024-10-09,2024,Oct,10,Spring,3.744444444444447
2024-10-09,2024,Oct,10,Spring,3.1263157894736846
2024-10-09,2024,Oct,10,Spring,2.7291666666666674
2024-10-09,2024,Oct,10,Spring,1.884210526315789
2024-10-10,2024,Oct,10,Spring,1.09375
2024-10-10,2024,Oct,10,Spring,4.677083333333335
2024-10-10,2024,Oct,10,Spring,4.052083333333334
2024-10-10,2024,Oct,10,Spring,1.8723404255319132
2024-10-10,2024,Oct,10,Spring,2.747368421052632
2024-10-10,2024,Oct,10,Spring,2.4583333333333326
2024-10-10,2024,Oct,10,Spring,4.141176470588236
2024-10-10,2024,Oct,10,Spring,2.505263157894736
2024-10-10,2024,Oct,10,Spring,2.895833333333333
2024-10-10,2024,Oct,10,Spring,1.739583333333333
2024-10-11,2024,Oct,10,Spring,1.0833333333333333
2024-10-11,2024,Oct,10,Spring,6.094736842105263
2024-10-11,2024,Oct,10,Spring,4.947368421052632
2024-10-11,2024,Oct,10,Spring,4.833333333333335
2024-10-11,2024,Oct,10,Spring,2.7906976744186047
2024-10-11,2024,Oct,10,Spring,2.0
2024-10-11,2024,Oct,10,Spring,3.3033707865168536
2024-10-11,2024,Oct,10,Spring,1.5052631578947364
2024-10-11,2024,Oct,10,Spring,3.1666666666666665
2024-10-11,2024,Oct,10,Spring,1.5520833333333337
2024-10-12,2024,Oct,10,Spring,3.0729166666666665
2024-10-12,2024,Oct,10,Spring,5.978947368421054
2024-10-12,2024,Oct,10,Spring,5.09375
2024-10-12,2024,Oct,10,Spring,2.905263157894737
2024-10-12,2024,Oct,10,Spring,1.818181818181818
2024-10-12,2024,Oct,10,Spring,2.0
2024-10-12,2024,Oct,10,Spring,3.764044943820225
2024-10-12,2024,Oct,10,Spring,5.322916666666667
2024-10-12,2024,Oct,10,Spring,3.427083333333333
2024-10-12,2024,Oct,10,Spring,1.7916666666666667
2024-10-13,2024,Oct,10,Spring,2.1458333333333326
2024-10-13,2024,Oct,10,Spring,5.052631578947367
2024-10-13,2024,Oct,10,Spring,6.778947368421052
2024-10-13,2024,Oct,10,Spring,3.520833333333333
2024-10-13,2024,Oct,10,Spring,6.43157894736842
2024-10-13,2024,Oct,10,Spring,1.9361702127659572
2024-10-13,2024,Oct,10,Spring,4.0
2024-10-13,2024,Oct,10,Spring,2.9791666666666656
2024-10-13,2024,Oct,10,Spring,3.8541666666666656
2024-10-13,2024,Oct,10,Spring,2.916666666666666
2024-10-14,2024,Oct,10,Spring,3.6041666666666674
2024-10-14,2024,Oct,10,Spring,6.298969072164947
2024-10-14,2024,Oct,10,Spring,6.208333333333332
2024-10-14,2024,Oct,10,Spring,3.875
2024-10-14,2024,Oct,10,Spring,4.125
2024-10-14,2024,Oct,10,Spring,4.041666666666666
2024-10-14,2024,Oct,10,Spring,5.840909090909091
2024-10-14,2024,Oct,10,Spring,3.43157894736842
2024-10-14,2024,Oct,10,Spring,5.378947368421053
2024-10-14,2024,Oct,10,Spring,3.458333333333334
2024-10-15,2024,Oct,10,Spring,4.34375
2024-10-15,2024,Oct,10,Spring,5.9157894736842085
2024-10-15,2024,Oct,10,Spring,5.677419354838709
2024-10-15,2024,Oct,10,Spring,5.385416666666667
2024-10-15,2024,Oct,10,Spring,4.242105263157894
2024-10-15,2024,Oct,10,Spring,6.802083333333334
2024-10-15,2024,Oct,10,Spring,4.651685393258427
2024-10-15,2024,Oct,10,Spring,5.0
2024-10-15,2024,Oct,10,Spring,4.375
2024-10-15,2024,Oct,10,Spring,2.864583333333333
2024-10-16,2024,Oct,10,Spring,1.21875
2024-10-16,2024,Oct,10,Spring,4.150537634408604
2024-10-16,2024,Oct,10,Spring,4.768421052631577
2024-10-16,2024,Oct,10,Spring,3.0
2024-10-16,2024,Oct,10,Spring,3.0531914893617027
2024-10-16,2024,Oct,10,Spring,2.4479166666666674
2024-10-16,2024,Oct,10,Spring,5.0
2024-10-16,2024,Oct,10,Spring,3.34375
2024-10-16,2024,Oct,10,Spring,2.708333333333333
2024-10-16,2024,Oct,10,Spring,1.8333333333333337
2024-10-17,2024,Oct,10,Spring,2.2395833333333326
2024-10-17,2024,Oct,10,Spring,4.427083333333333
2024-10-17,2024,Oct,10,Spring,5.08421052631579
2024-10-17,2024,Oct,10,Spring,3.694736842105263
2024-10-17,2024,Oct,10,Spring,3.602150537634408
2024-10-17,2024,Oct,10,Spring,2.40625
2024-10-17,2024,Oct,10,Spring,4.111111111111111
2024-10-17,2024,Oct,10,Spring,2.666666666666667
2024-10-17,2024,Oct,10,Spring,3.302083333333333
2024-10-17,2024,Oct,10,Spring,2.572916666666667
2024-10-18,2024,Oct,10,Spring,1.1354166666666667
2024-10-18,2024,Oct,10,Spring,5.604166666666666
2024-10-18,2024,Oct,10,Spring,5.315789473684212
2024-10-18,2024,Oct,10,Spring,1.8333333333333328
2024-10-18,2024,Oct,10,Spring,2.6704545454545445
2024-10-18,2024,Oct,10,Spring,1.600000000000002
2024-10-18,2024,Oct,10,Spring,3.724137931034482
2024-10-18,2024,Oct,10,Spring,4.2736842105263175
2024-10-18,2024,Oct,10,Spring,3.53125
2024-10-18,2024,Oct,10,Spring,2.2210526315789467
2024-10-19,2024,Oct,10,Spring,0.8854166666666666
2024-10-19,2024,Oct,10,Spring,3.956989247311831
2024-10-19,2024,Oct,10,Spring,2.989583333333332
2024-10-19,2024,Oct,10,Spring,4.385416666666666
2024-10-19,2024,Oct,10,Spring,1.0
2024-10-19,2024,Oct,10,Spring,0.9270833333333331
2024-10-19,2024,Oct,10,Spring,2.6279069767441863
2024-10-19,2024,Oct,10,Spring,2.28125
2024-10-19,2024,Oct,10,Spring,1.75
2024-10-19,2024,Oct,10,Spring,0.4583333333333332
2024-10-20,2024,Oct,10,Spring,0.9375
2024-10-20,2024,Oct,10,Spring,3.4631578947368418
2024-10-20,2024,Oct,10,Spring,3.2291666666666674
2024-10-20,2024,Oct,10,Spring,2.625
2024-10-20,2024,Oct,10,Spring,1.0
2024-10-20,2024,Oct,10,Spring,2.810526315789473
2024-10-20,2024,Oct,10,Spring,2.1157894736842104
2024-10-20,2024,Oct,10,Spring,1.1458333333333337
2024-10-20,2024,Oct,10,Spring,2.416666666666666
2024-10-20,2024,Oct,10,Spring,0.8020833333333335
2024-10-21,2024,Oct,10,Spring,6.736842105263162
2024-10-21,2024,Oct,10,Spring,9.947368421052632
2024-10-21,2024,Oct,10,Spring,9.90625
2024-10-21,2024,Oct,10,Spring,8.957894736842109
2024-10-21,2024,Oct,10,Spring,5.763440860215057
2024-10-21,2024,Oct,10,Spring,4.604166666666666
2024-10-21,2024,Oct,10,Spring,11.288888888888888
2024-10-21,2024,Oct,10,Spring,6.583333333333332
2024-10-21,2024,Oct,10,Spring,7.78125
2024-10-21,2024,Oct,10,Spring,6.5
2024-10-22,2024,Oct,10,Spring,4.885416666666667
2024-10-22,2024,Oct,10,Spring,9.463917525773194
2024-10-22,2024,Oct,10,Spring,8.680851063829788
2024-10-22,2024,Oct,10,Spring,9.458333333333332
2024-10-22,2024,Oct,10,Spring,7.531914893617021
2024-10-22,2024,Oct,10,Spring,4.873684210526315
2024-10-22,2024,Oct,10,Spring,8.550561797752811
2024-10-22,2024,Oct,10,Spring,8.520833333333332
2024-10-22,2024,Oct,10,Spring,7.395833333333335
2024-10-22,2024,Oct,10,Spring,6.145833333333334
2024-10-23,2024,Oct,10,Spring,2.25
2024-10-23,2024,Oct,10,Spring,5.329787234042553
2024-10-23,2024,Oct,10,Spring,5.177083333333334
2024-10-23,2024,Oct,10,Spring,4.072916666666667
2024-10-23,2024,Oct,10,Spring,3.483146067415729
2024-10-23,2024,Oct,10,Spring,4.479166666666666
2024-10-23,2024,Oct,10,Spring,6.117647058823526
2024-10-23,2024,Oct,10,Spring,4.294736842105261
2024-10-23,2024,Oct,10,Spring,3.63157894736842
2024-10-23,2024,Oct,10,Spring,1.8229166666666663
2024-10-24,2024,Oct,10,Spring,0.7708333333333333
2024-10-24,2024,Oct,10,Spring,2.770833333333333
2024-10-24,2024,Oct,10,Spring,2.90625
2024-10-24,2024,Oct,10,Spring,1.6041666666666667
2024-10-24,2024,Oct,10,Spring,1.7608695652173918
2024-10-24,2024,Oct,10,Spring,1.7708333333333317
2024-10-24,2024,Oct,10,Spring,6.100000000000002
2024-10-24,2024,Oct,10,Spring,1.5625
2024-10-24,2024,Oct,10,Spring,1.8229166666666667
2024-10-24,2024,Oct,10,Spring,0.59375
2024-10-25,2024,Oct,10,Spring,1.458333333333334
2024-10-25,2024,Oct,10,Spring,2.795698924731182
2024-10-25,2024,Oct,10,Spring,2.25
2024-10-25,2024,Oct,10,Spring,1.0
2024-10-25,2024,Oct,10,Spring,0.9222222222222222
2024-10-25,2024,Oct,10,Spring,1.208333333333333
2024-10-25,2024,Oct,10,Spring,0.930232558139535
2024-10-25,2024,Oct,10,Spring,0.84375
2024-10-25,2024,Oct,10,Spring,1.2604166666666663
2024-10-25,2024,Oct,10,Spring,0.0625
2024-10-26,2024,Oct,10,Spring,3.052083333333333
2024-10-26,2024,Oct,10,Spring,3.0526315789473677
2024-10-26,2024,Oct,10,Spring,4.957446808510638
2024-10-26,2024,Oct,10,Spring,1.4421052631578943
2024-10-26,2024,Oct,10,Spring,0.6888888888888889
2024-10-26,2024,Oct,10,Spring,0.3020833333333336
2024-10-26,2024,Oct,10,Spring,2.50561797752809
2024-10-26,2024,Oct,10,Spring,0.8541666666666667
2024-10-26,2024,Oct,10,Spring,1.5578947368421052
2024-10-26,2024,Oct,10,Spring,0.5208333333333334
2024-10-27,2024,Oct,10,Spring,1.385416666666667
2024-10-27,2024,Oct,10,Spring,2.3645833333333326
2024-10-27,2024,Oct,10,Spring,2.436170212765957
2024-10-27,2024,Oct,10,Spring,1.65625
2024-10-27,2024,Oct,10,Spring,0.2087912087912087
2024-10-27,2024,Oct,10,Spring,1.326315789473684
2024-10-27,2024,Oct,10,Spring,3.397959183673469
2024-10-27,2024,Oct,10,Spring,2.0
2024-10-27,2024,Oct,10,Spring,1.697916666666667
2024-10-27,2024,Oct,10,Spring,0.4631578947368422
2024-10-28,2024,Oct,10,Spring,1.7395833333333337
2024-10-28,2024,Oct,10,Spring,3.231578947368422
2024-10-28,2024,Oct,10,Spring,3.270833333333333
2024-10-28,2024,Oct,10,Spring,3.0
2024-10-28,2024,Oct,10,Spring,1.15625
2024-10-28,2024,Oct,10,Spring,2.239583333333333
2024-10-28,2024,Oct,10,Spring,2.1827956989247306
2024-10-28,2024,Oct,10,Spring,1.936842105263158
2024-10-28,2024,Oct,10,Spring,2.375
2024-10-28,2024,Oct,10,Spring,0.8854166666666667
2024-10-29,2024,Oct,10,Spring,2.0
2024-10-29,2024,Oct,10,Spring,5.104166666666666
2024-10-29,2024,Oct,10,Spring,3.854166666666666
2024-10-29,2024,Oct,10,Spring,2.708333333333333
2024-10-29,2024,Oct,10,Spring,3.510416666666666
2024-10-29,2024,Oct,10,Spring,2.5416666666666665
2024-10-29,2024,Oct,10,Spring,8.348837209302324
2024-10-29,2024,Oct,10,Spring,2.40625
2024-10-29,2024,Oct,10,Spring,3.0729166666666674
2024-10-29,2024,Oct,10,Spring,1.5
2024-10-30,2024,Oct,10,Spring,0.7263157894736838
2024-10-30,2024,Oct,10,Spring,4.010416666666667
2024-10-30,2024,Oct,10,Spring,2.905263157894737
2024-10-30,2024,Oct,10,Spring,1.4270833333333337
2024-10-30,2024,Oct,10,Spring,1.673684210526316
2024-10-30,2024,Oct,10,Spring,2.052083333333333
2024-10-30,2024,Oct,10,Spring,3.345238095238093
2024-10-30,2024,Oct,10,Spring,1.8541666666666663
2024-10-30,2024,Oct,10,Spring,2.0625
2024-10-30,2024,Oct,10,Spring,0.8645833333333334
2024-10-31,2024,Oct,10,Spring,0.0833333333333333
2024-10-31,2024,Oct,10,Spring,2.8526315789473693
2024-10-31,2024,Oct,10,Spring,1.666666666666667
2024-10-31,2024,Oct,10,Spring,0.031578947368421
2024-10-31,2024,Oct,10,Spring,1.0
2024-10-31,2024,Oct,10,Spring,1.03125
2024-10-31,2024,Oct,10,Spring,1.826086956521739
2024-10-31,2024,Oct,10,Spring,1.0
2024-10-31,2024,Oct,10,Spring,1.15625
2024-10-31,2024,Oct,10,Spring,0.0416666666666666
2024-11-01,2024,Nov,11,Spring,0.1041666666666665
2024-11-01,2024,Nov,11,Spring,2.59375
2024-11-01,2024,Nov,11,Spring,1.9894736842105272
2024-11-01,2024,Nov,11,Spring,0.6875
2024-11-01,2024,Nov,11,Spring,0.4831460674157301
2024-11-01,2024,Nov,11,Spring,0.1578947368421054
2024-11-01,2024,Nov,11,Spring,1.5824175824175817
2024-11-01,2024,Nov,11,Spring,0.4270833333333331
2024-11-01,2024,Nov,11,Spring,1.28125
2024-11-01,2024,Nov,11,Spring,0.125
2024-11-02,2024,Nov,11,Spring,0.4315789473684208
2024-11-02,2024,Nov,11,Spring,2.8526315789473684
2024-11-02,2024,Nov,11,Spring,3.8541666666666665
2024-11-02,2024,Nov,11,Spring,0.65625
2024-11-02,2024,Nov,11,Spring,0.6770833333333335
2024-11-02,2024,Nov,11,Spring,0.1666666666666668
2024-11-02,2024,Nov,11,Spring,1.6483516483516485
2024-11-02,2024,Nov,11,Spring,1.6526315789473676
2024-11-02,2024,Nov,11,Spring,1.7789473684210524
2024-11-02,2024,Nov,11,Spring,0.8229166666666667
2024-11-03,2024,Nov,11,Spring,0.7604166666666665
2024-11-03,2024,Nov,11,Spring,3.2916666666666665
2024-11-03,2024,Nov,11,Spring,3.1979166666666674
2024-11-03,2024,Nov,11,Spring,4.645833333333335
2024-11-03,2024,Nov,11,Spring,0.5157894736842106
2024-11-03,2024,Nov,11,Spring,1.3333333333333337
2024-11-03,2024,Nov,11,Spring,3.273684210526318
2024-11-03,2024,Nov,11,Spring,1.302083333333332
2024-11-03,2024,Nov,11,Spring,2.395833333333334
2024-11-03,2024,Nov,11,Spring,0.989583333333334
2024-11-04,2024,Nov,11,Spring,1.375
2024-11-04,2024,Nov,11,Spring,3.71875
2024-11-04,2024,Nov,11,Spring,3.083333333333333
2024-11-04,2024,Nov,11,Spring,4.252631578947367
2024-11-04,2024,Nov,11,Spring,1.4565217391304348
2024-11-04,2024,Nov,11,Spring,2.322916666666667
2024-11-04,2024,Nov,11,Spring,4.021739130434783
2024-11-04,2024,Nov,11,Spring,3.427083333333333
2024-11-04,2024,Nov,11,Spring,2.25
2024-11-04,2024,Nov,11,Spring,0.7604166666666667
2024-11-05,2024,Nov,11,Spring,1.4375
2024-11-05,2024,Nov,11,Spring,3.71875
2024-11-05,2024,Nov,11,Spring,4.5894736842105255
2024-11-05,2024,Nov,11,Spring,1.8333333333333328
2024-11-05,2024,Nov,11,Spring,1.6041666666666663
2024-11-05,2024,Nov,11,Spring,3.0631578947368414
2024-11-05,2024,Nov,11,Spring,4.82291666666667
2024-11-05,2024,Nov,11,Spring,1.8958333333333333
2024-11-05,2024,Nov,11,Spring,3.15625
2024-11-05,2024,Nov,11,Spring,1.802083333333334
2024-11-06,2024,Nov,11,Spring,1.90625
2024-11-06,2024,Nov,11,Spring,3.6354166666666647
2024-11-06,2024,Nov,11,Spring,3.53125
2024-11-06,2024,Nov,11,Spring,3.416666666666665
2024-11-06,2024,Nov,11,Spring,2.516129032258065
2024-11-06,2024,Nov,11,Spring,1.947916666666668
2024-11-06,2024,Nov,11,Spring,6.604651162790698
2024-11-06,2024,Nov,11,Spring,2.8526315789473693
2024-11-06,2024,Nov,11,Spring,2.322916666666667
2024-11-06,2024,Nov,11,Spring,1.4421052631578954
2024-11-07,2024,Nov,11,Spring,0.6354166666666663
2024-11-07,2024,Nov,11,Spring,3.729166666666665
2024-11-07,2024,Nov,11,Spring,3.385416666666668
2024-11-07,2024,Nov,11,Spring,1.0625
2024-11-07,2024,Nov,11,Spring,0.5833333333333333
2024-11-07,2024,Nov,11,Spring,1.59375
2024-11-07,2024,Nov,11,Spring,2.829268292682927
2024-11-07,2024,Nov,11,Spring,4.458333333333333
2024-11-07,2024,Nov,11,Spring,2.395833333333333
2024-11-07,2024,Nov,11,Spring,1.03125
2024-11-08,2024,Nov,11,Spring,0.2315789473684211
2024-11-08,2024,Nov,11,Spring,3.547368421052635
2024-11-08,2024,Nov,11,Spring,3.150537634408604
2024-11-08,2024,Nov,11,Spring,1.0833333333333337
2024-11-08,2024,Nov,11,Spring,2.0
2024-11-08,2024,Nov,11,Spring,2.4479166666666656
2024-11-08,2024,Nov,11,Spring,4.494252873563218
2024-11-08,2024,Nov,11,Spring,2.4516129032258065
2024-11-08,2024,Nov,11,Spring,1.864583333333333
2024-11-08,2024,Nov,11,Spring,0.7708333333333331
2024-11-09,2024,Nov,11,Spring,2.260416666666667
2024-11-09,2024,Nov,11,Spring,5.242105263157894
2024-11-09,2024,Nov,11,Spring,4.8125
2024-11-09,2024,Nov,11,Spring,2.884210526315789
2024-11-09,2024,Nov,11,Spring,2.119047619047619
2024-11-09,2024,Nov,11,Spring,2.78125
2024-11-09,2024,Nov,11,Spring,2.804597701149425
2024-11-09,2024,Nov,11,Spring,3.770833333333333
2024-11-09,2024,Nov,11,Spring,2.4791666666666665
2024-11-09,2024,Nov,11,Spring,1.2708333333333333
2024-11-10,2024,Nov,11,Spring,2.71875
2024-11-10,2024,Nov,11,Spring,3.979166666666666
2024-11-10,2024,Nov,11,Spring,3.642105263157893
2024-11-10,2024,Nov,11,Spring,4.0625
2024-11-10,2024,Nov,11,Spring,3.0
2024-11-10,2024,Nov,11,Spring,4.157894736842104
2024-11-10,2024,Nov,11,Spring,3.294736842105262
2024-11-10,2024,Nov,11,Spring,2.5416666666666656
2024-11-10,2024,Nov,11,Spring,3.010416666666666
2024-11-10,2024,Nov,11,Spring,1.3645833333333328
2024-11-11,2024,Nov,11,Spring,1.052083333333333
2024-11-11,2024,Nov,11,Spring,4.221052631578947
2024-11-11,2024,Nov,11,Spring,3.9375
2024-11-11,2024,Nov,11,Spring,1.6458333333333337
2024-11-11,2024,Nov,11,Spring,3.7368421052631584
2024-11-11,2024,Nov,11,Spring,0.7604166666666667
2024-11-11,2024,Nov,11,Spring,4.065217391304349
2024-11-11,2024,Nov,11,Spring,2.2978723404255312
2024-11-11,2024,Nov,11,Spring,2.884210526315789
2024-11-11,2024,Nov,11,Spring,1.5416666666666663
2024-11-12,2024,Nov,11,Spring,7.46875
2024-11-12,2024,Nov,11,Spring,12.326315789473686
2024-11-12,2024,Nov,11,Spring,10.5625
2024-11-12,2024,Nov,11,Spring,8.4375
2024-11-12,2024,Nov,11,Spring,4.361702127659573
2024-11-12,2024,Nov,11,Spring,9.625
2024-11-12,2024,Nov,11,Spring,8.19047619047619
2024-11-12,2024,Nov,11,Spring,3.166666666666665
2024-11-12,2024,Nov,11,Spring,9.15625
2024-11-12,2024,Nov,11,Spring,7.166666666666664
2024-11-13,2024,Nov,11,Spring,5.697916666666669
2024-11-13,2024,Nov,11,Spring,8.854166666666668
2024-11-13,2024,Nov,11,Spring,7.747368421052628
2024-11-13,2024,Nov,11,Spring,8.708333333333332
2024-11-13,2024,Nov,11,Spring,8.052083333333336
2024-11-13,2024,Nov,11,Spring,9.0
2024-11-13,2024,Nov,11,Spring,9.511904761904765
2024-11-13,2024,Nov,11,Spring,6.799999999999997
2024-11-13,2024,Nov,11,Spring,7.77083333333333
2024-11-13,2024,Nov,11,Spring,5.21875
2024-11-14,2024,Nov,11,Spring,0.1770833333333333
2024-11-14,2024,Nov,11,Spring,3.260416666666668
2024-11-14,2024,Nov,11,Spring,2.621052631578947
2024-11-14,2024,Nov,11,Spring,1.2210526315789472
2024-11-14,2024,Nov,11,Spring,0.8461538461538458
2024-11-14,2024,Nov,11,Spring,1.989583333333333
2024-11-14,2024,Nov,11,Spring,2.4069767441860463
2024-11-14,2024,Nov,11,Spring,1.9375
2024-11-14,2024,Nov,11,Spring,1.6875
2024-11-14,2024,Nov,11,Spring,0.2315789473684211
2024-11-15,2024,Nov,11,Spring,0.729166666666667
2024-11-15,2024,Nov,11,Spring,4.85416666666667
2024-11-15,2024,Nov,11,Spring,4.0
2024-11-15,2024,Nov,11,Spring,1.2083333333333337
2024-11-15,2024,Nov,11,Spring,1.1368421052631592
2024-11-15,2024,Nov,11,Spring,2.273684210526317
2024-11-15,2024,Nov,11,Spring,1.6385542168674705
2024-11-15,2024,Nov,11,Spring,1.364583333333334
2024-11-15,2024,Nov,11,Spring,2.65625
2024-11-15,2024,Nov,11,Spring,1.3157894736842093
2024-11-16,2024,Nov,11,Spring,5.520833333333335
2024-11-16,2024,Nov,11,Spring,8.020833333333332
2024-11-16,2024,Nov,11,Spring,7.673684210526315
2024-11-16,2024,Nov,11,Spring,7.3125
2024-11-16,2024,Nov,11,Spring,4.393617021276595
2024-11-16,2024,Nov,11,Spring,3.65625
2024-11-16,2024,Nov,11,Spring,5.247311827956989
2024-11-16,2024,Nov,11,Spring,4.578947368421056
2024-11-16,2024,Nov,11,Spring,5.114583333333334
2024-11-16,2024,Nov,11,Spring,4.041666666666667
2024-11-17,2024,Nov,11,Spring,14.21875
2024-11-17,2024,Nov,11,Spring,16.223404255319153
2024-11-17,2024,Nov,11,Spring,14.69072164948453
2024-11-17,2024,Nov,11,Spring,8.0
2024-11-17,2024,Nov,11,Spring,10.71875
2024-11-17,2024,Nov,11,Spring,0.8526315789473682
2024-11-17,2024,Nov,11,Spring,35.17204301075268
2024-11-17,2024,Nov,11,Spring,1.2083333333333333
2024-11-17,2024,Nov,11,Spring,14.104166666666668
2024-11-17,2024,Nov,11,Spring,13.4375
2024-11-18,2024,Nov,11,Spring,0.6145833333333333
2024-11-18,2024,Nov,11,Spring,2.9479166666666674
2024-11-18,2024,Nov,11,Spring,2.7291666666666665
2024-11-18,2024,Nov,11,Spring,3.3229166666666674
2024-11-18,2024,Nov,11,Spring,0.2291666666666669
2024-11-18,2024,Nov,11,Spring,1.625
2024-11-18,2024,Nov,11,Spring,3.483516483516485
2024-11-18,2024,Nov,11,Spring,0.0
2024-11-18,2024,Nov,11,Spring,1.916666666666667
2024-11-18,2024,Nov,11,Spring,0.5833333333333333
2024-11-19,2024,Nov,11,Spring,0.3541666666666666
2024-11-19,2024,Nov,11,Spring,2.578947368421052
2024-11-19,2024,Nov,11,Spring,2.0
2024-11-19,2024,Nov,11,Spring,2.368421052631581
2024-11-19,2024,Nov,11,Spring,2.104166666666667
2024-11-19,2024,Nov,11,Spring,0.053191489361702
2024-11-19,2024,Nov,11,Spring,1.4736842105263162
2024-11-19,2024,Nov,11,Spring,1.662921348314607
2024-11-19,2024,Nov,11,Spring,0.6145833333333331
2024-11-19,2024,Nov,11,Spring,1.4270833333333333
2024-11-19,2024,Nov,11,Spring,0.2291666666666665
2024-11-20,2024,Nov,11,Spring,0.0729166666666666
2024-11-20,2024,Nov,11,Spring,3.6458333333333344
2024-11-20,2024,Nov,11,Spring,2.442105263157895
2024-11-20,2024,Nov,11,Spring,1.2708333333333328
2024-11-20,2024,Nov,11,Spring,1.829787234042553
2024-11-20,2024,Nov,11,Spring,0.5913978494623658
2024-11-20,2024,Nov,11,Spring,1.53125
2024-11-20,2024,Nov,11,Spring,1.0
2024-11-20,2024,Nov,11,Spring,1.0
2024-11-20,2024,Nov,11,Spring,1.610526315789474
2024-11-20,2024,Nov,11,Spring,0.3229166666666667
2024-11-21,2024,Nov,11,Spring,12.927083333333336
2024-11-21,2024,Nov,11,Spring,18.0
2024-11-21,2024,Nov,11,Spring,15.177083333333334
2024-11-21,2024,Nov,11,Spring,14.583333333333336
2024-11-21,2024,Nov,11,Spring,13.5
2024-11-21,2024,Nov,11,Spring,9.860215053763431
2024-11-21,2024,Nov,11,Spring,10.684210526315796
2024-11-21,2024,Nov,11,Spring,9.666666666666664
2024-11-21,2024,Nov,11,Spring,11.106382978723412
2024-11-21,2024,Nov,11,Spring,13.552083333333332
2024-11-21,2024,Nov,11,Spring,11.6875
2024-11-22,2024,Nov,11,Spring,9.302083333333332
2024-11-22,2024,Nov,11,Spring,10.79569892473119
2024-11-22,2024,Nov,11,Spring,9.46875
2024-11-22,2024,Nov,11,Spring,9.75
2024-11-22,2024,Nov,11,Spring,8.86458333333333
2024-11-22,2024,Nov,11,Spring,5.78125
2024-11-22,2024,Nov,11,Spring,7.635416666666671
2024-11-22,2024,Nov,11,Spring,14.47252747252747
2024-11-22,2024,Nov,11,Spring,8.21052631578947
2024-11-22,2024,Nov,11,Spring,8.95505617977528
2024-11-22,2024,Nov,11,Spring,6.4270833333333295
2024-11-23,2024,Nov,11,Spring,2.895833333333333
2024-11-23,2024,Nov,11,Spring,5.6914893617021285
2024-11-23,2024,Nov,11,Spring,5.221052631578947
2024-11-23,2024,Nov,11,Spring,3.797872340425533
2024-11-23,2024,Nov,11,Spring,4.914893617021276
2024-11-23,2024,Nov,11,Spring,2.884210526315792
2024-11-23,2024,Nov,11,Spring,2.0625
2024-11-23,2024,Nov,11,Spring,5.613636363636366
2024-11-23,2024,Nov,11,Spring,1.1354166666666667
2024-11-23,2024,Nov,11,Spring,4.25
2024-11-23,2024,Nov,11,Spring,2.6666666666666665
2024-11-24,2024,Nov,11,Spring,10.145833333333336
2024-11-24,2024,Nov,11,Spring,12.927083333333336
2024-11-24,2024,Nov,11,Spring,11.484210526315788
2024-11-24,2024,Nov,11,Spring,9.458333333333332
2024-11-24,2024,Nov,11,Spring,10.073684210526311
2024-11-24,2024,Nov,11,Spring,6.822916666666667
2024-11-24,2024,Nov,11,Spring,9.242105263157894
2024-11-24,2024,Nov,11,Spring,10.84375
2024-11-24,2024,Nov,11,Spring,0.0
2024-11-24,2024,Nov,11,Spring,13.479166666666671
2024-11-24,2024,Nov,11,Spring,8.40625
2024-11-25,2024,Nov,11,Spring,18.73958333333333
2024-11-25,2024,Nov,11,Spring,20.58947368421052
2024-11-25,2024,Nov,11,Spring,20.03125
2024-11-25,2024,Nov,11,Spring,20.8125
2024-11-25,2024,Nov,11,Spring,15.989473684210523
2024-11-25,2024,Nov,11,Spring,10.666666666666664
2024-11-25,2024,Nov,11,Spring,20.25
2024-11-25,2024,Nov,11,Spring,16.95604395604395
2024-11-25,2024,Nov,11,Spring,14.800000000000002
2024-11-25,2024,Nov,11,Spring,25.22916666666667
2024-11-25,2024,Nov,11,Spring,16.189473684210526
2024-11-26,2024,Nov,11,Spring,22.229166666666664
2024-11-26,2024,Nov,11,Spring,26.70833333333333
2024-11-26,2024,Nov,11,Spring,24.10638297872341
2024-11-26,2024,Nov,11,Spring,24.915789473684217
2024-11-26,2024,Nov,11,Spring,23.189473684210533
2024-11-26,2024,Nov,11,Spring,30.0
2024-11-26,2024,Nov,11,Spring,22.27083333333333
2024-11-26,2024,Nov,11,Spring,24.75
2024-11-26,2024,Nov,11,Spring,29.875
2024-11-26,2024,Nov,11,Spring,27.442105263157902
2024-11-26,2024,Nov,11,Spring,20.885416666666664
2024-11-27,2024,Nov,11,Spring,4.042105263157892
2024-11-27,2024,Nov,11,Spring,6.9684210526315775
2024-11-27,2024,Nov,11,Spring,6.736842105263159
2024-11-27,2024,Nov,11,Spring,5.30208333333333
2024-11-27,2024,Nov,11,Spring,6.094736842105264
2024-11-27,2024,Nov,11,Spring,6.375
2024-11-27,2024,Nov,11,Spring,10.66666666666666
2024-11-27,2024,Nov,11,Spring,6.442105263157899
2024-11-27,2024,Nov,11,Spring,5.40625
2024-11-27,2024,Nov,11,Spring,5.760416666666667
2024-11-27,2024,Nov,11,Spring,4.0
2024-11-28,2024,Nov,11,Spring,2.927083333333332
2024-11-28,2024,Nov,11,Spring,5.231578947368423
2024-11-28,2024,Nov,11,Spring,5.5
2024-11-28,2024,Nov,11,Spring,1.48421052631579
2024-11-28,2024,Nov,11,Spring,4.53125
2024-11-28,2024,Nov,11,Spring,1.6914893617021272
2024-11-28,2024,Nov,11,Spring,1.927083333333333
2024-11-28,2024,Nov,11,Spring,3.3103448275862077
2024-11-28,2024,Nov,11,Spring,2.5104166666666665
2024-11-28,2024,Nov,11,Spring,4.010416666666666
2024-11-28,2024,Nov,11,Spring,2.635416666666665
2024-11-29,2024,Nov,11,Spring,1.375
2024-11-29,2024,Nov,11,Spring,4.5
2024-11-29,2024,Nov,11,Spring,3.989473684210528
2024-11-29,2024,Nov,11,Spring,1.7916666666666672
2024-11-29,2024,Nov,11,Spring,3.094736842105263
2024-11-29,2024,Nov,11,Spring,2.1428571428571423
2024-11-29,2024,Nov,11,Spring,2.326315789473685
2024-11-29,2024,Nov,11,Spring,4.510638297872341
2024-11-29,2024,Nov,11,Spring,3.82608695652174
2024-11-29,2024,Nov,11,Spring,2.666666666666666
2024-11-29,2024,Nov,11,Spring,1.375
2024-11-30,2024,Nov,11,Spring,1.7604166666666667
2024-11-30,2024,Nov,11,Spring,3.78494623655914
2024-11-30,2024,Nov,11,Spring,4.5368421052631565
2024-11-30,2024,Nov,11,Spring,2.0
2024-11-30,2024,Nov,11,Spring,3.416666666666666
2024-11-30,2024,Nov,11,Spring,2.0
2024-11-30,2024,Nov,11,Spring,2.40625
2024-11-30,2024,Nov,11,Spring,5.041666666666668
2024-11-30,2024,Nov,11,Spring,2.731182795698925
2024-11-30,2024,Nov,11,Spring,2.9157894736842107
2024-11-30,2024,Nov,11,Spring,1.4270833333333333
2024-12-01,2024,Dec,12,Summer,1.4270833333333337
2024-12-01,2024,Dec,12,Summer,2.5684210526315794
2024-12-01,2024,Dec,12,Summer,3.208333333333333
2024-12-01,2024,Dec,12,Summer,4.0
2024-12-01,2024,Dec,12,Summer,2.4166666666666665
2024-12-01,2024,Dec,12,Summer,0.4270833333333338
2024-12-01,2024,Dec,12,Summer,2.458333333333334
2024-12-01,2024,Dec,12,Summer,3.1979166666666656
2024-12-01,2024,Dec,12,Summer,1.520833333333333
2024-12-01,2024,Dec,12,Summer,2.125
2024-12-01,2024,Dec,12,Summer,0.9479166666666664
2024-12-02,2024,Dec,12,Summer,2.375
2024-12-02,2024,Dec,12,Summer,3.5319148936170204
2024-12-02,2024,Dec,12,Summer,3.7083333333333326
2024-12-02,2024,Dec,12,Summer,1.6145833333333337
2024-12-02,2024,Dec,12,Summer,3.3645833333333326
2024-12-02,2024,Dec,12,Summer,0.9157894736842106
2024-12-02,2024,Dec,12,Summer,2.75
2024-12-02,2024,Dec,12,Summer,3.957446808510638
2024-12-02,2024,Dec,12,Summer,1.53125
2024-12-02,2024,Dec,12,Summer,3.0104166666666656
2024-12-02,2024,Dec,12,Summer,1.4583333333333328
2024-12-03,2024,Dec,12,Summer,1.3541666666666676
2024-12-03,2024,Dec,12,Summer,4.734042553191487
2024-12-03,2024,Dec,12,Summer,4.25
2024-12-03,2024,Dec,12,Summer,0.9361702127659576
2024-12-03,2024,Dec,12,Summer,3.5698924731182817
2024-12-03,2024,Dec,12,Summer,1.063157894736842
2024-12-03,2024,Dec,12,Summer,0.9789473684210528
2024-12-03,2024,Dec,12,Summer,2.41304347826087
2024-12-03,2024,Dec,12,Summer,2.1063829787234054
2024-12-03,2024,Dec,12,Summer,3.541666666666665
2024-12-03,2024,Dec,12,Summer,2.0
2024-12-04,2024,Dec,12,Summer,0.7708333333333335
2024-12-04,2024,Dec,12,Summer,4.368421052631581
2024-12-04,2024,Dec,12,Summer,3.3157894736842106
2024-12-04,2024,Dec,12,Summer,2.6666666666666665
2024-12-04,2024,Dec,12,Summer,2.913978494623656
2024-12-04,2024,Dec,12,Summer,1.7894736842105257
2024-12-04,2024,Dec,12,Summer,2.21875
2024-12-04,2024,Dec,12,Summer,4.108695652173913
2024-12-04,2024,Dec,12,Summer,3.260869565217392
2024-12-04,2024,Dec,12,Summer,2.645833333333333
2024-12-04,2024,Dec,12,Summer,0.936842105263158
2024-12-05,2024,Dec,12,Summer,1.6875
2024-12-05,2024,Dec,12,Summer,3.854166666666667
2024-12-05,2024,Dec,12,Summer,3.427083333333333
2024-12-05,2024,Dec,12,Summer,1.270833333333333
2024-12-05,2024,Dec,12,Summer,3.260416666666667
2024-12-05,2024,Dec,12,Summer,3.074468085106384
2024-12-05,2024,Dec,12,Summer,4.53125
2024-12-05,2024,Dec,12,Summer,2.1827956989247315
2024-12-05,2024,Dec,12,Summer,1.7978723404255306
2024-12-05,2024,Dec,12,Summer,2.6315789473684195
2024-12-05,2024,Dec,12,Summer,1.197916666666667
2024-12-06,2024,Dec,12,Summer,1.96875
2024-12-06,2024,Dec,12,Summer,6.336842105263157
2024-12-06,2024,Dec,12,Summer,6.421052631578947
2024-12-06,2024,Dec,12,Summer,1.0625
2024-12-06,2024,Dec,12,Summer,4.397849462365591
2024-12-06,2024,Dec,12,Summer,2.21875
2024-12-06,2024,Dec,12,Summer,2.447916666666667
2024-12-06,2024,Dec,12,Summer,5.946236559139785
2024-12-06,2024,Dec,12,Summer,3.2604166666666647
2024-12-06,2024,Dec,12,Summer,3.705263157894737
2024-12-06,2024,Dec,12,Summer,2.09375
2024-12-07,2024,Dec,12,Summer,3.410526315789474
2024-12-07,2024,Dec,12,Summer,7.40625
2024-12-07,2024,Dec,12,Summer,7.810526315789474
2024-12-07,2024,Dec,12,Summer,2.336842105263157
2024-12-07,2024,Dec,12,Summer,6.494736842105264
2024-12-07,2024,Dec,12,Summer,4.831578947368421
2024-12-07,2024,Dec,12,Summer,7.46875
2024-12-07,2024,Dec,12,Summer,7.7634408602150575
2024-12-07,2024,Dec,12,Summer,5.520833333333335
2024-12-07,2024,Dec,12,Summer,6.125
2024-12-07,2024,Dec,12,Summer,3.8854166666666665
2024-12-08,2024,Dec,12,Summer,1.03125
2024-12-08,2024,Dec,12,Summer,3.2446808510638294
2024-12-08,2024,Dec,12,Summer,2.673684210526316
2024-12-08,2024,Dec,12,Summer,1.5625
2024-12-08,2024,Dec,12,Summer,2.7291666666666665
2024-12-08,2024,Dec,12,Summer,1.0
2024-12-08,2024,Dec,12,Summer,1.3368421052631578
2024-12-08,2024,Dec,12,Summer,2.2365591397849465
2024-12-08,2024,Dec,12,Summer,1.0416666666666663
2024-12-08,2024,Dec,12,Summer,2.083333333333333
2024-12-08,2024,Dec,12,Summer,0.7708333333333331
2024-12-09,2024,Dec,12,Summer,0.625
2024-12-09,2024,Dec,12,Summer,3.166666666666667
2024-12-09,2024,Dec,12,Summer,2.6041666666666665
2024-12-09,2024,Dec,12,Summer,2.2421052631578946
2024-12-09,2024,Dec,12,Summer,2.5473684210526315
2024-12-09,2024,Dec,12,Summer,1.48421052631579
2024-12-09,2024,Dec,12,Summer,0.8333333333333333
2024-12-09,2024,Dec,12,Summer,1.2268041237113405
2024-12-09,2024,Dec,12,Summer,2.397849462365591
2024-12-09,2024,Dec,12,Summer,2.0842105263157893
2024-12-09,2024,Dec,12,Summer,0.6666666666666666
2024-12-10,2024,Dec,12,Summer,0.4895833333333337
2024-12-10,2024,Dec,12,Summer,4.302083333333334
2024-12-10,2024,Dec,12,Summer,2.8125
2024-12-10,2024,Dec,12,Summer,1.378947368421053
2024-12-10,2024,Dec,12,Summer,2.041666666666667
2024-12-10,2024,Dec,12,Summer,1.40625
2024-12-10,2024,Dec,12,Summer,1.3854166666666663
2024-12-10,2024,Dec,12,Summer,1.606382978723404
2024-12-10,2024,Dec,12,Summer,1.3404255319148934
2024-12-10,2024,Dec,12,Summer,1.9375
2024-12-10,2024,Dec,12,Summer,0.4895833333333333
2024-12-11,2024,Dec,12,Summer,1.15625
2024-12-11,2024,Dec,12,Summer,3.915789473684209
2024-12-11,2024,Dec,12,Summer,2.90625
2024-12-11,2024,Dec,12,Summer,0.5416666666666665
2024-12-11,2024,Dec,12,Summer,2.427083333333333
2024-12-11,2024,Dec,12,Summer,0.8229166666666664
2024-12-11,2024,Dec,12,Summer,1.0
2024-12-11,2024,Dec,12,Summer,1.125
2024-12-11,2024,Dec,12,Summer,1.478723404255319
2024-12-11,2024,Dec,12,Summer,1.8854166666666667
2024-12-11,2024,Dec,12,Summer,0.5520833333333333
2024-12-12,2024,Dec,12,Summer,1.0842105263157893
2024-12-12,2024,Dec,12,Summer,5.177083333333332
2024-12-12,2024,Dec,12,Summer,3.708333333333333
2024-12-12,2024,Dec,12,Summer,1.9473684210526316
2024-12-12,2024,Dec,12,Summer,3.3157894736842097
2024-12-12,2024,Dec,12,Summer,2.36842105263158
2024-12-12,2024,Dec,12,Summer,1.6770833333333333
2024-12-12,2024,Dec,12,Summer,1.7849462365591418
2024-12-12,2024,Dec,12,Summer,1.5520833333333333
2024-12-12,2024,Dec,12,Summer,2.625
2024-12-12,2024,Dec,12,Summer,1.354166666666667
2024-12-13,2024,Dec,12,Summer,0.8020833333333331
2024-12-13,2024,Dec,12,Summer,4.020833333333333
2024-12-13,2024,Dec,12,Summer,2.7684210526315787
2024-12-13,2024,Dec,12,Summer,1.46875
2024-12-13,2024,Dec,12,Summer,2.520833333333333
2024-12-13,2024,Dec,12,Summer,0.7157894736842102
2024-12-13,2024,Dec,12,Summer,1.810526315789473
2024-12-13,2024,Dec,12,Summer,2.8901098901098896
2024-12-13,2024,Dec,12,Summer,1.3541666666666667
2024-12-13,2024,Dec,12,Summer,1.9791666666666667
2024-12-13,2024,Dec,12,Summer,0.6631578947368426
2024-12-14,2024,Dec,12,Summer,1.3958333333333333
2024-12-14,2024,Dec,12,Summer,5.25
2024-12-14,2024,Dec,12,Summer,3.291666666666668
2024-12-14,2024,Dec,12,Summer,2.229166666666667
2024-12-14,2024,Dec,12,Summer,3.5789473684210518
2024-12-14,2024,Dec,12,Summer,1.0625
2024-12-14,2024,Dec,12,Summer,2.1979166666666665
2024-12-14,2024,Dec,12,Summer,2.147368421052632
2024-12-14,2024,Dec,12,Summer,2.182795698924731
2024-12-14,2024,Dec,12,Summer,2.916666666666666
2024-12-14,2024,Dec,12,Summer,1.25
2024-12-15,2024,Dec,12,Summer,6.697916666666671
2024-12-15,2024,Dec,12,Summer,12.1875
2024-12-15,2024,Dec,12,Summer,8.4375
2024-12-15,2024,Dec,12,Summer,4.677083333333333
2024-12-15,2024,Dec,12,Summer,10.96875
2024-12-15,2024,Dec,12,Summer,6.89583333333333
2024-12-15,2024,Dec,12,Summer,7.95833333333333
2024-12-15,2024,Dec,12,Summer,7.115789473684209
2024-12-15,2024,Dec,12,Summer,4.947916666666664
2024-12-15,2024,Dec,12,Summer,10.010752688172047
2024-12-15,2024,Dec,12,Summer,8.291666666666664
2024-12-16,2024,Dec,12,Summer,9.3936170212766
2024-12-16,2024,Dec,12,Summer,7.915789473684208
2024-12-16,2024,Dec,12,Summer,5.378947368421054
2024-12-16,2024,Dec,12,Summer,13.53125
2024-12-16,2024,Dec,12,Summer,7.90625
2024-12-16,2024,Dec,12,Summer,6.3125
2024-12-16,2024,Dec,12,Summer,9.854166666666671
2024-12-16,2024,Dec,12,Summer,8.799999999999995
2024-12-16,2024,Dec,12,Summer,7.957446808510638
2024-12-16,2024,Dec,12,Summer,7.053763440860211
2024-12-16,2024,Dec,12,Summer,5.7395833333333295
2024-12-17,2024,Dec,12,Summer,1.6666666666666674
2024-12-17,2024,Dec,12,Summer,4.614583333333333
2024-12-17,2024,Dec,12,Summer,2.8854166666666674
2024-12-17,2024,Dec,12,Summer,2.410526315789473
2024-12-17,2024,Dec,12,Summer,3.3854166666666665
2024-12-17,2024,Dec,12,Summer,3.0
2024-12-17,2024,Dec,12,Summer,2.9791666666666665
2024-12-17,2024,Dec,12,Summer,3.702127659574467
2024-12-17,2024,Dec,12,Summer,2.895833333333333
2024-12-17,2024,Dec,12,Summer,3.072916666666666
2024-12-17,2024,Dec,12,Summer,1.5208333333333337
2024-12-18,2024,Dec,12,Summer,0.875
2024-12-18,2024,Dec,12,Summer,4.354166666666668
2024-12-18,2024,Dec,12,Summer,2.4468085106382977
2024-12-18,2024,Dec,12,Summer,2.614583333333333
2024-12-18,2024,Dec,12,Summer,3.063157894736842
2024-12-18,2024,Dec,12,Summer,2.336842105263157
2024-12-18,2024,Dec,12,Summer,1.0
2024-12-18,2024,Dec,12,Summer,2.0625
2024-12-18,2024,Dec,12,Summer,2.8125
2024-12-18,2024,Dec,12,Summer,2.2916666666666665
2024-12-18,2024,Dec,12,Summer,0.8854166666666665
2024-12-19,2024,Dec,12,Summer,0.8229166666666667
2024-12-19,2024,Dec,12,Summer,3.3263157894736843
2024-12-19,2024,Dec,12,Summer,2.787234042553192
2024-12-19,2024,Dec,12,Summer,4.010416666666667
2024-12-19,2024,Dec,12,Summer,3.25
2024-12-19,2024,Dec,12,Summer,2.65625
2024-12-19,2024,Dec,12,Summer,1.1458333333333337
2024-12-19,2024,Dec,12,Summer,1.8510638297872344
2024-12-19,2024,Dec,12,Summer,2.0
2024-12-19,2024,Dec,12,Summer,2.210526315789474
2024-12-19,2024,Dec,12,Summer,0.8645833333333331
2024-12-20,2024,Dec,12,Summer,2.90625
2024-12-20,2024,Dec,12,Summer,7.084210526315792
2024-12-20,2024,Dec,12,Summer,5.884210526315788
2024-12-20,2024,Dec,12,Summer,5.75
2024-12-20,2024,Dec,12,Summer,5.8947368421052655
2024-12-20,2024,Dec,12,Summer,2.6875
2024-12-20,2024,Dec,12,Summer,4.55208333333333
2024-12-20,2024,Dec,12,Summer,6.600000000000004
2024-12-20,2024,Dec,12,Summer,3.9583333333333326
2024-12-20,2024,Dec,12,Summer,5.423913043478263
2024-12-20,2024,Dec,12,Summer,3.53125
2024-12-21,2024,Dec,12,Summer,1.416666666666667
2024-12-21,2024,Dec,12,Summer,4.239583333333333
2024-12-21,2024,Dec,12,Summer,3.178947368421054
2024-12-21,2024,Dec,12,Summer,5.663157894736843
2024-12-21,2024,Dec,12,Summer,3.666666666666667
2024-12-21,2024,Dec,12,Summer,3.125
2024-12-21,2024,Dec,12,Summer,5.43157894736842
2024-12-21,2024,Dec,12,Summer,3.96774193548387
2024-12-21,2024,Dec,12,Summer,5.40625
2024-12-21,2024,Dec,12,Summer,3.270833333333333
2024-12-21,2024,Dec,12,Summer,1.5104166666666676
2024-12-22,2024,Dec,12,Summer,0.3645833333333332
2024-12-22,2024,Dec,12,Summer,2.322916666666666
2024-12-22,2024,Dec,12,Summer,1.6914893617021276
2024-12-22,2024,Dec,12,Summer,1.90625
2024-12-22,2024,Dec,12,Summer,2.114583333333333
2024-12-22,2024,Dec,12,Summer,1.854166666666666
2024-12-22,2024,Dec,12,Summer,1.6382978723404256
2024-12-22,2024,Dec,12,Summer,2.21875
2024-12-22,2024,Dec,12,Summer,1.0625
2024-12-22,2024,Dec,12,Summer,1.8229166666666667
2024-12-22,2024,Dec,12,Summer,0.34375
2024-12-23,2024,Dec,12,Summer,1.0520833333333337
2024-12-23,2024,Dec,12,Summer,2.802083333333333
2024-12-23,2024,Dec,12,Summer,2.114583333333333
2024-12-23,2024,Dec,12,Summer,0.5625
2024-12-23,2024,Dec,12,Summer,2.410526315789473
2024-12-23,2024,Dec,12,Summer,1.5052631578947362
2024-12-23,2024,Dec,12,Summer,1.3958333333333337
2024-12-23,2024,Dec,12,Summer,2.463157894736842
2024-12-23,2024,Dec,12,Summer,0.7473684210526318
2024-12-23,2024,Dec,12,Summer,1.90625
2024-12-23,2024,Dec,12,Summer,0.4631578947368421
2024-12-24,2024,Dec,12,Summer,0.8958333333333337
2024-12-24,2024,Dec,12,Summer,2.8229166666666665
2024-12-24,2024,Dec,12,Summer,1.702127659574468
2024-12-24,2024,Dec,12,Summer,0.0
2024-12-24,2024,Dec,12,Summer,2.463157894736842
2024-12-24,2024,Dec,12,Summer,1.0
2024-12-24,2024,Dec,12,Summer,1.90625
2024-12-24,2024,Dec,12,Summer,2.822916666666667
2024-12-24,2024,Dec,12,Summer,2.0
2024-12-24,2024,Dec,12,Summer,1.6770833333333333
2024-12-24,2024,Dec,12,Summer,0.3541666666666667
2024-12-25,2024,Dec,12,Summer,1.3645833333333333
2024-12-25,2024,Dec,12,Summer,3.4042553191489358
2024-12-25,2024,Dec,12,Summer,2.3541666666666665
2024-12-25,2024,Dec,12,Summer,2.125
2024-12-25,2024,Dec,12,Summer,3.145833333333333
2024-12-25,2024,Dec,12,Summer,2.145833333333333
2024-12-25,2024,Dec,12,Summer,3.083333333333336
2024-12-25,2024,Dec,12,Summer,3.020833333333333
2024-12-25,2024,Dec,12,Summer,1.4479166666666663
2024-12-25,2024,Dec,12,Summer,2.4505494505494503
2024-12-25,2024,Dec,12,Summer,1.3645833333333337
2024-12-26,2024,Dec,12,Summer,1.4375
2024-12-26,2024,Dec,12,Summer,3.5104166666666665
2024-12-26,2024,Dec,12,Summer,2.885416666666667
2024-12-26,2024,Dec,12,Summer,1.8210526315789453
2024-12-26,2024,Dec,12,Summer,3.5416666666666674
2024-12-26,2024,Dec,12,Summer,1.5
2024-12-26,2024,Dec,12,Summer,1.9166666666666656
2024-12-26,2024,Dec,12,Summer,2.4680851063829783
2024-12-26,2024,Dec,12,Summer,0.34375
2024-12-26,2024,Dec,12,Summer,2.645833333333333
2024-12-26,2024,Dec,12,Summer,1.6354166666666667
2024-12-27,2024,Dec,12,Summer,0.6979166666666663
2024-12-27,2024,Dec,12,Summer,2.617021276595745
2024-12-27,2024,Dec,12,Summer,1.8494623655913975
2024-12-27,2024,Dec,12,Summer,1.8854166666666663
2024-12-27,2024,Dec,12,Summer,2.4479166666666665
2024-12-27,2024,Dec,12,Summer,1.78125
2024-12-27,2024,Dec,12,Summer,0.5368421052631577
2024-12-27,2024,Dec,12,Summer,2.375
2024-12-27,2024,Dec,12,Summer,1.4315789473684208
2024-12-27,2024,Dec,12,Summer,1.9791666666666667
2024-12-27,2024,Dec,12,Summer,0.5104166666666667
2024-12-28,2024,Dec,12,Summer,1.041666666666667
2024-12-28,2024,Dec,12,Summer,2.333333333333334
2024-12-28,2024,Dec,12,Summer,2.123711340206186
2024-12-28,2024,Dec,12,Summer,2.3229166666666665
2024-12-28,2024,Dec,12,Summer,2.0
2024-12-28,2024,Dec,12,Summer,0.8736842105263161
2024-12-28,2024,Dec,12,Summer,1.0625
2024-12-28,2024,Dec,12,Summer,2.333333333333333
2024-12-28,2024,Dec,12,Summer,1.1182795698924732
2024-12-28,2024,Dec,12,Summer,1.989473684210526
2024-12-28,2024,Dec,12,Summer,0.8645833333333331
2024-12-29,2024,Dec,12,Summer,0.6947368421052629
2024-12-29,2024,Dec,12,Summer,2.4315789473684206
2024-12-29,2024,Dec,12,Summer,1.7525773195876286
2024-12-29,2024,Dec,12,Summer,1.875
2024-12-29,2024,Dec,12,Summer,2.333333333333333
2024-12-29,2024,Dec,12,Summer,0.25
2024-12-29,2024,Dec,12,Summer,1.53125
2024-12-29,2024,Dec,12,Summer,2.708333333333335
2024-12-29,2024,Dec,12,Summer,1.0
2024-12-29,2024,Dec,12,Summer,1.65625
2024-12-29,2024,Dec,12,Summer,0.4270833333333332
2024-12-30,2024,Dec,12,Summer,1.2708333333333337
2024-12-30,2024,Dec,12,Summer,3.4375
2024-12-30,2024,Dec,12,Summer,2.59375
2024-12-30,2024,Dec,12,Summer,3.1875
2024-12-30,2024,Dec,12,Summer,3.1041666666666665
2024-12-30,2024,Dec,12,Summer,0.9270833333333336
2024-12-30,2024,Dec,12,Summer,2.5
2024-12-30,2024,Dec,12,Summer,4.882978723404259
2024-12-30,2024,Dec,12,Summer,1.3229166666666663
2024-12-30,2024,Dec,12,Summer,2.5729166666666665
2024-12-30,2024,Dec,12,Summer,1.375
2024-12-31,2024,Dec,12,Summer,1.3020833333333328
2024-12-31,2024,Dec,12,Summer,3.395833333333333
2024-12-31,2024,Dec,12,Summer,2.760416666666668
2024-12-31,2024,Dec,12,Summer,2.64516129032258
2024-12-31,2024,Dec,12,Summer,3.052083333333334
2024-12-31,2024,Dec,12,Summer,1.0
2024-12-31,2024,Dec,12,Summer,1.1979166666666663
2024-12-31,2024,Dec,12,Summer,4.824175824175823
2024-12-31,2024,Dec,12,Summer,1.40625
2024-12-31,2024,Dec,12,Summer,2.458333333333334
2024-12-31,2024,Dec,12,Summer,1.1875
2025-01-01,2025,Jan,1,Summer,83.64583333333334
2025-01-01,2025,Jan,1,Summer,3.7052631578947386
2025-01-01,2025,Jan,1,Summer,2.946808510638297
2025-01-01,2025,Jan,1,Summer,2.896907216494845
2025-01-01,2025,Jan,1,Summer,3.333333333333333
2025-01-01,2025,Jan,1,Summer,1.0
2025-01-01,2025,Jan,1,Summer,2.28421052631579
2025-01-01,2025,Jan,1,Summer,2.8617021276595738
2025-01-01,2025,Jan,1,Summer,2.6666666666666665
2025-01-01,2025,Jan,1,Summer,2.947916666666668
2025-01-01,2025,Jan,1,Summer,1.7368421052631584
2025-01-02,2025,Jan,1,Summer,0.5625
2025-01-02,2025,Jan,1,Summer,2.552083333333333
2025-01-02,2025,Jan,1,Summer,2.145833333333333
2025-01-02,2025,Jan,1,Summer,1.0104166666666667
2025-01-02,2025,Jan,1,Summer,2.789473684210526
2025-01-02,2025,Jan,1,Summer,0.90625
2025-01-02,2025,Jan,1,Summer,1.3541666666666663
2025-01-02,2025,Jan,1,Summer,1.6702127659574475
2025-01-02,2025,Jan,1,Summer,1.6236559139784943
2025-01-02,2025,Jan,1,Summer,2.020833333333333
2025-01-02,2025,Jan,1,Summer,0.6979166666666667
2025-01-03,2025,Jan,1,Summer,2.395833333333334
2025-01-03,2025,Jan,1,Summer,4.442105263157893
2025-01-03,2025,Jan,1,Summer,3.375
2025-01-03,2025,Jan,1,Summer,1.8958333333333324
2025-01-03,2025,Jan,1,Summer,3.739583333333333
2025-01-03,2025,Jan,1,Summer,2.09375
2025-01-03,2025,Jan,1,Summer,3.0104166666666674
2025-01-03,2025,Jan,1,Summer,4.864583333333333
2025-01-03,2025,Jan,1,Summer,2.354166666666668
2025-01-03,2025,Jan,1,Summer,3.875
2025-01-03,2025,Jan,1,Summer,2.1979166666666665
2025-01-04,2025,Jan,1,Summer,1.9270833333333328
2025-01-04,2025,Jan,1,Summer,3.114583333333333
2025-01-04,2025,Jan,1,Summer,3.03125
2025-01-04,2025,Jan,1,Summer,3.520833333333334
2025-01-04,2025,Jan,1,Summer,3.1041666666666674
2025-01-04,2025,Jan,1,Summer,5.947916666666667
2025-01-04,2025,Jan,1,Summer,5.604166666666668
2025-01-04,2025,Jan,1,Summer,4.776595744680847
2025-01-04,2025,Jan,1,Summer,2.197916666666666
2025-01-04,2025,Jan,1,Summer,2.809523809523809
2025-01-04,2025,Jan,1,Summer,1.5104166666666674
2025-01-05,2025,Jan,1,Summer,1.2083333333333337
2025-01-05,2025,Jan,1,Summer,2.427083333333333
2025-01-05,2025,Jan,1,Summer,2.333333333333333
2025-01-05,2025,Jan,1,Summer,2.9894736842105263
2025-01-05,2025,Jan,1,Summer,2.739583333333333
2025-01-05,2025,Jan,1,Summer,0.75
2025-01-05,2025,Jan,1,Summer,3.4105263157894723
2025-01-05,2025,Jan,1,Summer,1.96875
2025-01-05,2025,Jan,1,Summer,0.7578947368421058
2025-01-05,2025,Jan,1,Summer,2.1333333333333337
2025-01-05,2025,Jan,1,Summer,0.9270833333333331
2025-01-06,2025,Jan,1,Summer,2.0625
2025-01-06,2025,Jan,1,Summer,4.4375
2025-01-06,2025,Jan,1,Summer,3.556701030927836
2025-01-06,2025,Jan,1,Summer,4.09375
2025-01-06,2025,Jan,1,Summer,3.831578947368421
2025-01-06,2025,Jan,1,Summer,8.821052631578949
2025-01-06,2025,Jan,1,Summer,2.875
2025-01-06,2025,Jan,1,Summer,6.28125
2025-01-06,2025,Jan,1,Summer,5.6000000000000005
2025-01-06,2025,Jan,1,Summer,3.684210526315789
2025-01-06,2025,Jan,1,Summer,1.8333333333333328
2025-01-07,2025,Jan,1,Summer,0.6770833333333333
2025-01-07,2025,Jan,1,Summer,2.59375
2025-01-07,2025,Jan,1,Summer,2.197916666666667
2025-01-07,2025,Jan,1,Summer,2.53125
2025-01-07,2025,Jan,1,Summer,2.6526315789473687
2025-01-07,2025,Jan,1,Summer,1.0
2025-01-07,2025,Jan,1,Summer,2.0
2025-01-07,2025,Jan,1,Summer,2.489583333333333
2025-01-07,2025,Jan,1,Summer,3.8229166666666674
2025-01-07,2025,Jan,1,Summer,2.041666666666667
2025-01-07,2025,Jan,1,Summer,0.7395833333333334
2025-01-08,2025,Jan,1,Summer,4.294736842105261
2025-01-08,2025,Jan,1,Summer,4.28723404255319
2025-01-08,2025,Jan,1,Summer,3.6382978723404262
2025-01-08,2025,Jan,1,Summer,2.916666666666667
2025-01-08,2025,Jan,1,Summer,3.905263157894737
2025-01-08,2025,Jan,1,Summer,1.9583333333333328
2025-01-08,2025,Jan,1,Summer,3.53125
2025-01-08,2025,Jan,1,Summer,5.864583333333335
2025-01-08,2025,Jan,1,Summer,2.1157894736842104
2025-01-08,2025,Jan,1,Summer,3.3645833333333326
2025-01-08,2025,Jan,1,Summer,1.9375
2025-01-09,2025,Jan,1,Summer,1.5625
2025-01-09,2025,Jan,1,Summer,3.541666666666667
2025-01-09,2025,Jan,1,Summer,4.333333333333334
2025-01-09,2025,Jan,1,Summer,1.5684210526315794
2025-01-09,2025,Jan,1,Summer,2.864583333333333
2025-01-09,2025,Jan,1,Summer,1.6145833333333326
2025-01-09,2025,Jan,1,Summer,3.15625
2025-01-09,2025,Jan,1,Summer,4.319148936170213
2025-01-09,2025,Jan,1,Summer,1.6354166666666663
2025-01-09,2025,Jan,1,Summer,2.202127659574468
2025-01-09,2025,Jan,1,Summer,1.0
2025-01-10,2025,Jan,1,Summer,8.694736842105263
2025-01-10,2025,Jan,1,Summer,8.71875
2025-01-10,2025,Jan,1,Summer,5.59375
2025-01-10,2025,Jan,1,Summer,6.552083333333334
2025-01-10,2025,Jan,1,Summer,6.322916666666667
2025-01-10,2025,Jan,1,Summer,0.0
2025-01-10,2025,Jan,1,Summer,4.989473684210528
2025-01-10,2025,Jan,1,Summer,8.145833333333334
2025-01-10,2025,Jan,1,Summer,3.84375
2025-01-10,2025,Jan,1,Summer,6.166666666666668
2025-01-10,2025,Jan,1,Summer,4.0
2025-01-11,2025,Jan,1,Summer,4.40625
2025-01-11,2025,Jan,1,Summer,5.71875
2025-01-11,2025,Jan,1,Summer,3.96875
2025-01-11,2025,Jan,1,Summer,5.135416666666665
2025-01-11,2025,Jan,1,Summer,4.957894736842104
2025-01-11,2025,Jan,1,Summer,3.0752688172043
2025-01-11,2025,Jan,1,Summer,4.145833333333334
2025-01-11,2025,Jan,1,Summer,5.8125
2025-01-11,2025,Jan,1,Summer,3.126315789473685
2025-01-11,2025,Jan,1,Summer,4.21978021978022
2025-01-11,2025,Jan,1,Summer,2.677083333333334
2025-01-12,2025,Jan,1,Summer,4.34375
2025-01-12,2025,Jan,1,Summer,7.989473684210526
2025-01-12,2025,Jan,1,Summer,5.6842105263157885
2025-01-12,2025,Jan,1,Summer,5.625
2025-01-12,2025,Jan,1,Summer,6.697916666666666
2025-01-12,2025,Jan,1,Summer,3.393617021276595
2025-01-12,2025,Jan,1,Summer,5.86315789473684
2025-01-12,2025,Jan,1,Summer,5.072916666666666
2025-01-12,2025,Jan,1,Summer,2.6666666666666674
2025-01-12,2025,Jan,1,Summer,7.041666666666668
2025-01-12,2025,Jan,1,Summer,4.270833333333333
2025-01-13,2025,Jan,1,Summer,6.315789473684212
2025-01-13,2025,Jan,1,Summer,9.06315789473684
2025-01-13,2025,Jan,1,Summer,7.178947368421055
2025-01-13,2025,Jan,1,Summer,6.697916666666667
2025-01-13,2025,Jan,1,Summer,8.083333333333334
2025-01-13,2025,Jan,1,Summer,7.806451612903225
2025-01-13,2025,Jan,1,Summer,10.0
2025-01-13,2025,Jan,1,Summer,9.260416666666666
2025-01-13,2025,Jan,1,Summer,6.0
2025-01-13,2025,Jan,1,Summer,8.5
2025-01-13,2025,Jan,1,Summer,5.666666666666667
2025-01-14,2025,Jan,1,Summer,4.210526315789474
2025-01-14,2025,Jan,1,Summer,7.583333333333335
2025-01-14,2025,Jan,1,Summer,5.40625
2025-01-14,2025,Jan,1,Summer,2.8404255319148937
2025-01-14,2025,Jan,1,Summer,5.739583333333331
2025-01-14,2025,Jan,1,Summer,20.0
2025-01-14,2025,Jan,1,Summer,3.520833333333333
2025-01-14,2025,Jan,1,Summer,7.585106382978724
2025-01-14,2025,Jan,1,Summer,5.063157894736841
2025-01-14,2025,Jan,1,Summer,6.208333333333333
2025-01-14,2025,Jan,1,Summer,4.177083333333334
2025-01-15,2025,Jan,1,Summer,5.298969072164951
2025-01-15,2025,Jan,1,Summer,7.416666666666665
2025-01-15,2025,Jan,1,Summer,4.873684210526315
2025-01-15,2025,Jan,1,Summer,4.125
2025-01-15,2025,Jan,1,Summer,5.6808510638297856
2025-01-15,2025,Jan,1,Summer,10.63157894736842
2025-01-15,2025,Jan,1,Summer,4.136842105263159
2025-01-15,2025,Jan,1,Summer,7.199999999999998
2025-01-15,2025,Jan,1,Summer,6.684210526315791
2025-01-15,2025,Jan,1,Summer,5.708333333333333
2025-01-15,2025,Jan,1,Summer,3.635416666666664
2025-01-16,2025,Jan,1,Summer,1.010416666666667
2025-01-16,2025,Jan,1,Summer,3.416666666666667
2025-01-16,2025,Jan,1,Summer,2.104166666666666
2025-01-16,2025,Jan,1,Summer,2.9791666666666665
2025-01-16,2025,Jan,1,Summer,3.0104166666666665
2025-01-16,2025,Jan,1,Summer,6.336956521739133
2025-01-16,2025,Jan,1,Summer,2.7708333333333326
2025-01-16,2025,Jan,1,Summer,3.2631578947368416
2025-01-16,2025,Jan,1,Summer,0.6947368421052631
2025-01-16,2025,Jan,1,Summer,1.9052631578947368
2025-01-16,2025,Jan,1,Summer,0.6041666666666662
2025-01-17,2025,Jan,1,Summer,2.385416666666667
2025-01-17,2025,Jan,1,Summer,5.378947368421053
2025-01-17,2025,Jan,1,Summer,3.78125
2025-01-17,2025,Jan,1,Summer,2.770833333333333
2025-01-17,2025,Jan,1,Summer,4.041666666666667
2025-01-17,2025,Jan,1,Summer,5.09375
2025-01-17,2025,Jan,1,Summer,4.105263157894736
2025-01-17,2025,Jan,1,Summer,2.6145833333333326
2025-01-17,2025,Jan,1,Summer,1.760416666666667
2025-01-17,2025,Jan,1,Summer,3.59375
2025-01-17,2025,Jan,1,Summer,1.7083333333333333
2025-01-18,2025,Jan,1,Summer,1.2947368421052636
2025-01-18,2025,Jan,1,Summer,4.197916666666667
2025-01-18,2025,Jan,1,Summer,3.3263157894736843
2025-01-18,2025,Jan,1,Summer,2.0625
2025-01-18,2025,Jan,1,Summer,3.5473684210526315
2025-01-18,2025,Jan,1,Summer,1.4193548387096764
2025-01-18,2025,Jan,1,Summer,3.770833333333333
2025-01-18,2025,Jan,1,Summer,3.105263157894735
2025-01-18,2025,Jan,1,Summer,4.0638297872340425
2025-01-18,2025,Jan,1,Summer,2.895833333333333
2025-01-18,2025,Jan,1,Summer,1.28125
2025-01-19,2025,Jan,1,Summer,1.71875
2025-01-19,2025,Jan,1,Summer,2.9375
2025-01-19,2025,Jan,1,Summer,2.463917525773195
2025-01-19,2025,Jan,1,Summer,2.831578947368418
2025-01-19,2025,Jan,1,Summer,3.125
2025-01-19,2025,Jan,1,Summer,0.6105263157894734
2025-01-19,2025,Jan,1,Summer,1.3894736842105264
2025-01-19,2025,Jan,1,Summer,3.063157894736842
2025-01-19,2025,Jan,1,Summer,1.6736842105263146
2025-01-19,2025,Jan,1,Summer,2.191489361702128
2025-01-19,2025,Jan,1,Summer,0.9270833333333336
2025-01-20,2025,Jan,1,Summer,3.1145833333333326
2025-01-20,2025,Jan,1,Summer,5.78125
2025-01-20,2025,Jan,1,Summer,4.43157894736842
2025-01-20,2025,Jan,1,Summer,6.389473684210528
2025-01-20,2025,Jan,1,Summer,5.368421052631579
2025-01-20,2025,Jan,1,Summer,2.336842105263157
2025-01-20,2025,Jan,1,Summer,3.0104166666666665
2025-01-20,2025,Jan,1,Summer,4.229166666666667
2025-01-20,2025,Jan,1,Summer,2.6063829787234054
2025-01-20,2025,Jan,1,Summer,4.119565217391305
2025-01-20,2025,Jan,1,Summer,2.642105263157895
2025-01-21,2025,Jan,1,Summer,7.854166666666665
2025-01-21,2025,Jan,1,Summer,8.65625
2025-01-21,2025,Jan,1,Summer,6.357894736842106
2025-01-21,2025,Jan,1,Summer,8.84375
2025-01-21,2025,Jan,1,Summer,6.854166666666667
2025-01-21,2025,Jan,1,Summer,6.0
2025-01-21,2025,Jan,1,Summer,5.25
2025-01-21,2025,Jan,1,Summer,5.956521739130434
2025-01-21,2025,Jan,1,Summer,5.589473684210527
2025-01-21,2025,Jan,1,Summer,6.75
2025-01-21,2025,Jan,1,Summer,4.541666666666666
2025-01-22,2025,Jan,1,Summer,1.697916666666667
2025-01-22,2025,Jan,1,Summer,3.494623655913978
2025-01-22,2025,Jan,1,Summer,3.1170212765957457
2025-01-22,2025,Jan,1,Summer,2.8125
2025-01-22,2025,Jan,1,Summer,3.252631578947369
2025-01-22,2025,Jan,1,Summer,4.157894736842104
2025-01-22,2025,Jan,1,Summer,2.625
2025-01-22,2025,Jan,1,Summer,2.397849462365591
2025-01-22,2025,Jan,1,Summer,3.208333333333333
2025-01-22,2025,Jan,1,Summer,3.1875
2025-01-22,2025,Jan,1,Summer,1.2604166666666672
2025-01-23,2025,Jan,1,Summer,3.1145833333333344
2025-01-23,2025,Jan,1,Summer,6.166666666666669
2025-01-23,2025,Jan,1,Summer,4.319587628865981
2025-01-23,2025,Jan,1,Summer,2.7368421052631584
2025-01-23,2025,Jan,1,Summer,4.3684210526315805
2025-01-23,2025,Jan,1,Summer,0.125
2025-01-23,2025,Jan,1,Summer,0.0
2025-01-23,2025,Jan,1,Summer,2.242105263157894
2025-01-23,2025,Jan,1,Summer,2.625
2025-01-23,2025,Jan,1,Summer,3.9479166666666665
2025-01-23,2025,Jan,1,Summer,2.395833333333333
2025-01-24,2025,Jan,1,Summer,1.1458333333333333
2025-01-24,2025,Jan,1,Summer,3.697916666666667
2025-01-24,2025,Jan,1,Summer,1.9468085106382975
2025-01-24,2025,Jan,1,Summer,2.677083333333333
2025-01-24,2025,Jan,1,Summer,2.221052631578947
2025-01-24,2025,Jan,1,Summer,1.452631578947366
2025-01-24,2025,Jan,1,Summer,1.3894736842105258
2025-01-24,2025,Jan,1,Summer,2.09375
2025-01-24,2025,Jan,1,Summer,0.65625
2025-01-24,2025,Jan,1,Summer,1.875
2025-01-24,2025,Jan,1,Summer,0.4166666666666669
2025-01-25,2025,Jan,1,Summer,4.208333333333334
2025-01-25,2025,Jan,1,Summer,5.14736842105263
2025-01-25,2025,Jan,1,Summer,3.8645833333333335
2025-01-25,2025,Jan,1,Summer,2.375
2025-01-25,2025,Jan,1,Summer,4.673684210526315
2025-01-25,2025,Jan,1,Summer,3.458333333333333
2025-01-25,2025,Jan,1,Summer,0.5208333333333336
2025-01-25,2025,Jan,1,Summer,2.791666666666667
2025-01-25,2025,Jan,1,Summer,0.9368421052631578
2025-01-25,2025,Jan,1,Summer,3.831578947368421
2025-01-25,2025,Jan,1,Summer,2.020833333333333
2025-01-26,2025,Jan,1,Summer,2.885416666666667
2025-01-26,2025,Jan,1,Summer,3.4000000000000004
2025-01-26,2025,Jan,1,Summer,3.0
2025-01-26,2025,Jan,1,Summer,3.052083333333333
2025-01-26,2025,Jan,1,Summer,3.34375
2025-01-26,2025,Jan,1,Summer,2.389473684210527
2025-01-26,2025,Jan,1,Summer,1.90625
2025-01-26,2025,Jan,1,Summer,5.270833333333334
2025-01-26,2025,Jan,1,Summer,2.21875
2025-01-26,2025,Jan,1,Summer,3.260416666666667
2025-01-26,2025,Jan,1,Summer,1.5625
2025-01-27,2025,Jan,1,Summer,3.197916666666666
2025-01-27,2025,Jan,1,Summer,4.484210526315788
2025-01-27,2025,Jan,1,Summer,3.427083333333333
2025-01-27,2025,Jan,1,Summer,2.979166666666667
2025-01-27,2025,Jan,1,Summer,4.791666666666666
2025-01-27,2025,Jan,1,Summer,1.9791666666666667
2025-01-27,2025,Jan,1,Summer,2.3125
2025-01-27,2025,Jan,1,Summer,3.03125
2025-01-27,2025,Jan,1,Summer,2.5789473684210527
2025-01-27,2025,Jan,1,Summer,3.977272727272727
2025-01-27,2025,Jan,1,Summer,2.552083333333333
2025-01-28,2025,Jan,1,Summer,2.6458333333333357
2025-01-28,2025,Jan,1,Summer,3.4842105263157896
2025-01-28,2025,Jan,1,Summer,2.71875
2025-01-28,2025,Jan,1,Summer,4.315789473684212
2025-01-28,2025,Jan,1,Summer,2.875
2025-01-28,2025,Jan,1,Summer,2.90625
2025-01-28,2025,Jan,1,Summer,2.802083333333333
2025-01-28,2025,Jan,1,Summer,2.778947368421051
2025-01-28,2025,Jan,1,Summer,1.5894736842105264
2025-01-28,2025,Jan,1,Summer,2.7435897435897427
2025-01-28,2025,Jan,1,Summer,1.0520833333333337
2025-01-29,2025,Jan,1,Summer,0.84375
2025-01-29,2025,Jan,1,Summer,2.770833333333333
2025-01-29,2025,Jan,1,Summer,1.9157894736842107
2025-01-29,2025,Jan,1,Summer,0.875
2025-01-29,2025,Jan,1,Summer,2.28125
2025-01-29,2025,Jan,1,Summer,2.74468085106383
2025-01-29,2025,Jan,1,Summer,2.042105263157895
2025-01-29,2025,Jan,1,Summer,1.78125
2025-01-29,2025,Jan,1,Summer,1.1875
2025-01-29,2025,Jan,1,Summer,0.368421052631579
2025-01-30,2025,Jan,1,Summer,0.1041666666666666
2025-01-30,2025,Jan,1,Summer,2.052083333333333
2025-01-30,2025,Jan,1,Summer,1.46875
2025-01-30,2025,Jan,1,Summer,0.0
2025-01-30,2025,Jan,1,Summer,1.4210526315789476
2025-01-30,2025,Jan,1,Summer,1.744680851063828
2025-01-30,2025,Jan,1,Summer,1.0
2025-01-30,2025,Jan,1,Summer,1.7052631578947377
2025-01-30,2025,Jan,1,Summer,0.4680851063829784
2025-01-30,2025,Jan,1,Summer,0.09375
2025-01-31,2025,Jan,1,Summer,0.5154639175257737
2025-01-31,2025,Jan,1,Summer,2.4479166666666674
2025-01-31,2025,Jan,1,Summer,1.947368421052632
2025-01-31,2025,Jan,1,Summer,1.3645833333333333
2025-01-31,2025,Jan,1,Summer,1.78125
2025-01-31,2025,Jan,1,Summer,0.5416666666666667
2025-01-31,2025,Jan,1,Summer,1.1875
2025-01-31,2025,Jan,1,Summer,0.5104166666666667
2025-01-31,2025,Jan,1,Summer,1.4375
2025-01-31,2025,Jan,1,Summer,0.1458333333333333
2025-02-01,2025,Feb,2,Summer,8.094736842105268
2025-02-01,2025,Feb,2,Summer,12.610526315789476
2025-02-01,2025,Feb,2,Summer,9.061855670103098
2025-02-01,2025,Feb,2,Summer,5.11458333333333
2025-02-01,2025,Feb,2,Summer,9.25
2025-02-01,2025,Feb,2,Summer,4.947916666666671
2025-02-01,2025,Feb,2,Summer,9.104166666666671
2025-02-01,2025,Feb,2,Summer,8.105263157894735
2025-02-01,2025,Feb,2,Summer,0.1666666666666668
2025-02-01,2025,Feb,2,Summer,7.989583333333328
2025-02-02,2025,Feb,2,Summer,7.628865979381447
2025-02-02,2025,Feb,2,Summer,8.193548387096776
2025-02-02,2025,Feb,2,Summer,6.510416666666666
2025-02-02,2025,Feb,2,Summer,8.494736842105265
2025-02-02,2025,Feb,2,Summer,8.21875
2025-02-02,2025,Feb,2,Summer,6.531914893617018
2025-02-02,2025,Feb,2,Summer,8.59375
2025-02-02,2025,Feb,2,Summer,12.08333333333333
2025-02-02,2025,Feb,2,Summer,1.3333333333333346
2025-02-02,2025,Feb,2,Summer,5.541666666666667
2025-02-03,2025,Feb,2,Summer,12.536842105263164
2025-02-03,2025,Feb,2,Summer,15.21875
2025-02-03,2025,Feb,2,Summer,12.56842105263158
2025-02-03,2025,Feb,2,Summer,13.552083333333334
2025-02-03,2025,Feb,2,Summer,15.378947368421052
2025-02-03,2025,Feb,2,Summer,6.885416666666668
2025-02-03,2025,Feb,2,Summer,19.568421052631567
2025-02-03,2025,Feb,2,Summer,19.5625
2025-02-03,2025,Feb,2,Summer,9.572916666666666
2025-02-03,2025,Feb,2,Summer,12.47916666666666
2025-02-04,2025,Feb,2,Summer,10.66315789473684
2025-02-04,2025,Feb,2,Summer,12.96875
2025-02-04,2025,Feb,2,Summer,10.315789473684209
2025-02-04,2025,Feb,2,Summer,7.59375
2025-02-04,2025,Feb,2,Summer,12.395833333333332
2025-02-04,2025,Feb,2,Summer,7.395833333333334
2025-02-04,2025,Feb,2,Summer,4.0
2025-02-04,2025,Feb,2,Summer,15.80208333333334
2025-02-04,2025,Feb,2,Summer,8.768421052631577
2025-02-04,2025,Feb,2,Summer,9.229166666666668
2025-02-05,2025,Feb,2,Summer,8.625
2025-02-05,2025,Feb,2,Summer,17.9578947368421
2025-02-05,2025,Feb,2,Summer,14.572916666666664
2025-02-05,2025,Feb,2,Summer,13.46875
2025-02-05,2025,Feb,2,Summer,16.12631578947369
2025-02-05,2025,Feb,2,Summer,17.263157894736835
2025-02-05,2025,Feb,2,Summer,10.666666666666664
2025-02-05,2025,Feb,2,Summer,4.107526881720429
2025-02-05,2025,Feb,2,Summer,23.72340425531916
2025-02-05,2025,Feb,2,Summer,13.614583333333332
2025-02-06,2025,Feb,2,Summer,11.77083333333334
2025-02-06,2025,Feb,2,Summer,17.0
2025-02-06,2025,Feb,2,Summer,12.625
2025-02-06,2025,Feb,2,Summer,12.778947368421056
2025-02-06,2025,Feb,2,Summer,13.677083333333336
2025-02-06,2025,Feb,2,Summer,22.46875
2025-02-06,2025,Feb,2,Summer,1.3125
2025-02-06,2025,Feb,2,Summer,14.2258064516129
2025-02-06,2025,Feb,2,Summer,21.765957446808518
2025-02-06,2025,Feb,2,Summer,11.677083333333336
2025-02-07,2025,Feb,2,Summer,17.020833333333336
2025-02-07,2025,Feb,2,Summer,21.666666666666664
2025-02-07,2025,Feb,2,Summer,16.147368421052633
2025-02-07,2025,Feb,2,Summer,26.677083333333336
2025-02-07,2025,Feb,2,Summer,17.447916666666664
2025-02-07,2025,Feb,2,Summer,14.473684210526317
2025-02-07,2025,Feb,2,Summer,13.021276595744684
2025-02-07,2025,Feb,2,Summer,19.135416666666664
2025-02-07,2025,Feb,2,Summer,11.927083333333334
2025-02-07,2025,Feb,2,Summer,14.729166666666668
2025-02-08,2025,Feb,2,Summer,17.375
2025-02-08,2025,Feb,2,Summer,18.81052631578946
2025-02-08,2025,Feb,2,Summer,15.541666666666664
2025-02-08,2025,Feb,2,Summer,21.95833333333333
2025-02-08,2025,Feb,2,Summer,17.042105263157886
2025-02-08,2025,Feb,2,Summer,12.916666666666664
2025-02-08,2025,Feb,2,Summer,13.291666666666664
2025-02-08,2025,Feb,2,Summer,13.916666666666668
2025-02-08,2025,Feb,2,Summer,7.880434782608698
2025-02-08,2025,Feb,2,Summer,13.947368421052625
2025-02-09,2025,Feb,2,Summer,1.385416666666667
2025-02-09,2025,Feb,2,Summer,2.7395833333333357
2025-02-09,2025,Feb,2,Summer,2.416666666666666
2025-02-09,2025,Feb,2,Summer,2.28125
2025-02-09,2025,Feb,2,Summer,2.697916666666665
2025-02-09,2025,Feb,2,Summer,0.2947368421052637
2025-02-09,2025,Feb,2,Summer,1.03125
2025-02-09,2025,Feb,2,Summer,0.5104166666666662
2025-02-09,2025,Feb,2,Summer,0.8297872340425527
2025-02-09,2025,Feb,2,Summer,1.072916666666666
2025-02-10,2025,Feb,2,Summer,4.447916666666666
2025-02-10,2025,Feb,2,Summer,4.873684210526315
2025-02-10,2025,Feb,2,Summer,3.75
2025-02-10,2025,Feb,2,Summer,9.03125
2025-02-10,2025,Feb,2,Summer,4.53125
2025-02-10,2025,Feb,2,Summer,3.427083333333333
2025-02-10,2025,Feb,2,Summer,5.208333333333334
2025-02-10,2025,Feb,2,Summer,4.515789473684212
2025-02-10,2025,Feb,2,Summer,3.760416666666668
2025-02-10,2025,Feb,2,Summer,2.9166666666666656
2025-02-11,2025,Feb,2,Summer,1.34375
2025-02-11,2025,Feb,2,Summer,3.15625
2025-02-11,2025,Feb,2,Summer,2.4421052631578943
2025-02-11,2025,Feb,2,Summer,1.3368421052631574
2025-02-11,2025,Feb,2,Summer,2.305263157894737
2025-02-11,2025,Feb,2,Summer,1.231578947368421
2025-02-11,2025,Feb,2,Summer,1.5625
2025-02-11,2025,Feb,2,Summer,1.5652173913043468
2025-02-11,2025,Feb,2,Summer,1.1770833333333337
2025-02-11,2025,Feb,2,Summer,0.739583333333333
2025-02-12,2025,Feb,2,Summer,1.96875
2025-02-12,2025,Feb,2,Summer,4.979166666666668
2025-02-12,2025,Feb,2,Summer,3.7604166666666665
2025-02-12,2025,Feb,2,Summer,0.75
2025-02-12,2025,Feb,2,Summer,3.7916666666666665
2025-02-12,2025,Feb,2,Summer,1.9479166666666663
2025-02-12,2025,Feb,2,Summer,1.884210526315789
2025-02-12,2025,Feb,2,Summer,4.71578947368421
2025-02-12,2025,Feb,2,Summer,2.854166666666666
2025-02-12,2025,Feb,2,Summer,1.75
2025-02-13,2025,Feb,2,Summer,3.7708333333333335
2025-02-13,2025,Feb,2,Summer,5.166666666666665
2025-02-13,2025,Feb,2,Summer,3.6979166666666665
2025-02-13,2025,Feb,2,Summer,2.4375
2025-02-13,2025,Feb,2,Summer,4.157894736842106
2025-02-13,2025,Feb,2,Summer,2.333333333333333
2025-02-13,2025,Feb,2,Summer,2.645833333333333
2025-02-13,2025,Feb,2,Summer,3.1578947368421053
2025-02-13,2025,Feb,2,Summer,2.1052631578947367
2025-02-13,2025,Feb,2,Summer,1.854166666666666
2025-02-14,2025,Feb,2,Summer,1.7083333333333333
2025-02-14,2025,Feb,2,Summer,4.968421052631579
2025-02-14,2025,Feb,2,Summer,3.705263157894737
2025-02-14,2025,Feb,2,Summer,2.052083333333333
2025-02-14,2025,Feb,2,Summer,2.96875
2025-02-14,2025,Feb,2,Summer,2.6666666666666674
2025-02-14,2025,Feb,2,Summer,3.375
2025-02-14,2025,Feb,2,Summer,1.7368421052631582
2025-02-14,2025,Feb,2,Summer,2.8854166666666665
2025-02-14,2025,Feb,2,Summer,1.3645833333333333
2025-02-15,2025,Feb,2,Summer,0.9791666666666676
2025-02-15,2025,Feb,2,Summer,3.2795698924731176
2025-02-15,2025,Feb,2,Summer,2.5833333333333326
2025-02-15,2025,Feb,2,Summer,1.3020833333333333
2025-02-15,2025,Feb,2,Summer,1.9583333333333328
2025-02-15,2025,Feb,2,Summer,1.052083333333334
2025-02-15,2025,Feb,2,Summer,1.96875
2025-02-15,2025,Feb,2,Summer,1.9468085106382975
2025-02-15,2025,Feb,2,Summer,2.0
2025-02-15,2025,Feb,2,Summer,0.4895833333333331
2025-02-16,2025,Feb,2,Summer,0.6041666666666669
2025-02-16,2025,Feb,2,Summer,1.5833333333333337
2025-02-16,2025,Feb,2,Summer,1.736842105263158
2025-02-16,2025,Feb,2,Summer,0.7473684210526319
2025-02-16,2025,Feb,2,Summer,1.625
2025-02-16,2025,Feb,2,Summer,0.8510638297872338
2025-02-16,2025,Feb,2,Summer,0.5
2025-02-16,2025,Feb,2,Summer,0.9791666666666664
2025-02-16,2025,Feb,2,Summer,1.021276595744681
2025-02-16,2025,Feb,2,Summer,0.0625
2025-02-17,2025,Feb,2,Summer,0.1875
2025-02-17,2025,Feb,2,Summer,2.2659574468085104
2025-02-17,2025,Feb,2,Summer,1.5368421052631576
2025-02-17,2025,Feb,2,Summer,1.229166666666667
2025-02-17,2025,Feb,2,Summer,1.4631578947368424
2025-02-17,2025,Feb,2,Summer,0.5894736842105266
2025-02-17,2025,Feb,2,Summer,1.2842105263157897
2025-02-17,2025,Feb,2,Summer,0.6041666666666666
2025-02-17,2025,Feb,2,Summer,1.9148936170212765
2025-02-17,2025,Feb,2,Summer,0.0736842105263158
2025-02-18,2025,Feb,2,Summer,0.8229166666666669
2025-02-18,2025,Feb,2,Summer,3.873684210526316
2025-02-18,2025,Feb,2,Summer,2.208333333333333
2025-02-18,2025,Feb,2,Summer,1.3125
2025-02-18,2025,Feb,2,Summer,2.833333333333333
2025-02-18,2025,Feb,2,Summer,1.4479166666666663
2025-02-18,2025,Feb,2,Summer,0.90625
2025-02-18,2025,Feb,2,Summer,2.36842105263158
2025-02-18,2025,Feb,2,Summer,0.4421052631578944
2025-02-18,2025,Feb,2,Summer,0.53125
2025-02-19,2025,Feb,2,Summer,0.0
2025-02-19,2025,Feb,2,Summer,1.7999999999999996
2025-02-19,2025,Feb,2,Summer,1.4375
2025-02-19,2025,Feb,2,Summer,0.4166666666666667
2025-02-19,2025,Feb,2,Summer,1.5520833333333333
2025-02-19,2025,Feb,2,Summer,0.368421052631579
2025-02-19,2025,Feb,2,Summer,0.4166666666666664
2025-02-19,2025,Feb,2,Summer,0.5729166666666667
2025-02-19,2025,Feb,2,Summer,0.8736842105263155
2025-02-19,2025,Feb,2,Summer,0.0104166666666666
2025-02-20,2025,Feb,2,Summer,0.2105263157894737
2025-02-20,2025,Feb,2,Summer,2.8210526315789464
2025-02-20,2025,Feb,2,Summer,2.114583333333333
2025-02-20,2025,Feb,2,Summer,1.4736842105263162
2025-02-20,2025,Feb,2,Summer,2.5
2025-02-20,2025,Feb,2,Summer,0.9375
2025-02-20,2025,Feb,2,Summer,1.34375
2025-02-20,2025,Feb,2,Summer,1.0
2025-02-20,2025,Feb,2,Summer,1.1052631578947367
2025-02-20,2025,Feb,2,Summer,0.5104166666666666
2025-02-21,2025,Feb,2,Summer,3.46875
2025-02-21,2025,Feb,2,Summer,6.447916666666669
2025-02-21,2025,Feb,2,Summer,6.105263157894735
2025-02-21,2025,Feb,2,Summer,1.75
2025-02-21,2025,Feb,2,Summer,5.82291666666667
2025-02-21,2025,Feb,2,Summer,2.7263157894736816
2025-02-21,2025,Feb,2,Summer,2.234042553191492
2025-02-21,2025,Feb,2,Summer,4.5
2025-02-21,2025,Feb,2,Summer,4.195652173913043
2025-02-21,2025,Feb,2,Summer,2.4375
2025-02-22,2025,Feb,2,Summer,4.46875
2025-02-22,2025,Feb,2,Summer,5.810526315789474
2025-02-22,2025,Feb,2,Summer,6.885416666666667
2025-02-22,2025,Feb,2,Summer,5.229166666666666
2025-02-22,2025,Feb,2,Summer,6.31578947368421
2025-02-22,2025,Feb,2,Summer,4.0625
2025-02-22,2025,Feb,2,Summer,4.729166666666666
2025-02-22,2025,Feb,2,Summer,10.833333333333336
2025-02-22,2025,Feb,2,Summer,17.0
2025-02-22,2025,Feb,2,Summer,3.302083333333333
2025-02-23,2025,Feb,2,Summer,1.9583333333333328
2025-02-23,2025,Feb,2,Summer,3.614583333333333
2025-02-23,2025,Feb,2,Summer,2.9791666666666665
2025-02-23,2025,Feb,2,Summer,3.583333333333334
2025-02-23,2025,Feb,2,Summer,3.458333333333333
2025-02-23,2025,Feb,2,Summer,0.7395833333333333
2025-02-23,2025,Feb,2,Summer,2.15625
2025-02-23,2025,Feb,2,Summer,2.96875
2025-02-23,2025,Feb,2,Summer,8.947368421052628
2025-02-23,2025,Feb,2,Summer,1.5208333333333337
2025-02-24,2025,Feb,2,Summer,0.4479166666666666
2025-02-24,2025,Feb,2,Summer,2.3684210526315788
2025-02-24,2025,Feb,2,Summer,1.75
2025-02-24,2025,Feb,2,Summer,1.7473684210526306
2025-02-24,2025,Feb,2,Summer,2.145833333333333
2025-02-24,2025,Feb,2,Summer,0.1354166666666666
2025-02-24,2025,Feb,2,Summer,0.9583333333333331
2025-02-24,2025,Feb,2,Summer,3.7052631578947377
2025-02-24,2025,Feb,2,Summer,1.0
2025-02-24,2025,Feb,2,Summer,0.4270833333333335
2025-02-25,2025,Feb,2,Summer,3.177083333333333
2025-02-25,2025,Feb,2,Summer,4.71578947368421
2025-02-25,2025,Feb,2,Summer,3.5319148936170213
2025-02-25,2025,Feb,2,Summer,1.4315789473684204
2025-02-25,2025,Feb,2,Summer,3.364583333333333
2025-02-25,2025,Feb,2,Summer,2.073684210526315
2025-02-25,2025,Feb,2,Summer,2.208333333333334
2025-02-25,2025,Feb,2,Summer,4.242105263157894
2025-02-25,2025,Feb,2,Summer,4.28125
2025-02-25,2025,Feb,2,Summer,1.8645833333333333
2025-02-26,2025,Feb,2,Summer,2.510416666666667
2025-02-26,2025,Feb,2,Summer,4.8125
2025-02-26,2025,Feb,2,Summer,3.8210526315789473
2025-02-26,2025,Feb,2,Summer,4.364583333333332
2025-02-26,2025,Feb,2,Summer,4.484210526315789
2025-02-26,2025,Feb,2,Summer,2.114583333333333
2025-02-26,2025,Feb,2,Summer,2.221052631578947
2025-02-26,2025,Feb,2,Summer,3.416666666666666
2025-02-26,2025,Feb,2,Summer,4.375
2025-02-26,2025,Feb,2,Summer,2.157894736842105
2025-02-27,2025,Feb,2,Summer,2.46875
2025-02-27,2025,Feb,2,Summer,5.557894736842106
2025-02-27,2025,Feb,2,Summer,4.094736842105263
2025-02-27,2025,Feb,2,Summer,4.4375
2025-02-27,2025,Feb,2,Summer,3.8191489361702127
2025-02-27,2025,Feb,2,Summer,2.239583333333333
2025-02-27,2025,Feb,2,Summer,3.46875
2025-02-27,2025,Feb,2,Summer,3.1875
2025-02-27,2025,Feb,2,Summer,3.457446808510638
2025-02-27,2025,Feb,2,Summer,2.125
2025-02-28,2025,Feb,2,Summer,0.9375
2025-02-28,2025,Feb,2,Summer,3.59375
2025-02-28,2025,Feb,2,Summer,2.71875
2025-02-28,2025,Feb,2,Summer,2.0729166666666674
2025-02-28,2025,Feb,2,Summer,2.708333333333333
2025-02-28,2025,Feb,2,Summer,1.6770833333333333
2025-02-28,2025,Feb,2,Summer,1.177083333333334
2025-02-28,2025,Feb,2,Summer,2.2291666666666665
2025-02-28,2025,Feb,2,Summer,1.6875
2025-02-28,2025,Feb,2,Summer,0.8645833333333335
2025-03-01,2025,Mar,3,Autumn,3.322916666666667
2025-03-01,2025,Mar,3,Autumn,5.0210526315789465
2025-03-01,2025,Mar,3,Autumn,3.84375
2025-03-01,2025,Mar,3,Autumn,6.0
2025-03-01,2025,Mar,3,Autumn,4.421052631578948
2025-03-01,2025,Mar,3,Autumn,4.326315789473685
2025-03-01,2025,Mar,3,Autumn,3.333333333333333
2025-03-01,2025,Mar,3,Autumn,4.372340425531914
2025-03-01,2025,Mar,3,Autumn,4.635416666666667
2025-03-01,2025,Mar,3,Autumn,2.1041666666666665
2025-03-02,2025,Mar,3,Autumn,0.6631578947368426
2025-03-02,2025,Mar,3,Autumn,2.458333333333333
2025-03-02,2025,Mar,3,Autumn,2.126315789473684
2025-03-02,2025,Mar,3,Autumn,2.28421052631579
2025-03-02,2025,Mar,3,Autumn,2.65625
2025-03-02,2025,Mar,3,Autumn,1.6631578947368426
2025-03-02,2025,Mar,3,Autumn,1.5208333333333328
2025-03-02,2025,Mar,3,Autumn,2.135416666666667
2025-03-02,2025,Mar,3,Autumn,1.354166666666668
2025-03-02,2025,Mar,3,Autumn,0.8020833333333331
2025-03-03,2025,Mar,3,Autumn,0.8526315789473682
2025-03-03,2025,Mar,3,Autumn,2.395833333333334
2025-03-03,2025,Mar,3,Autumn,2.302083333333333
2025-03-03,2025,Mar,3,Autumn,1.6875
2025-03-03,2025,Mar,3,Autumn,2.3684210526315788
2025-03-03,2025,Mar,3,Autumn,1.789473684210526
2025-03-03,2025,Mar,3,Autumn,1.3473684210526315
2025-03-03,2025,Mar,3,Autumn,2.063829787234043
2025-03-03,2025,Mar,3,Autumn,1.041666666666666
2025-03-03,2025,Mar,3,Autumn,0.6145833333333333
2025-03-04,2025,Mar,3,Autumn,5.734042553191491
2025-03-04,2025,Mar,3,Autumn,10.26315789473684
2025-03-04,2025,Mar,3,Autumn,7.885416666666664
2025-03-04,2025,Mar,3,Autumn,15.54166666666667
2025-03-04,2025,Mar,3,Autumn,9.0
2025-03-04,2025,Mar,3,Autumn,6.168421052631579
2025-03-04,2025,Mar,3,Autumn,6.6701030927835046
2025-03-04,2025,Mar,3,Autumn,7.747368421052629
2025-03-04,2025,Mar,3,Autumn,6.052631578947367
2025-03-04,2025,Mar,3,Autumn,5.421052631578949
2025-03-05,2025,Mar,3,Autumn,7.479166666666667
2025-03-05,2025,Mar,3,Autumn,12.63157894736842
2025-03-05,2025,Mar,3,Autumn,9.875
2025-03-05,2025,Mar,3,Autumn,11.791666666666668
2025-03-05,2025,Mar,3,Autumn,10.78125
2025-03-05,2025,Mar,3,Autumn,7.541666666666668
2025-03-05,2025,Mar,3,Autumn,7.479166666666666
2025-03-05,2025,Mar,3,Autumn,5.515789473684212
2025-03-05,2025,Mar,3,Autumn,6.4375
2025-03-05,2025,Mar,3,Autumn,8.229166666666666
2025-03-06,2025,Mar,3,Autumn,9.333333333333332
2025-03-06,2025,Mar,3,Autumn,12.3125
2025-03-06,2025,Mar,3,Autumn,10.34375
2025-03-06,2025,Mar,3,Autumn,10.333333333333332
2025-03-06,2025,Mar,3,Autumn,10.65625
2025-03-06,2025,Mar,3,Autumn,10.447916666666666
2025-03-06,2025,Mar,3,Autumn,12.114583333333336
2025-03-06,2025,Mar,3,Autumn,14.872340425531911
2025-03-06,2025,Mar,3,Autumn,13.291666666666664
2025-03-06,2025,Mar,3,Autumn,9.364583333333336
2025-03-07,2025,Mar,3,Autumn,5.447916666666667
2025-03-07,2025,Mar,3,Autumn,8.145833333333336
2025-03-07,2025,Mar,3,Autumn,6.3684210526315805
2025-03-07,2025,Mar,3,Autumn,6.5368421052631565
2025-03-07,2025,Mar,3,Autumn,5.739583333333332
2025-03-07,2025,Mar,3,Autumn,3.894736842105264
2025-03-07,2025,Mar,3,Autumn,8.094736842105263
2025-03-07,2025,Mar,3,Autumn,26.86315789473684
2025-03-07,2025,Mar,3,Autumn,5.768421052631581
2025-03-07,2025,Mar,3,Autumn,3.4270833333333326
2025-03-08,2025,Mar,3,Autumn,2.2291666666666656
2025-03-08,2025,Mar,3,Autumn,4.3052631578947365
2025-03-08,2025,Mar,3,Autumn,2.914893617021276
2025-03-08,2025,Mar,3,Autumn,2.7083333333333326
2025-03-08,2025,Mar,3,Autumn,3.0106382978723403
2025-03-08,2025,Mar,3,Autumn,0.90625
2025-03-08,2025,Mar,3,Autumn,1.520833333333333
2025-03-08,2025,Mar,3,Autumn,3.84375
2025-03-08,2025,Mar,3,Autumn,1.9473684210526323
2025-03-08,2025,Mar,3,Autumn,2.1578947368421035
2025-03-09,2025,Mar,3,Autumn,8.76041666666666
2025-03-09,2025,Mar,3,Autumn,2.4842105263157888
2025-03-09,2025,Mar,3,Autumn,3.427083333333333
2025-03-09,2025,Mar,3,Autumn,3.28125
2025-03-09,2025,Mar,3,Autumn,3.25
2025-03-09,2025,Mar,3,Autumn,1.458333333333333
2025-03-09,2025,Mar,3,Autumn,3.854166666666666
2025-03-09,2025,Mar,3,Autumn,3.4736842105263164
2025-03-09,2025,Mar,3,Autumn,1.40625
2025-03-09,2025,Mar,3,Autumn,1.1979166666666674
2025-03-10,2025,Mar,3,Autumn,2.3894736842105244
2025-03-10,2025,Mar,3,Autumn,1.5368421052631576
2025-03-10,2025,Mar,3,Autumn,1.884210526315789
2025-03-10,2025,Mar,3,Autumn,2.40625
2025-03-10,2025,Mar,3,Autumn,1.3541666666666667
2025-03-10,2025,Mar,3,Autumn,0.1458333333333332
2025-03-10,2025,Mar,3,Autumn,0.0526315789473684
2025-03-10,2025,Mar,3,Autumn,0.8210526315789463
2025-03-10,2025,Mar,3,Autumn,0.0416666666666667
2025-03-10,2025,Mar,3,Autumn,0.03125
2025-03-11,2025,Mar,3,Autumn,4.01063829787234
2025-03-11,2025,Mar,3,Autumn,5.96875
2025-03-11,2025,Mar,3,Autumn,4.84375
2025-03-11,2025,Mar,3,Autumn,3.831578947368421
2025-03-11,2025,Mar,3,Autumn,4.806451612903227
2025-03-11,2025,Mar,3,Autumn,3.25
2025-03-11,2025,Mar,3,Autumn,4.166666666666666
2025-03-11,2025,Mar,3,Autumn,5.80851063829787
2025-03-11,2025,Mar,3,Autumn,3.2291666666666656
2025-03-11,2025,Mar,3,Autumn,2.229166666666667
2025-03-12,2025,Mar,3,Autumn,4.721649484536084
2025-03-12,2025,Mar,3,Autumn,6.479166666666666
2025-03-12,2025,Mar,3,Autumn,5.831578947368421
2025-03-12,2025,Mar,3,Autumn,4.854166666666667
2025-03-12,2025,Mar,3,Autumn,5.8
2025-03-12,2025,Mar,3,Autumn,5.978947368421053
2025-03-12,2025,Mar,3,Autumn,4.0
2025-03-12,2025,Mar,3,Autumn,9.34375
2025-03-12,2025,Mar,3,Autumn,4.583333333333334
2025-03-12,2025,Mar,3,Autumn,3.84375
2025-03-13,2025,Mar,3,Autumn,3.042105263157896
2025-03-13,2025,Mar,3,Autumn,5.927083333333334
2025-03-13,2025,Mar,3,Autumn,4.458333333333332
2025-03-13,2025,Mar,3,Autumn,5.197916666666669
2025-03-13,2025,Mar,3,Autumn,4.684210526315791
2025-03-13,2025,Mar,3,Autumn,4.78125
2025-03-13,2025,Mar,3,Autumn,2.583333333333333
2025-03-13,2025,Mar,3,Autumn,5.915789473684208
2025-03-13,2025,Mar,3,Autumn,5.642105263157891
2025-03-13,2025,Mar,3,Autumn,2.65625
2025-03-14,2025,Mar,3,Autumn,4.6875
2025-03-14,2025,Mar,3,Autumn,11.65625
2025-03-14,2025,Mar,3,Autumn,8.635416666666668
2025-03-14,2025,Mar,3,Autumn,9.427083333333332
2025-03-14,2025,Mar,3,Autumn,8.114583333333332
2025-03-14,2025,Mar,3,Autumn,5.25
2025-03-14,2025,Mar,3,Autumn,1.0
2025-03-14,2025,Mar,3,Autumn,8.376344086021506
2025-03-14,2025,Mar,3,Autumn,8.9375
2025-03-14,2025,Mar,3,Autumn,5.927083333333333
2025-03-15,2025,Mar,3,Autumn,7.09375
2025-03-15,2025,Mar,3,Autumn,11.78723404255319
2025-03-15,2025,Mar,3,Autumn,12.0
2025-03-15,2025,Mar,3,Autumn,8.583333333333336
2025-03-15,2025,Mar,3,Autumn,11.302083333333329
2025-03-15,2025,Mar,3,Autumn,6.729166666666669
2025-03-15,2025,Mar,3,Autumn,6.802083333333336
2025-03-15,2025,Mar,3,Autumn,13.252631578947366
2025-03-15,2025,Mar,3,Autumn,9.208333333333329
2025-03-15,2025,Mar,3,Autumn,7.645833333333336
2025-03-16,2025,Mar,3,Autumn,3.78125
2025-03-16,2025,Mar,3,Autumn,5.239583333333333
2025-03-16,2025,Mar,3,Autumn,4.776595744680854
2025-03-16,2025,Mar,3,Autumn,6.9894736842105285
2025-03-16,2025,Mar,3,Autumn,5.452631578947364
2025-03-16,2025,Mar,3,Autumn,4.86315789473684
2025-03-16,2025,Mar,3,Autumn,8.145833333333334
2025-03-16,2025,Mar,3,Autumn,6.0
2025-03-16,2025,Mar,3,Autumn,4.547368421052637
2025-03-16,2025,Mar,3,Autumn,3.395833333333333
2025-03-17,2025,Mar,3,Autumn,0.3333333333333331
2025-03-17,2025,Mar,3,Autumn,2.375
2025-03-17,2025,Mar,3,Autumn,1.9574468085106385
2025-03-17,2025,Mar,3,Autumn,1.2395833333333328
2025-03-17,2025,Mar,3,Autumn,2.268817204301075
2025-03-17,2025,Mar,3,Autumn,0.53125
2025-03-17,2025,Mar,3,Autumn,4.659574468085106
2025-03-17,2025,Mar,3,Autumn,2.2173913043478253
2025-03-17,2025,Mar,3,Autumn,0.3510638297872339
2025-03-17,2025,Mar,3,Autumn,0.3052631578947367
2025-03-18,2025,Mar,3,Autumn,0.8854166666666666
2025-03-18,2025,Mar,3,Autumn,2.875
2025-03-18,2025,Mar,3,Autumn,2.447916666666668
2025-03-18,2025,Mar,3,Autumn,1.0
2025-03-18,2025,Mar,3,Autumn,2.297872340425532
2025-03-18,2025,Mar,3,Autumn,1.810526315789473
2025-03-18,2025,Mar,3,Autumn,1.3125
2025-03-18,2025,Mar,3,Autumn,1.75
2025-03-18,2025,Mar,3,Autumn,1.2765957446808514
2025-03-18,2025,Mar,3,Autumn,0.4270833333333331
2025-03-19,2025,Mar,3,Autumn,4.8125
2025-03-19,2025,Mar,3,Autumn,6.9375
2025-03-19,2025,Mar,3,Autumn,7.30208333333333
2025-03-19,2025,Mar,3,Autumn,4.757894736842106
2025-03-19,2025,Mar,3,Autumn,8.05208333333333
2025-03-19,2025,Mar,3,Autumn,2.885416666666667
2025-03-19,2025,Mar,3,Autumn,3.75
2025-03-19,2025,Mar,3,Autumn,9.989361702127654
2025-03-19,2025,Mar,3,Autumn,3.510416666666667
2025-03-19,2025,Mar,3,Autumn,3.1666666666666665
2025-03-20,2025,Mar,3,Autumn,4.125
2025-03-20,2025,Mar,3,Autumn,3.8
2025-03-20,2025,Mar,3,Autumn,3.614583333333333
2025-03-20,2025,Mar,3,Autumn,3.5
2025-03-20,2025,Mar,3,Autumn,3.968421052631579
2025-03-20,2025,Mar,3,Autumn,2.9791666666666656
2025-03-20,2025,Mar,3,Autumn,2.947916666666665
2025-03-20,2025,Mar,3,Autumn,6.315217391304349
2025-03-20,2025,Mar,3,Autumn,5.572916666666665
2025-03-20,2025,Mar,3,Autumn,1.5833333333333337
2025-03-21,2025,Mar,3,Autumn,0.697916666666667
2025-03-21,2025,Mar,3,Autumn,3.1276595744680864
2025-03-21,2025,Mar,3,Autumn,2.2916666666666656
2025-03-21,2025,Mar,3,Autumn,2.252631578947368
2025-03-21,2025,Mar,3,Autumn,2.894736842105264
2025-03-21,2025,Mar,3,Autumn,1.1157894736842109
2025-03-21,2025,Mar,3,Autumn,1.0104166666666667
2025-03-21,2025,Mar,3,Autumn,0.8191489361702126
2025-03-21,2025,Mar,3,Autumn,2.6875
2025-03-21,2025,Mar,3,Autumn,0.3958333333333333
2025-03-22,2025,Mar,3,Autumn,1.59375
2025-03-22,2025,Mar,3,Autumn,3.340425531914893
2025-03-22,2025,Mar,3,Autumn,2.595744680851064
2025-03-22,2025,Mar,3,Autumn,3.645833333333333
2025-03-22,2025,Mar,3,Autumn,3.28421052631579
2025-03-22,2025,Mar,3,Autumn,1.84375
2025-03-22,2025,Mar,3,Autumn,1.0
2025-03-22,2025,Mar,3,Autumn,1.6458333333333337
2025-03-22,2025,Mar,3,Autumn,3.7473684210526312
2025-03-22,2025,Mar,3,Autumn,0.8125
2025-03-23,2025,Mar,3,Autumn,0.5833333333333334
2025-03-23,2025,Mar,3,Autumn,2.6666666666666665
2025-03-23,2025,Mar,3,Autumn,2.635416666666667
2025-03-23,2025,Mar,3,Autumn,7.0
2025-03-23,2025,Mar,3,Autumn,3.09375
2025-03-23,2025,Mar,3,Autumn,2.6354166666666665
2025-03-23,2025,Mar,3,Autumn,1.0625
2025-03-23,2025,Mar,3,Autumn,2.78125
2025-03-23,2025,Mar,3,Autumn,2.239583333333333
2025-03-23,2025,Mar,3,Autumn,0.8333333333333333
2025-03-24,2025,Mar,3,Autumn,0.2708333333333333
2025-03-24,2025,Mar,3,Autumn,2.978947368421053
2025-03-24,2025,Mar,3,Autumn,1.9895833333333333
2025-03-24,2025,Mar,3,Autumn,2.1354166666666674
2025-03-24,2025,Mar,3,Autumn,2.46875
2025-03-24,2025,Mar,3,Autumn,1.0842105263157893
2025-03-24,2025,Mar,3,Autumn,1.0
2025-03-24,2025,Mar,3,Autumn,1.3870967741935487
2025-03-24,2025,Mar,3,Autumn,1.0
2025-03-24,2025,Mar,3,Autumn,0.4270833333333333
2025-03-25,2025,Mar,3,Autumn,2.208333333333333
2025-03-25,2025,Mar,3,Autumn,5.086021505376343
2025-03-25,2025,Mar,3,Autumn,4.083333333333333
2025-03-25,2025,Mar,3,Autumn,1.9157894736842107
2025-03-25,2025,Mar,3,Autumn,4.354166666666667
2025-03-25,2025,Mar,3,Autumn,3.2553191489361715
2025-03-25,2025,Mar,3,Autumn,1.0
2025-03-25,2025,Mar,3,Autumn,3.389473684210526
2025-03-25,2025,Mar,3,Autumn,2.677083333333333
2025-03-25,2025,Mar,3,Autumn,2.302083333333333
2025-03-26,2025,Mar,3,Autumn,3.721649484536081
2025-03-26,2025,Mar,3,Autumn,4.625
2025-03-26,2025,Mar,3,Autumn,3.978947368421053
2025-03-26,2025,Mar,3,Autumn,1.8854166666666667
2025-03-26,2025,Mar,3,Autumn,3.9895833333333335
2025-03-26,2025,Mar,3,Autumn,1.3829787234042543
2025-03-26,2025,Mar,3,Autumn,1.0
2025-03-26,2025,Mar,3,Autumn,2.978947368421052
2025-03-26,2025,Mar,3,Autumn,4.114583333333335
2025-03-26,2025,Mar,3,Autumn,2.114583333333333
2025-03-27,2025,Mar,3,Autumn,1.40625
2025-03-27,2025,Mar,3,Autumn,6.291666666666666
2025-03-27,2025,Mar,3,Autumn,4.301075268817201
2025-03-27,2025,Mar,3,Autumn,2.4791666666666647
2025-03-27,2025,Mar,3,Autumn,4.606382978723398
2025-03-27,2025,Mar,3,Autumn,2.427083333333335
2025-03-27,2025,Mar,3,Autumn,1.78125
2025-03-27,2025,Mar,3,Autumn,3.9473684210526327
2025-03-27,2025,Mar,3,Autumn,2.0
2025-03-27,2025,Mar,3,Autumn,2.6736842105263143
2025-03-28,2025,Mar,3,Autumn,9.03125
2025-03-28,2025,Mar,3,Autumn,14.968421052631577
2025-03-28,2025,Mar,3,Autumn,13.0
2025-03-28,2025,Mar,3,Autumn,10.760416666666668
2025-03-28,2025,Mar,3,Autumn,14.020833333333332
2025-03-28,2025,Mar,3,Autumn,11.744680851063826
2025-03-28,2025,Mar,3,Autumn,8.1875
2025-03-28,2025,Mar,3,Autumn,17.71875
2025-03-28,2025,Mar,3,Autumn,11.114583333333332
2025-03-28,2025,Mar,3,Autumn,9.59375
2025-03-29,2025,Mar,3,Autumn,19.479166666666657
2025-03-29,2025,Mar,3,Autumn,20.905263157894726
2025-03-29,2025,Mar,3,Autumn,18.302083333333336
2025-03-29,2025,Mar,3,Autumn,13.42708333333333
2025-03-29,2025,Mar,3,Autumn,20.29473684210528
2025-03-29,2025,Mar,3,Autumn,14.799999999999995
2025-03-29,2025,Mar,3,Autumn,12.031578947368423
2025-03-29,2025,Mar,3,Autumn,32.71578947368422
2025-03-29,2025,Mar,3,Autumn,19.625
2025-03-29,2025,Mar,3,Autumn,16.489583333333343
2025-03-30,2025,Mar,3,Autumn,2.1666666666666665
2025-03-30,2025,Mar,3,Autumn,2.9583333333333326
2025-03-30,2025,Mar,3,Autumn,3.2708333333333326
2025-03-30,2025,Mar,3,Autumn,3.3157894736842093
2025-03-30,2025,Mar,3,Autumn,3.458333333333333
2025-03-30,2025,Mar,3,Autumn,1.7684210526315796
2025-03-30,2025,Mar,3,Autumn,3.135416666666667
2025-03-30,2025,Mar,3,Autumn,4.223404255319148
2025-03-30,2025,Mar,3,Autumn,2.1875
2025-03-30,2025,Mar,3,Autumn,1.5208333333333324
2025-03-31,2025,Mar,3,Autumn,0.3936170212765958
2025-03-31,2025,Mar,3,Autumn,1.5425531914893618
2025-03-31,2025,Mar,3,Autumn,1.631578947368421
2025-03-31,2025,Mar,3,Autumn,1.34375
2025-03-31,2025,Mar,3,Autumn,1.7291666666666667
2025-03-31,2025,Mar,3,Autumn,0.7708333333333333
2025-03-31,2025,Mar,3,Autumn,2.6808510638297864
2025-03-31,2025,Mar,3,Autumn,1.78125
2025-03-31,2025,Mar,3,Autumn,1.770833333333334
2025-03-31,2025,Mar,3,Autumn,0.2291666666666667
2025-04-01,2025,Apr,4,Autumn,6.1875
2025-04-01,2025,Apr,4,Autumn,8.835051546391753
2025-04-01,2025,Apr,4,Autumn,7.882978723404251
2025-04-01,2025,Apr,4,Autumn,1.2886597938144335
2025-04-01,2025,Apr,4,Autumn,8.468085106382974
2025-04-01,2025,Apr,4,Autumn,5.677777777777772
2025-04-01,2025,Apr,4,Autumn,0.6
2025-04-01,2025,Apr,4,Autumn,7.609195402298861
2025-04-01,2025,Apr,4,Autumn,0.6896551724137927
2025-04-01,2025,Apr,4,Autumn,6.213483146067423
2025-04-02,2025,Apr,4,Autumn,17.979166666666668
2025-04-02,2025,Apr,4,Autumn,17.578947368421055
2025-04-02,2025,Apr,4,Autumn,13.821052631578944
2025-04-02,2025,Apr,4,Autumn,13.197916666666668
2025-04-02,2025,Apr,4,Autumn,15.979166666666666
2025-04-02,2025,Apr,4,Autumn,18.77083333333334
2025-04-02,2025,Apr,4,Autumn,15.125
2025-04-02,2025,Apr,4,Autumn,27.094736842105277
2025-04-02,2025,Apr,4,Autumn,7.631578947368421
2025-04-02,2025,Apr,4,Autumn,13.27083333333333
2025-04-03,2025,Apr,4,Autumn,13.1875
2025-04-03,2025,Apr,4,Autumn,17.14736842105262
2025-04-03,2025,Apr,4,Autumn,13.8125
2025-04-03,2025,Apr,4,Autumn,10.0
2025-04-03,2025,Apr,4,Autumn,16.326315789473668
2025-04-03,2025,Apr,4,Autumn,10.739583333333336
2025-04-03,2025,Apr,4,Autumn,21.936170212765965
2025-04-03,2025,Apr,4,Autumn,17.33333333333334
2025-04-03,2025,Apr,4,Autumn,15.315789473684204
2025-04-03,2025,Apr,4,Autumn,10.895833333333345
2025-04-04,2025,Apr,4,Autumn,0.875
2025-04-04,2025,Apr,4,Autumn,3.589473684210528
2025-04-04,2025,Apr,4,Autumn,3.489583333333334
2025-04-04,2025,Apr,4,Autumn,2.821052631578945
2025-04-04,2025,Apr,4,Autumn,2.552083333333333
2025-04-04,2025,Apr,4,Autumn,0.4315789473684206
2025-04-04,2025,Apr,4,Autumn,1.0
2025-04-04,2025,Apr,4,Autumn,1.4130434782608698
2025-04-04,2025,Apr,4,Autumn,1.3854166666666667
2025-04-04,2025,Apr,4,Autumn,0.6979166666666665
2025-04-05,2025,Apr,4,Autumn,0.2708333333333333
2025-04-05,2025,Apr,4,Autumn,3.208333333333334
2025-04-05,2025,Apr,4,Autumn,3.817204301075271
2025-04-05,2025,Apr,4,Autumn,0.4270833333333335
2025-04-05,2025,Apr,4,Autumn,2.9157894736842094
2025-04-05,2025,Apr,4,Autumn,0.8541666666666677
2025-04-05,2025,Apr,4,Autumn,1.0736842105263154
2025-04-05,2025,Apr,4,Autumn,1.635416666666667
2025-04-05,2025,Apr,4,Autumn,1.3645833333333337
2025-04-05,2025,Apr,4,Autumn,0.7894736842105256
2025-04-06,2025,Apr,4,Autumn,0.9000000000000007
2025-04-06,2025,Apr,4,Autumn,2.9898989898989905
2025-04-06,2025,Apr,4,Autumn,4.16161616161616
2025-04-06,2025,Apr,4,Autumn,0.9899999999999995
2025-04-06,2025,Apr,4,Autumn,3.4299999999999997
2025-04-06,2025,Apr,4,Autumn,4.899999999999997
2025-04-06,2025,Apr,4,Autumn,2.619999999999999
2025-04-06,2025,Apr,4,Autumn,4.240000000000002
2025-04-06,2025,Apr,4,Autumn,3.88888888888889
2025-04-06,2025,Apr,4,Autumn,1.3366336633663376
2025-04-07,2025,Apr,4,Autumn,1.3125
2025-04-07,2025,Apr,4,Autumn,3.063157894736842
2025-04-07,2025,Apr,4,Autumn,2.177083333333333
2025-04-07,2025,Apr,4,Autumn,1.410526315789473
2025-04-07,2025,Apr,4,Autumn,2.854166666666666
2025-04-07,2025,Apr,4,Autumn,0.8526315789473682
2025-04-07,2025,Apr,4,Autumn,0.7052631578947365
2025-04-07,2025,Apr,4,Autumn,10.93814432989691
2025-04-07,2025,Apr,4,Autumn,3.6458333333333353
2025-04-07,2025,Apr,4,Autumn,0.59375
2025-04-08,2025,Apr,4,Autumn,1.6145833333333337
2025-04-08,2025,Apr,4,Autumn,3.126315789473684
2025-04-08,2025,Apr,4,Autumn,2.6702127659574466
2025-04-08,2025,Apr,4,Autumn,1.357894736842105
2025-04-08,2025,Apr,4,Autumn,2.927083333333333
2025-04-08,2025,Apr,4,Autumn,0.71875
2025-04-08,2025,Apr,4,Autumn,1.0
2025-04-08,2025,Apr,4,Autumn,2.221052631578947
2025-04-08,2025,Apr,4,Autumn,1.4479166666666667
2025-04-08,2025,Apr,4,Autumn,0.5625
2025-04-09,2025,Apr,4,Autumn,5.208333333333333
2025-04-09,2025,Apr,4,Autumn,9.958762886597944
2025-04-09,2025,Apr,4,Autumn,8.104166666666668
2025-04-09,2025,Apr,4,Autumn,6.822916666666669
2025-04-09,2025,Apr,4,Autumn,8.989583333333336
2025-04-09,2025,Apr,4,Autumn,6.2736842105263175
2025-04-09,2025,Apr,4,Autumn,1.0
2025-04-09,2025,Apr,4,Autumn,3.842105263157894
2025-04-09,2025,Apr,4,Autumn,1.979166666666665
2025-04-09,2025,Apr,4,Autumn,5.333333333333335
2025-04-10,2025,Apr,4,Autumn,7.4375
2025-04-10,2025,Apr,4,Autumn,9.520833333333334
2025-04-10,2025,Apr,4,Autumn,8.926315789473685
2025-04-10,2025,Apr,4,Autumn,7.0
2025-04-10,2025,Apr,4,Autumn,10.305263157894736
2025-04-10,2025,Apr,4,Autumn,8.020833333333332
2025-04-10,2025,Apr,4,Autumn,2.53125
2025-04-10,2025,Apr,4,Autumn,20.76842105263158
2025-04-10,2025,Apr,4,Autumn,5.463157894736842
2025-04-10,2025,Apr,4,Autumn,6.572916666666667
2025-04-11,2025,Apr,4,Autumn,2.4315789473684206
2025-04-11,2025,Apr,4,Autumn,4.614583333333334
2025-04-11,2025,Apr,4,Autumn,3.875
2025-04-11,2025,Apr,4,Autumn,4.010416666666664
2025-04-11,2025,Apr,4,Autumn,4.354166666666667
2025-04-11,2025,Apr,4,Autumn,2.46875
2025-04-11,2025,Apr,4,Autumn,5.36842105263158
2025-04-11,2025,Apr,4,Autumn,24.78125
2025-04-11,2025,Apr,4,Autumn,2.791666666666667
2025-04-11,2025,Apr,4,Autumn,1.5208333333333328
2025-04-12,2025,Apr,4,Autumn,9.628865979381452
2025-04-12,2025,Apr,4,Autumn,12.344086021505364
2025-04-12,2025,Apr,4,Autumn,11.91666666666666
2025-04-12,2025,Apr,4,Autumn,9.29166666666666
2025-04-12,2025,Apr,4,Autumn,11.66666666666666
2025-04-12,2025,Apr,4,Autumn,7.520833333333329
2025-04-12,2025,Apr,4,Autumn,2.25
2025-04-12,2025,Apr,4,Autumn,6.578947368421051
2025-04-12,2025,Apr,4,Autumn,5.25
2025-04-12,2025,Apr,4,Autumn,7.729166666666667
2025-04-13,2025,Apr,4,Autumn,14.72916666666666
2025-04-13,2025,Apr,4,Autumn,9.452631578947368
2025-04-13,2025,Apr,4,Autumn,8.385416666666668
2025-04-13,2025,Apr,4,Autumn,10.831578947368415
2025-04-13,2025,Apr,4,Autumn,11.020833333333332
2025-04-13,2025,Apr,4,Autumn,10.505263157894737
2025-04-13,2025,Apr,4,Autumn,10.4375
2025-04-13,2025,Apr,4,Autumn,12.01063829787234
2025-04-13,2025,Apr,4,Autumn,8.125
2025-04-13,2025,Apr,4,Autumn,7.302083333333335
2025-04-14,2025,Apr,4,Autumn,2.684210526315788
2025-04-14,2025,Apr,4,Autumn,5.073684210526316
2025-04-14,2025,Apr,4,Autumn,4.126315789473685
2025-04-14,2025,Apr,4,Autumn,5.03125
2025-04-14,2025,Apr,4,Autumn,4.484210526315788
2025-04-14,2025,Apr,4,Autumn,2.28125
2025-04-14,2025,Apr,4,Autumn,4.947368421052633
2025-04-14,2025,Apr,4,Autumn,6.239583333333332
2025-04-14,2025,Apr,4,Autumn,4.302083333333333
2025-04-14,2025,Apr,4,Autumn,2.336842105263157
2025-04-15,2025,Apr,4,Autumn,8.583333333333334
2025-04-15,2025,Apr,4,Autumn,12.031578947368423
2025-04-15,2025,Apr,4,Autumn,9.715789473684213
2025-04-15,2025,Apr,4,Autumn,11.052083333333336
2025-04-15,2025,Apr,4,Autumn,11.305263157894736
2025-04-15,2025,Apr,4,Autumn,6.270833333333332
2025-04-15,2025,Apr,4,Autumn,10.66666666666667
2025-04-15,2025,Apr,4,Autumn,19.45833333333334
2025-04-15,2025,Apr,4,Autumn,8.31578947368421
2025-04-15,2025,Apr,4,Autumn,7.229166666666667
2025-04-16,2025,Apr,4,Autumn,6.333333333333332
2025-04-16,2025,Apr,4,Autumn,9.525773195876289
2025-04-16,2025,Apr,4,Autumn,8.479166666666666
2025-04-16,2025,Apr,4,Autumn,8.884210526315789
2025-04-16,2025,Apr,4,Autumn,9.30526315789474
2025-04-16,2025,Apr,4,Autumn,6.145833333333335
2025-04-16,2025,Apr,4,Autumn,6.978947368421054
2025-04-16,2025,Apr,4,Autumn,9.432098765432096
2025-04-16,2025,Apr,4,Autumn,15.208333333333332
2025-04-16,2025,Apr,4,Autumn,6.0625
2025-04-17,2025,Apr,4,Autumn,9.916666666666668
2025-04-17,2025,Apr,4,Autumn,13.052631578947368
2025-04-17,2025,Apr,4,Autumn,11.572916666666666
2025-04-17,2025,Apr,4,Autumn,10.864583333333334
2025-04-17,2025,Apr,4,Autumn,13.28125
2025-04-17,2025,Apr,4,Autumn,10.541666666666666
2025-04-17,2025,Apr,4,Autumn,11.802083333333334
2025-04-17,2025,Apr,4,Autumn,13.236559139784944
2025-04-17,2025,Apr,4,Autumn,11.09375
2025-04-17,2025,Apr,4,Autumn,8.5
2025-04-18,2025,Apr,4,Autumn,10.041666666666664
2025-04-18,2025,Apr,4,Autumn,14.4
2025-04-18,2025,Apr,4,Autumn,11.726315789473684
2025-04-18,2025,Apr,4,Autumn,13.2
2025-04-18,2025,Apr,4,Autumn,13.322916666666666
2025-04-18,2025,Apr,4,Autumn,10.157894736842106
2025-04-18,2025,Apr,4,Autumn,12.09375
2025-04-18,2025,Apr,4,Autumn,17.73684210526316
2025-04-18,2025,Apr,4,Autumn,10.60416666666667
2025-04-18,2025,Apr,4,Autumn,10.041666666666666
2025-04-19,2025,Apr,4,Autumn,10.831578947368415
2025-04-19,2025,Apr,4,Autumn,11.98958333333333
2025-04-19,2025,Apr,4,Autumn,11.0
2025-04-19,2025,Apr,4,Autumn,12.84375
2025-04-19,2025,Apr,4,Autumn,12.168421052631585
2025-04-19,2025,Apr,4,Autumn,11.854166666666668
2025-04-19,2025,Apr,4,Autumn,12.747368421052634
2025-04-19,2025,Apr,4,Autumn,13.604166666666668
2025-04-19,2025,Apr,4,Autumn,9.614583333333332
2025-04-19,2025,Apr,4,Autumn,8.239583333333332
2025-04-20,2025,Apr,4,Autumn,1.84375
2025-04-20,2025,Apr,4,Autumn,2.376344086021506
2025-04-20,2025,Apr,4,Autumn,3.1666666666666665
2025-04-20,2025,Apr,4,Autumn,3.03125
2025-04-20,2025,Apr,4,Autumn,3.34375
2025-04-20,2025,Apr,4,Autumn,4.829787234042553
2025-04-20,2025,Apr,4,Autumn,6.4375
2025-04-20,2025,Apr,4,Autumn,4.6875
2025-04-20,2025,Apr,4,Autumn,2.094736842105263
2025-04-20,2025,Apr,4,Autumn,1.03125
2025-04-21,2025,Apr,4,Autumn,1.21875
2025-04-21,2025,Apr,4,Autumn,2.4000000000000004
2025-04-21,2025,Apr,4,Autumn,2.145833333333333
2025-04-21,2025,Apr,4,Autumn,2.0
2025-04-21,2025,Apr,4,Autumn,2.25
2025-04-21,2025,Apr,4,Autumn,1.6666666666666667
2025-04-21,2025,Apr,4,Autumn,2.635416666666667
2025-04-21,2025,Apr,4,Autumn,3.354166666666665
2025-04-21,2025,Apr,4,Autumn,2.885416666666665
2025-04-21,2025,Apr,4,Autumn,0.6979166666666664
2025-04-22,2025,Apr,4,Autumn,0.610526315789474
2025-04-22,2025,Apr,4,Autumn,2.810526315789473
2025-04-22,2025,Apr,4,Autumn,2.199999999999999
2025-04-22,2025,Apr,4,Autumn,1.2916666666666663
2025-04-22,2025,Apr,4,Autumn,2.4375
2025-04-22,2025,Apr,4,Autumn,0.96875
2025-04-22,2025,Apr,4,Autumn,4.136842105263158
2025-04-22,2025,Apr,4,Autumn,0.7916666666666667
2025-04-22,2025,Apr,4,Autumn,2.4583333333333357
2025-04-22,2025,Apr,4,Autumn,0.46875
2025-04-23,2025,Apr,4,Autumn,1.3958333333333337
2025-04-23,2025,Apr,4,Autumn,4.336956521739132
2025-04-23,2025,Apr,4,Autumn,3.489583333333333
2025-04-23,2025,Apr,4,Autumn,3.336842105263157
2025-04-23,2025,Apr,4,Autumn,3.75
2025-04-23,2025,Apr,4,Autumn,1.7446808510638294
2025-04-23,2025,Apr,4,Autumn,5.021052631578947
2025-04-23,2025,Apr,4,Autumn,4.114583333333332
2025-04-23,2025,Apr,4,Autumn,1.7604166666666663
2025-04-23,2025,Apr,4,Autumn,1.135416666666666
2025-04-24,2025,Apr,4,Autumn,6.614583333333333
2025-04-24,2025,Apr,4,Autumn,6.635416666666665
2025-04-24,2025,Apr,4,Autumn,7.115789473684212
2025-04-24,2025,Apr,4,Autumn,4.34375
2025-04-24,2025,Apr,4,Autumn,6.978947368421054
2025-04-24,2025,Apr,4,Autumn,6.125
2025-04-24,2025,Apr,4,Autumn,7.791666666666667
2025-04-24,2025,Apr,4,Autumn,6.9375
2025-04-24,2025,Apr,4,Autumn,2.6631578947368424
2025-04-24,2025,Apr,4,Autumn,3.663157894736843
2025-04-25,2025,Apr,4,Autumn,8.645833333333334
2025-04-25,2025,Apr,4,Autumn,10.61855670103093
2025-04-25,2025,Apr,4,Autumn,9.635416666666668
2025-04-25,2025,Apr,4,Autumn,9.708333333333332
2025-04-25,2025,Apr,4,Autumn,9.604166666666666
2025-04-25,2025,Apr,4,Autumn,7.09375
2025-04-25,2025,Apr,4,Autumn,5.553191489361703
2025-04-25,2025,Apr,4,Autumn,8.666666666666668
2025-04-25,2025,Apr,4,Autumn,10.375
2025-04-25,2025,Apr,4,Autumn,6.71875
2025-04-26,2025,Apr,4,Autumn,7.270833333333333
2025-04-26,2025,Apr,4,Autumn,7.526315789473686
2025-04-26,2025,Apr,4,Autumn,5.375
2025-04-26,2025,Apr,4,Autumn,8.96875
2025-04-26,2025,Apr,4,Autumn,6.177083333333335
2025-04-26,2025,Apr,4,Autumn,5.375
2025-04-26,2025,Apr,4,Autumn,8.59375
2025-04-26,2025,Apr,4,Autumn,7.708333333333334
2025-04-26,2025,Apr,4,Autumn,5.291666666666666
2025-04-26,2025,Apr,4,Autumn,3.2916666666666665
2025-04-27,2025,Apr,4,Autumn,0.5625
2025-04-27,2025,Apr,4,Autumn,1.9263157894736844
2025-04-27,2025,Apr,4,Autumn,1.5789473684210529
2025-04-27,2025,Apr,4,Autumn,0.8958333333333335
2025-04-27,2025,Apr,4,Autumn,1.5894736842105264
2025-04-27,2025,Apr,4,Autumn,0.9263157894736844
2025-04-27,2025,Apr,4,Autumn,2.40625
2025-04-27,2025,Apr,4,Autumn,2.073684210526316
2025-04-27,2025,Apr,4,Autumn,3.854166666666665
2025-04-27,2025,Apr,4,Autumn,0.2083333333333332
2025-04-28,2025,Apr,4,Autumn,0.9791666666666676
2025-04-28,2025,Apr,4,Autumn,1.8229166666666663
2025-04-28,2025,Apr,4,Autumn,1.5104166666666667
2025-04-28,2025,Apr,4,Autumn,1.3541666666666674
2025-04-28,2025,Apr,4,Autumn,1.873684210526316
2025-04-28,2025,Apr,4,Autumn,0.84375
2025-04-28,2025,Apr,4,Autumn,1.4255319148936163
2025-04-28,2025,Apr,4,Autumn,2.7894736842105257
2025-04-28,2025,Apr,4,Autumn,1.4375
2025-04-28,2025,Apr,4,Autumn,0.1666666666666665
2025-04-29,2025,Apr,4,Autumn,0.0729166666666666
2025-04-29,2025,Apr,4,Autumn,2.382978723404254
2025-04-29,2025,Apr,4,Autumn,1.9684210526315788
2025-04-29,2025,Apr,4,Autumn,0.6145833333333329
2025-04-29,2025,Apr,4,Autumn,1.9361702127659568
2025-04-29,2025,Apr,4,Autumn,1.28125
2025-04-29,2025,Apr,4,Autumn,1.0
2025-04-29,2025,Apr,4,Autumn,1.9052631578947368
2025-04-29,2025,Apr,4,Autumn,0.9263157894736846
2025-04-29,2025,Apr,4,Autumn,0.3645833333333336
2025-04-30,2025,Apr,4,Autumn,0.9578947368421052
2025-04-30,2025,Apr,4,Autumn,2.7368421052631584
2025-04-30,2025,Apr,4,Autumn,2.5
2025-04-30,2025,Apr,4,Autumn,2.1666666666666665
2025-04-30,2025,Apr,4,Autumn,2.1666666666666665
2025-04-30,2025,Apr,4,Autumn,1.9791666666666672
2025-04-30,2025,Apr,4,Autumn,3.708333333333334
2025-04-30,2025,Apr,4,Autumn,3.694736842105263
2025-04-30,2025,Apr,4,Autumn,1.197916666666667
2025-04-30,2025,Apr,4,Autumn,0.4479166666666666
2025-05-01,2025,May,5,Autumn,1.2395833333333337
2025-05-01,2025,May,5,Autumn,4.782608695652176
2025-05-01,2025,May,5,Autumn,2.8541666666666665
2025-05-01,2025,May,5,Autumn,3.208333333333333
2025-05-01,2025,May,5,Autumn,2.9578947368421047
2025-05-01,2025,May,5,Autumn,1.9893617021276595
2025-05-01,2025,May,5,Autumn,2.521276595744681
2025-05-01,2025,May,5,Autumn,2.03125
2025-05-01,2025,May,5,Autumn,1.5208333333333333
2025-05-01,2025,May,5,Autumn,0.8645833333333335
2025-05-02,2025,May,5,Autumn,6.96875
2025-05-02,2025,May,5,Autumn,12.778947368421052
2025-05-02,2025,May,5,Autumn,10.979166666666668
2025-05-02,2025,May,5,Autumn,4.0
2025-05-02,2025,May,5,Autumn,10.510416666666668
2025-05-02,2025,May,5,Autumn,7.642105263157892
2025-05-02,2025,May,5,Autumn,3.5625
2025-05-02,2025,May,5,Autumn,15.64210526315789
2025-05-02,2025,May,5,Autumn,2.34375
2025-05-02,2025,May,5,Autumn,6.885416666666667
2025-05-03,2025,May,5,Autumn,12.04166666666667
2025-05-03,2025,May,5,Autumn,16.145833333333332
2025-05-03,2025,May,5,Autumn,15.68421052631579
2025-05-03,2025,May,5,Autumn,12.197916666666668
2025-05-03,2025,May,5,Autumn,18.69473684210526
2025-05-03,2025,May,5,Autumn,14.71875
2025-05-03,2025,May,5,Autumn,17.42105263157894
2025-05-03,2025,May,5,Autumn,20.56382978723404
2025-05-03,2025,May,5,Autumn,13.17894736842105
2025-05-03,2025,May,5,Autumn,12.631578947368425
2025-05-04,2025,May,5,Autumn,10.322916666666668
2025-05-04,2025,May,5,Autumn,11.484210526315788
2025-05-04,2025,May,5,Autumn,9.677083333333334
2025-05-04,2025,May,5,Autumn,8.547368421052633
2025-05-04,2025,May,5,Autumn,11.614583333333336
2025-05-04,2025,May,5,Autumn,24.03125
2025-05-04,2025,May,5,Autumn,10.21875
2025-05-04,2025,May,5,Autumn,12.177083333333336
2025-05-04,2025,May,5,Autumn,18.494736842105265
2025-05-04,2025,May,5,Autumn,7.9375
2025-05-05,2025,May,5,Autumn,1.9791666666666663
2025-05-05,2025,May,5,Autumn,2.9166666666666665
2025-05-05,2025,May,5,Autumn,3.083333333333333
2025-05-05,2025,May,5,Autumn,3.4375
2025-05-05,2025,May,5,Autumn,3.2421052631578937
2025-05-05,2025,May,5,Autumn,3.6979166666666687
2025-05-05,2025,May,5,Autumn,4.0
2025-05-05,2025,May,5,Autumn,4.34736842105263
2025-05-05,2025,May,5,Autumn,2.989583333333336
2025-05-05,2025,May,5,Autumn,1.2083333333333326
2025-05-06,2025,May,5,Autumn,1.260416666666667
2025-05-06,2025,May,5,Autumn,2.297872340425532
2025-05-06,2025,May,5,Autumn,3.375
2025-05-06,2025,May,5,Autumn,2.135416666666666
2025-05-06,2025,May,5,Autumn,2.208333333333332
2025-05-06,2025,May,5,Autumn,1.1875
2025-05-06,2025,May,5,Autumn,1.2291666666666674
2025-05-06,2025,May,5,Autumn,2.68421052631579
2025-05-06,2025,May,5,Autumn,0.1875
2025-05-06,2025,May,5,Autumn,1.0208333333333328
2025-05-07,2025,May,5,Autumn,0.5416666666666665
2025-05-07,2025,May,5,Autumn,2.5851063829787244
2025-05-07,2025,May,5,Autumn,2.8736842105263167
2025-05-07,2025,May,5,Autumn,1.9052631578947368
2025-05-07,2025,May,5,Autumn,2.479166666666666
2025-05-07,2025,May,5,Autumn,1.0736842105263154
2025-05-07,2025,May,5,Autumn,1.3052631578947376
2025-05-07,2025,May,5,Autumn,6.305263157894736
2025-05-07,2025,May,5,Autumn,0.4166666666666666
2025-05-07,2025,May,5,Autumn,0.875
2025-05-08,2025,May,5,Autumn,1.6105263157894736
2025-05-08,2025,May,5,Autumn,4.90625
2025-05-08,2025,May,5,Autumn,3.265957446808511
2025-05-08,2025,May,5,Autumn,3.0
2025-05-08,2025,May,5,Autumn,3.536842105263158
2025-05-08,2025,May,5,Autumn,2.673684210526316
2025-05-08,2025,May,5,Autumn,3.123711340206186
2025-05-08,2025,May,5,Autumn,6.053191489361703
2025-05-08,2025,May,5,Autumn,2.589473684210524
2025-05-08,2025,May,5,Autumn,1.34375
2025-05-09,2025,May,5,Autumn,2.791666666666667
2025-05-09,2025,May,5,Autumn,6.907216494845364
2025-05-09,2025,May,5,Autumn,4.89690721649485
2025-05-09,2025,May,5,Autumn,3.4375
2025-05-09,2025,May,5,Autumn,5.65625
2025-05-09,2025,May,5,Autumn,5.145833333333334
2025-05-09,2025,May,5,Autumn,7.75
2025-05-09,2025,May,5,Autumn,9.202127659574463
2025-05-09,2025,May,5,Autumn,1.9375
2025-05-09,2025,May,5,Autumn,2.802083333333334
2025-05-10,2025,May,5,Autumn,11.40625
2025-05-10,2025,May,5,Autumn,21.48387096774193
2025-05-10,2025,May,5,Autumn,16.77659574468085
2025-05-10,2025,May,5,Autumn,9.09375
2025-05-10,2025,May,5,Autumn,18.72631578947368
2025-05-10,2025,May,5,Autumn,15.75
2025-05-10,2025,May,5,Autumn,20.354166666666664
2025-05-10,2025,May,5,Autumn,20.223404255319146
2025-05-10,2025,May,5,Autumn,22.96875
2025-05-10,2025,May,5,Autumn,13.364583333333334
2025-05-11,2025,May,5,Autumn,20.743589743589748
2025-05-11,2025,May,5,Autumn,29.52500000000001
2025-05-11,2025,May,5,Autumn,23.41249999999999
2025-05-11,2025,May,5,Autumn,19.543209876543216
2025-05-11,2025,May,5,Autumn,25.77500000000001
2025-05-11,2025,May,5,Autumn,23.78749999999999
2025-05-11,2025,May,5,Autumn,22.325000000000006
2025-05-11,2025,May,5,Autumn,25.873417721518983
2025-05-11,2025,May,5,Autumn,20.83750000000001
2025-05-11,2025,May,5,Autumn,23.199999999999992
2025-05-12,2025,May,5,Autumn,13.12087912087912
2025-05-12,2025,May,5,Autumn,12.011111111111113
2025-05-12,2025,May,5,Autumn,11.1
2025-05-12,2025,May,5,Autumn,9.208791208791206
2025-05-12,2025,May,5,Autumn,14.155555555555557
2025-05-12,2025,May,5,Autumn,10.1978021978022
2025-05-12,2025,May,5,Autumn,16.21348314606742
2025-05-12,2025,May,5,Autumn,14.206521739130434
2025-05-12,2025,May,5,Autumn,30.58888888888888
2025-05-12,2025,May,5,Autumn,8.788888888888888
2025-05-13,2025,May,5,Autumn,16.1875
2025-05-13,2025,May,5,Autumn,21.032608695652176
2025-05-13,2025,May,5,Autumn,16.90625
2025-05-13,2025,May,5,Autumn,7.03125
2025-05-13,2025,May,5,Autumn,19.957894736842107
2025-05-13,2025,May,5,Autumn,13.885416666666666
2025-05-13,2025,May,5,Autumn,11.489583333333332
2025-05-13,2025,May,5,Autumn,26.75
2025-05-13,2025,May,5,Autumn,74.01052631578946
2025-05-13,2025,May,5,Autumn,13.416666666666664
2025-05-14,2025,May,5,Autumn,27.96875
2025-05-14,2025,May,5,Autumn,30.29166666666668
2025-05-14,2025,May,5,Autumn,24.197916666666675
2025-05-14,2025,May,5,Autumn,43.98947368421052
2025-05-14,2025,May,5,Autumn,28.16666666666668
2025-05-14,2025,May,5,Autumn,21.80208333333334
2025-05-14,2025,May,5,Autumn,33.21875
2025-05-14,2025,May,5,Autumn,30.55789473684212
2025-05-14,2025,May,5,Autumn,137.34375
2025-05-14,2025,May,5,Autumn,26.13541666666668
2025-05-15,2025,May,5,Autumn,8.385416666666664
2025-05-15,2025,May,5,Autumn,14.083333333333334
2025-05-15,2025,May,5,Autumn,10.09375
2025-05-15,2025,May,5,Autumn,19.61458333333332
2025-05-15,2025,May,5,Autumn,11.663157894736838
2025-05-15,2025,May,5,Autumn,4.84375
2025-05-15,2025,May,5,Autumn,13.75
2025-05-15,2025,May,5,Autumn,5.2631578947368425
2025-05-15,2025,May,5,Autumn,139.95833333333334
2025-05-15,2025,May,5,Autumn,7.458333333333331
2025-05-16,2025,May,5,Autumn,9.739583333333336
2025-05-16,2025,May,5,Autumn,13.414893617021276
2025-05-16,2025,May,5,Autumn,11.105263157894736
2025-05-16,2025,May,5,Autumn,7.72340425531915
2025-05-16,2025,May,5,Autumn,10.652631578947371
2025-05-16,2025,May,5,Autumn,14.0
2025-05-16,2025,May,5,Autumn,11.6875
2025-05-16,2025,May,5,Autumn,14.52127659574469
2025-05-16,2025,May,5,Autumn,229.2083333333333
2025-05-16,2025,May,5,Autumn,7.791666666666665
2025-05-17,2025,May,5,Autumn,2.5319148936170217
2025-05-17,2025,May,5,Autumn,4.697916666666667
2025-05-17,2025,May,5,Autumn,4.199999999999998
2025-05-17,2025,May,5,Autumn,2.0
2025-05-17,2025,May,5,Autumn,3.833333333333333
2025-05-17,2025,May,5,Autumn,9.666666666666668
2025-05-17,2025,May,5,Autumn,6.106382978723405
2025-05-17,2025,May,5,Autumn,3.5416666666666665
2025-05-17,2025,May,5,Autumn,180.22916666666669
2025-05-17,2025,May,5,Autumn,1.25
2025-05-18,2025,May,5,Autumn,1.3333333333333337
2025-05-18,2025,May,5,Autumn,1.5957446808510642
2025-05-18,2025,May,5,Autumn,2.166666666666667
2025-05-18,2025,May,5,Autumn,0.8947368421052628
2025-05-18,2025,May,5,Autumn,2.08421052631579
2025-05-18,2025,May,5,Autumn,1.2708333333333333
2025-05-18,2025,May,5,Autumn,2.65625
2025-05-18,2025,May,5,Autumn,0.1458333333333333
2025-05-18,2025,May,5,Autumn,80.45263157894736
2025-05-18,2025,May,5,Autumn,0.375
2025-05-19,2025,May,5,Autumn,4.8125
2025-05-19,2025,May,5,Autumn,9.082474226804123
2025-05-19,2025,May,5,Autumn,5.65625
2025-05-19,2025,May,5,Autumn,1.2708333333333333
2025-05-19,2025,May,5,Autumn,7.294736842105261
2025-05-19,2025,May,5,Autumn,6.3125
2025-05-19,2025,May,5,Autumn,8.65625
2025-05-19,2025,May,5,Autumn,5.536842105263156
2025-05-19,2025,May,5,Autumn,108.40625
2025-05-19,2025,May,5,Autumn,4.0625
2025-05-20,2025,May,5,Autumn,13.510416666666666
2025-05-20,2025,May,5,Autumn,14.13684210526316
2025-05-20,2025,May,5,Autumn,11.104166666666668
2025-05-20,2025,May,5,Autumn,5.78125
2025-05-20,2025,May,5,Autumn,13.378947368421052
2025-05-20,2025,May,5,Autumn,6.739583333333333
2025-05-20,2025,May,5,Autumn,6.84375
2025-05-20,2025,May,5,Autumn,13.170212765957448
2025-05-20,2025,May,5,Autumn,165.57291666666669
2025-05-20,2025,May,5,Autumn,6.82758620689655
2025-05-20,2025,May,5,Autumn,8.09090909090909
2025-05-21,2025,May,5,Autumn,24.10416666666667
2025-05-21,2025,May,5,Autumn,26.25
2025-05-21,2025,May,5,Autumn,19.6875
2025-05-21,2025,May,5,Autumn,16.65263157894737
2025-05-21,2025,May,5,Autumn,22.84375
2025-05-21,2025,May,5,Autumn,12.56842105263158
2025-05-21,2025,May,5,Autumn,27.29166666666667
2025-05-21,2025,May,5,Autumn,21.22105263157895
2025-05-21,2025,May,5,Autumn,67.6666666666667
2025-05-21,2025,May,5,Autumn,18.041666666666664
2025-05-21,2025,May,5,Autumn,16.431578947368422
2025-05-22,2025,May,5,Autumn,20.125
2025-05-22,2025,May,5,Autumn,29.02083333333333
2025-05-22,2025,May,5,Autumn,21.14736842105263
2025-05-22,2025,May,5,Autumn,16.583333333333336
2025-05-22,2025,May,5,Autumn,22.76842105263158
2025-05-22,2025,May,5,Autumn,20.229166666666668
2025-05-22,2025,May,5,Autumn,15.494736842105263
2025-05-22,2025,May,5,Autumn,22.42553191489362
2025-05-22,2025,May,5,Autumn,0.0
2025-05-22,2025,May,5,Autumn,23.14583333333333
2025-05-22,2025,May,5,Autumn,18.67708333333333
2025-05-23,2025,May,5,Autumn,39.85416666666667
2025-05-23,2025,May,5,Autumn,40.24742268041237
2025-05-23,2025,May,5,Autumn,31.610526315789475
2025-05-23,2025,May,5,Autumn,38.1875
2025-05-23,2025,May,5,Autumn,35.0
2025-05-23,2025,May,5,Autumn,35.36842105263158
2025-05-23,2025,May,5,Autumn,33.11458333333333
2025-05-23,2025,May,5,Autumn,35.42708333333334
2025-05-23,2025,May,5,Autumn,0.0
2025-05-23,2025,May,5,Autumn,42.36458333333333
2025-05-23,2025,May,5,Autumn,33.90625
2025-05-24,2025,May,5,Autumn,3.739583333333335
2025-05-24,2025,May,5,Autumn,4.702127659574467
2025-05-24,2025,May,5,Autumn,5.833333333333333
2025-05-24,2025,May,5,Autumn,10.574468085106384
2025-05-24,2025,May,5,Autumn,4.458333333333334
2025-05-24,2025,May,5,Autumn,13.56842105263156
2025-05-24,2025,May,5,Autumn,5.760416666666672
2025-05-24,2025,May,5,Autumn,7.925531914893617
2025-05-24,2025,May,5,Autumn,0.0
2025-05-24,2025,May,5,Autumn,3.5416666666666647
2025-05-24,2025,May,5,Autumn,1.895833333333334
2025-05-25,2025,May,5,Autumn,0.8020833333333337
2025-05-25,2025,May,5,Autumn,1.5520833333333337
2025-05-25,2025,May,5,Autumn,2.0104166666666665
2025-05-25,2025,May,5,Autumn,5.063157894736843
2025-05-25,2025,May,5,Autumn,2.0416666666666674
2025-05-25,2025,May,5,Autumn,1.0
2025-05-25,2025,May,5,Autumn,2.166666666666666
2025-05-25,2025,May,5,Autumn,4.4375
2025-05-25,2025,May,5,Autumn,0.0
2025-05-25,2025,May,5,Autumn,1.333333333333333
2025-05-25,2025,May,5,Autumn,0.3020833333333334
2025-05-26,2025,May,5,Autumn,0.5104166666666667
2025-05-26,2025,May,5,Autumn,2.416666666666667
2025-05-26,2025,May,5,Autumn,2.670212765957448
2025-05-26,2025,May,5,Autumn,0.8958333333333339
2025-05-26,2025,May,5,Autumn,2.104166666666666
2025-05-26,2025,May,5,Autumn,0.9583333333333328
2025-05-26,2025,May,5,Autumn,1.1578947368421053
2025-05-26,2025,May,5,Autumn,1.5104166666666663
2025-05-26,2025,May,5,Autumn,0.0
2025-05-26,2025,May,5,Autumn,1.395833333333333
2025-05-26,2025,May,5,Autumn,0.3229166666666669
2025-05-27,2025,May,5,Autumn,0.6354166666666664
2025-05-27,2025,May,5,Autumn,2.8936170212765946
2025-05-27,2025,May,5,Autumn,3.4845360824742286
2025-05-27,2025,May,5,Autumn,1.9166666666666676
2025-05-27,2025,May,5,Autumn,2.1894736842105265
2025-05-27,2025,May,5,Autumn,1.875
2025-05-27,2025,May,5,Autumn,1.6458333333333324
2025-05-27,2025,May,5,Autumn,1.526881720430107
2025-05-27,2025,May,5,Autumn,0.0
2025-05-27,2025,May,5,Autumn,2.125
2025-05-27,2025,May,5,Autumn,0.9375
2025-05-28,2025,May,5,Autumn,1.59375
2025-05-28,2025,May,5,Autumn,3.863157894736841
2025-05-28,2025,May,5,Autumn,2.6875
2025-05-28,2025,May,5,Autumn,2.78125
2025-05-28,2025,May,5,Autumn,2.364583333333333
2025-05-28,2025,May,5,Autumn,1.2083333333333337
2025-05-28,2025,May,5,Autumn,2.302083333333334
2025-05-28,2025,May,5,Autumn,0.9680851063829784
2025-05-28,2025,May,5,Autumn,0.0
2025-05-28,2025,May,5,Autumn,2.208333333333333
2025-05-28,2025,May,5,Autumn,0.6875
2025-05-29,2025,May,5,Autumn,6.684210526315791
2025-05-29,2025,May,5,Autumn,7.726315789473682
2025-05-29,2025,May,5,Autumn,5.094736842105263
2025-05-29,2025,May,5,Autumn,3.114583333333333
2025-05-29,2025,May,5,Autumn,4.947916666666666
2025-05-29,2025,May,5,Autumn,1.147368421052631
2025-05-29,2025,May,5,Autumn,2.6041666666666665
2025-05-29,2025,May,5,Autumn,6.357894736842108
2025-05-29,2025,May,5,Autumn,0.0
2025-05-29,2025,May,5,Autumn,3.71578947368421
2025-05-29,2025,May,5,Autumn,2.0
2025-05-30,2025,May,5,Autumn,2.052631578947368
2025-05-30,2025,May,5,Autumn,5.457446808510638
2025-05-30,2025,May,5,Autumn,3.847826086956522
2025-05-30,2025,May,5,Autumn,2.4301075268817205
2025-05-30,2025,May,5,Autumn,3.329787234042554
2025-05-30,2025,May,5,Autumn,0.7204301075268817
2025-05-30,2025,May,5,Autumn,1.126315789473684
2025-05-30,2025,May,5,Autumn,5.308510638297873
2025-05-30,2025,May,5,Autumn,0.0
2025-05-30,2025,May,5,Autumn,2.6559139784946235
2025-05-30,2025,May,5,Autumn,0.913978494623656
2025-05-31,2025,May,5,Autumn,3.1894736842105265
2025-05-31,2025,May,5,Autumn,9.6875
2025-05-31,2025,May,5,Autumn,8.547368421052637
2025-05-31,2025,May,5,Autumn,3.979166666666668
2025-05-31,2025,May,5,Autumn,9.26041666666666
2025-05-31,2025,May,5,Autumn,0.6354166666666665
2025-05-31,2025,May,5,Autumn,0.6063829787234043
2025-05-31,2025,May,5,Autumn,11.083333333333345
2025-05-31,2025,May,5,Autumn,0.0
2025-05-31,2025,May,5,Autumn,7.875
2025-05-31,2025,May,5,Autumn,5.197916666666663
2025-06-01,2025,Jun,6,Winter,22.09375
2025-06-01,2025,Jun,6,Winter,21.75
2025-06-01,2025,Jun,6,Winter,19.03125
2025-06-01,2025,Jun,6,Winter,27.69565217391304
2025-06-01,2025,Jun,6,Winter,20.91578947368421
2025-06-01,2025,Jun,6,Winter,5.677083333333336
2025-06-01,2025,Jun,6,Winter,6.4375
2025-06-01,2025,Jun,6,Winter,38.75
2025-06-01,2025,Jun,6,Winter,0.0
2025-06-01,2025,Jun,6,Winter,18.44791666666666
2025-06-01,2025,Jun,6,Winter,17.114583333333336
2025-06-02,2025,Jun,6,Winter,14.4375
2025-06-02,2025,Jun,6,Winter,18.82105263157895
2025-06-02,2025,Jun,6,Winter,14.885416666666666
2025-06-02,2025,Jun,6,Winter,16.0
2025-06-02,2025,Jun,6,Winter,17.3125
2025-06-02,2025,Jun,6,Winter,17.4375
2025-06-02,2025,Jun,6,Winter,14.166666666666668
2025-06-02,2025,Jun,6,Winter,20.135416666666664
2025-06-02,2025,Jun,6,Winter,0.0
2025-06-02,2025,Jun,6,Winter,12.947916666666668
2025-06-02,2025,Jun,6,Winter,12.15625
2025-06-03,2025,Jun,6,Winter,5.864583333333333
2025-06-03,2025,Jun,6,Winter,7.294736842105268
2025-06-03,2025,Jun,6,Winter,5.7708333333333295
2025-06-03,2025,Jun,6,Winter,16.936842105263157
2025-06-03,2025,Jun,6,Winter,6.46875
2025-06-03,2025,Jun,6,Winter,9.473684210526324
2025-06-03,2025,Jun,6,Winter,5.145833333333332
2025-06-03,2025,Jun,6,Winter,11.92631578947369
2025-06-03,2025,Jun,6,Winter,0.0
2025-06-03,2025,Jun,6,Winter,5.260416666666669
2025-06-03,2025,Jun,6,Winter,3.875
2025-06-04,2025,Jun,6,Winter,0.9368421052631576
2025-06-04,2025,Jun,6,Winter,3.635416666666664
2025-06-04,2025,Jun,6,Winter,3.0416666666666643
2025-06-04,2025,Jun,6,Winter,10.431818181818178
2025-06-04,2025,Jun,6,Winter,3.3020833333333344
2025-06-04,2025,Jun,6,Winter,0.0
2025-06-04,2025,Jun,6,Winter,0.0
2025-06-04,2025,Jun,6,Winter,1.09375
2025-06-04,2025,Jun,6,Winter,0.0
2025-06-04,2025,Jun,6,Winter,2.71875
2025-06-04,2025,Jun,6,Winter,1.1666666666666656
2025-06-05,2025,Jun,6,Winter,7.645833333333332
2025-06-05,2025,Jun,6,Winter,10.578947368421057
2025-06-05,2025,Jun,6,Winter,7.840425531914894
2025-06-05,2025,Jun,6,Winter,7.594936708860761
2025-06-05,2025,Jun,6,Winter,9.73684210526316
2025-06-05,2025,Jun,6,Winter,0.8541666666666669
2025-06-05,2025,Jun,6,Winter,0.7684210526315782
2025-06-05,2025,Jun,6,Winter,15.957446808510635
2025-06-05,2025,Jun,6,Winter,0.0
2025-06-05,2025,Jun,6,Winter,6.59375
2025-06-05,2025,Jun,6,Winter,5.08333333333333
2025-06-06,2025,Jun,6,Winter,2.572916666666667
2025-06-06,2025,Jun,6,Winter,4.946808510638297
2025-06-06,2025,Jun,6,Winter,4.7368421052631575
2025-06-06,2025,Jun,6,Winter,3.173076923076923
2025-06-06,2025,Jun,6,Winter,4.385416666666666
2025-06-06,2025,Jun,6,Winter,2.8333333333333326
2025-06-06,2025,Jun,6,Winter,3.25
2025-06-06,2025,Jun,6,Winter,7.51063829787234
2025-06-06,2025,Jun,6,Winter,0.0
2025-06-06,2025,Jun,6,Winter,1.7395833333333337
2025-06-06,2025,Jun,6,Winter,1.1458333333333337
2025-06-07,2025,Jun,6,Winter,0.4270833333333332
2025-06-07,2025,Jun,6,Winter,3.631578947368421
2025-06-07,2025,Jun,6,Winter,4.625
2025-06-07,2025,Jun,6,Winter,3.0729166666666656
2025-06-07,2025,Jun,6,Winter,1.25
2025-06-07,2025,Jun,6,Winter,2.5
2025-06-07,2025,Jun,6,Winter,1.5473684210526315
2025-06-07,2025,Jun,6,Winter,0.0
2025-06-07,2025,Jun,6,Winter,1.84375
2025-06-07,2025,Jun,6,Winter,0.5729166666666662
2025-06-08,2025,Jun,6,Winter,1.0416666666666663
2025-06-08,2025,Jun,6,Winter,5.177083333333336
2025-06-08,2025,Jun,6,Winter,3.604166666666668
2025-06-08,2025,Jun,6,Winter,2.645833333333334
2025-06-08,2025,Jun,6,Winter,1.0
2025-06-08,2025,Jun,6,Winter,0.25
2025-06-08,2025,Jun,6,Winter,3.2631578947368425
2025-06-08,2025,Jun,6,Winter,0.0
2025-06-08,2025,Jun,6,Winter,2.8526315789473693
2025-06-08,2025,Jun,6,Winter,1.347368421052631
2025-06-09,2025,Jun,6,Winter,2.5729166666666674
2025-06-09,2025,Jun,6,Winter,3.357894736842105
2025-06-09,2025,Jun,6,Winter,2.8421052631578947
2025-06-09,2025,Jun,6,Winter,3.291666666666667
2025-06-09,2025,Jun,6,Winter,0.8526315789473683
2025-06-09,2025,Jun,6,Winter,1.0
2025-06-09,2025,Jun,6,Winter,4.0
2025-06-09,2025,Jun,6,Winter,0.0
2025-06-09,2025,Jun,6,Winter,2.40625
2025-06-09,2025,Jun,6,Winter,0.947916666666666
2025-06-10,2025,Jun,6,Winter,0.3854166666666667
2025-06-10,2025,Jun,6,Winter,5.34375
2025-06-10,2025,Jun,6,Winter,4.063157894736842
2025-06-10,2025,Jun,6,Winter,4.14736842105263
2025-06-10,2025,Jun,6,Winter,1.8020833333333333
2025-06-10,2025,Jun,6,Winter,1.3958333333333326
2025-06-10,2025,Jun,6,Winter,3.4315789473684206
2025-06-10,2025,Jun,6,Winter,0.0
2025-06-10,2025,Jun,6,Winter,2.677083333333333
2025-06-10,2025,Jun,6,Winter,1.2708333333333337
2025-06-11,2025,Jun,6,Winter,6.40625
2025-06-11,2025,Jun,6,Winter,10.768421052631576
2025-06-11,2025,Jun,6,Winter,8.831578947368415
2025-06-11,2025,Jun,6,Winter,8.926315789473689
2025-06-11,2025,Jun,6,Winter,4.0
2025-06-11,2025,Jun,6,Winter,12.26315789473684
2025-06-11,2025,Jun,6,Winter,9.399999999999997
2025-06-11,2025,Jun,6,Winter,0.0
2025-06-11,2025,Jun,6,Winter,9.333333333333332
2025-06-11,2025,Jun,6,Winter,7.427083333333331
2025-06-12,2025,Jun,6,Winter,12.28125
2025-06-12,2025,Jun,6,Winter,21.32631578947369
2025-06-12,2025,Jun,6,Winter,15.364583333333334
2025-06-12,2025,Jun,6,Winter,17.552083333333332
2025-06-12,2025,Jun,6,Winter,5.833333333333334
2025-06-12,2025,Jun,6,Winter,19.875
2025-06-12,2025,Jun,6,Winter,16.21276595744681
2025-06-12,2025,Jun,6,Winter,0.0
2025-06-12,2025,Jun,6,Winter,13.46875
2025-06-12,2025,Jun,6,Winter,11.51041666666667
2025-06-13,2025,Jun,6,Winter,28.1875
2025-06-13,2025,Jun,6,Winter,26.042105263157893
2025-06-13,2025,Jun,6,Winter,21.08510638297872
2025-06-13,2025,Jun,6,Winter,25.54255319148936
2025-06-13,2025,Jun,6,Winter,6.729166666666666
2025-06-13,2025,Jun,6,Winter,20.291666666666657
2025-06-13,2025,Jun,6,Winter,35.03389830508475
2025-06-13,2025,Jun,6,Winter,0.0
2025-06-13,2025,Jun,6,Winter,19.17708333333333
2025-06-13,2025,Jun,6,Winter,16.33333333333333
2025-06-14,2025,Jun,6,Winter,19.48958333333334
2025-06-14,2025,Jun,6,Winter,24.614583333333336
2025-06-14,2025,Jun,6,Winter,21.010526315789477
2025-06-14,2025,Jun,6,Winter,23.59375
2025-06-14,2025,Jun,6,Winter,49.54166666666666
2025-06-14,2025,Jun,6,Winter,17.0
2025-06-14,2025,Jun,6,Winter,27.170731707317078
2025-06-14,2025,Jun,6,Winter,0.0
2025-06-14,2025,Jun,6,Winter,17.29166666666667
2025-06-14,2025,Jun,6,Winter,18.739583333333336
2025-06-15,2025,Jun,6,Winter,3.385416666666665
2025-06-15,2025,Jun,6,Winter,4.614583333333334
2025-06-15,2025,Jun,6,Winter,4.958333333333332
2025-06-15,2025,Jun,6,Winter,5.063157894736843
2025-06-15,2025,Jun,6,Winter,21.76041666666667
2025-06-15,2025,Jun,6,Winter,6.789473684210531
2025-06-15,2025,Jun,6,Winter,11.125
2025-06-15,2025,Jun,6,Winter,0.0
2025-06-15,2025,Jun,6,Winter,3.09375
2025-06-15,2025,Jun,6,Winter,2.21875
2025-06-16,2025,Jun,6,Winter,2.020833333333335
2025-06-16,2025,Jun,6,Winter,3.677083333333333
2025-06-16,2025,Jun,6,Winter,3.145833333333333
2025-06-16,2025,Jun,6,Winter,3.010752688172044
2025-06-16,2025,Jun,6,Winter,1.21875
2025-06-16,2025,Jun,6,Winter,2.447916666666666
2025-06-16,2025,Jun,6,Winter,2.034090909090909
2025-06-16,2025,Jun,6,Winter,0.0
2025-06-16,2025,Jun,6,Winter,1.5729166666666663
2025-06-16,2025,Jun,6,Winter,0.6145833333333339
2025-06-17,2025,Jun,6,Winter,0.09375
2025-06-17,2025,Jun,6,Winter,3.0531914893617014
2025-06-17,2025,Jun,6,Winter,2.916666666666667
2025-06-17,2025,Jun,6,Winter,2.260416666666666
2025-06-17,2025,Jun,6,Winter,0.5052631578947361
2025-06-17,2025,Jun,6,Winter,1.229166666666667
2025-06-17,2025,Jun,6,Winter,1.5638297872340432
2025-06-17,2025,Jun,6,Winter,0.0
2025-06-17,2025,Jun,6,Winter,1.5999999999999996
2025-06-17,2025,Jun,6,Winter,0.6458333333333338
2025-06-18,2025,Jun,6,Winter,0.9479166666666664
2025-06-18,2025,Jun,6,Winter,3.926315789473682
2025-06-18,2025,Jun,6,Winter,4.333333333333334
2025-06-18,2025,Jun,6,Winter,3.447916666666667
2025-06-18,2025,Jun,6,Winter,0.3125
2025-06-18,2025,Jun,6,Winter,1.760416666666667
2025-06-18,2025,Jun,6,Winter,1.9583333333333328
2025-06-18,2025,Jun,6,Winter,0.0
2025-06-18,2025,Jun,6,Winter,2.3854166666666665
2025-06-18,2025,Jun,6,Winter,1.136842105263159
2025-06-19,2025,Jun,6,Winter,3.8229166666666674
2025-06-19,2025,Jun,6,Winter,8.21875
2025-06-19,2025,Jun,6,Winter,9.849462365591396
2025-06-19,2025,Jun,6,Winter,6.873684210526315
2025-06-19,2025,Jun,6,Winter,2.7916666666666665
2025-06-19,2025,Jun,6,Winter,1.7021276595744677
2025-06-19,2025,Jun,6,Winter,4.776470588235293
2025-06-19,2025,Jun,6,Winter,0.0
2025-06-19,2025,Jun,6,Winter,4.510416666666667
2025-06-19,2025,Jun,6,Winter,3.447916666666667
2025-06-20,2025,Jun,6,Winter,8.625
2025-06-20,2025,Jun,6,Winter,15.768421052631584
2025-06-20,2025,Jun,6,Winter,11.095744680851068
2025-06-20,2025,Jun,6,Winter,2.0
2025-06-20,2025,Jun,6,Winter,11.114583333333334
2025-06-20,2025,Jun,6,Winter,5.354166666666666
2025-06-20,2025,Jun,6,Winter,2.833333333333333
2025-06-20,2025,Jun,6,Winter,10.736842105263158
2025-06-20,2025,Jun,6,Winter,0.0
2025-06-20,2025,Jun,6,Winter,8.208333333333334
2025-06-20,2025,Jun,6,Winter,7.177083333333332
2025-06-21,2025,Jun,6,Winter,17.375
2025-06-21,2025,Jun,6,Winter,26.33333333333333
2025-06-21,2025,Jun,6,Winter,21.26595744680851
2025-06-21,2025,Jun,6,Winter,22.705263157894738
2025-06-21,2025,Jun,6,Winter,18.34375
2025-06-21,2025,Jun,6,Winter,23.0
2025-06-21,2025,Jun,6,Winter,24.12903225806452
2025-06-21,2025,Jun,6,Winter,0.0
2025-06-21,2025,Jun,6,Winter,16.729166666666664
2025-06-21,2025,Jun,6,Winter,18.52083333333333
2025-06-22,2025,Jun,6,Winter,12.333333333333336
2025-06-22,2025,Jun,6,Winter,11.3010752688172
2025-06-22,2025,Jun,6,Winter,10.02083333333333
2025-06-22,2025,Jun,6,Winter,11.45833333333333
2025-06-22,2025,Jun,6,Winter,13.063157894736838
2025-06-22,2025,Jun,6,Winter,23.0
2025-06-22,2025,Jun,6,Winter,16.78947368421053
2025-06-22,2025,Jun,6,Winter,0.0
2025-06-22,2025,Jun,6,Winter,8.010416666666668
2025-06-22,2025,Jun,6,Winter,7.8125
2025-06-23,2025,Jun,6,Winter,1.5052631578947362
2025-06-23,2025,Jun,6,Winter,3.3608247422680413
2025-06-23,2025,Jun,6,Winter,2.9684210526315797
2025-06-23,2025,Jun,6,Winter,3.041666666666667
2025-06-23,2025,Jun,6,Winter,2.145833333333336
2025-06-23,2025,Jun,6,Winter,3.66315789473684
2025-06-23,2025,Jun,6,Winter,4.3125
2025-06-23,2025,Jun,6,Winter,1.6979166666666667
2025-06-23,2025,Jun,6,Winter,0.71875
2025-06-24,2025,Jun,6,Winter,0.4736842105263161
2025-06-24,2025,Jun,6,Winter,1.5
2025-06-24,2025,Jun,6,Winter,1.870967741935484
2025-06-24,2025,Jun,6,Winter,1.642105263157895
2025-06-24,2025,Jun,6,Winter,1.1770833333333333
2025-06-24,2025,Jun,6,Winter,0.8333333333333327
2025-06-24,2025,Jun,6,Winter,1.5894736842105268
2025-06-24,2025,Jun,6,Winter,1.15625
2025-06-24,2025,Jun,6,Winter,0.09375
2025-06-25,2025,Jun,6,Winter,0.34020618556701
2025-06-25,2025,Jun,6,Winter,2.5104166666666674
2025-06-25,2025,Jun,6,Winter,2.702127659574469
2025-06-25,2025,Jun,6,Winter,1.6770833333333337
2025-06-25,2025,Jun,6,Winter,0.708333333333333
2025-06-25,2025,Jun,6,Winter,0.0729166666666666
2025-06-25,2025,Jun,6,Winter,2.663157894736843
2025-06-25,2025,Jun,6,Winter,1.364583333333333
2025-06-25,2025,Jun,6,Winter,0.3958333333333333
2025-06-26,2025,Jun,6,Winter,2.84375
2025-06-26,2025,Jun,6,Winter,9.03225806451613
2025-06-26,2025,Jun,6,Winter,6.631578947368423
2025-06-26,2025,Jun,6,Winter,5.572916666666669
2025-06-26,2025,Jun,6,Winter,0.4791666666666664
2025-06-26,2025,Jun,6,Winter,1.0
2025-06-26,2025,Jun,6,Winter,3.4736842105263155
2025-06-26,2025,Jun,6,Winter,5.229166666666669
2025-06-26,2025,Jun,6,Winter,3.385416666666668
2025-06-27,2025,Jun,6,Winter,15.25
2025-06-27,2025,Jun,6,Winter,16.51578947368421
2025-06-27,2025,Jun,6,Winter,12.336842105263164
2025-06-27,2025,Jun,6,Winter,0.0
2025-06-27,2025,Jun,6,Winter,14.197916666666664
2025-06-27,2025,Jun,6,Winter,1.7684210526315791
2025-06-27,2025,Jun,6,Winter,1.0
2025-06-27,2025,Jun,6,Winter,15.882978723404245
2025-06-27,2025,Jun,6,Winter,11.747368421052638
2025-06-27,2025,Jun,6,Winter,8.652631578947371
2025-06-28,2025,Jun,6,Winter,18.604166666666664
2025-06-28,2025,Jun,6,Winter,22.927083333333336
2025-06-28,2025,Jun,6,Winter,19.031578947368423
2025-06-28,2025,Jun,6,Winter,18.96875
2025-06-28,2025,Jun,6,Winter,10.270833333333332
2025-06-28,2025,Jun,6,Winter,15.957894736842109
2025-06-28,2025,Jun,6,Winter,15.208333333333332
2025-06-28,2025,Jun,6,Winter,17.84375
2025-06-28,2025,Jun,6,Winter,14.864583333333334
2025-06-29,2025,Jun,6,Winter,15.27083333333334
2025-06-29,2025,Jun,6,Winter,11.395833333333336
2025-06-29,2025,Jun,6,Winter,11.15789473684211
2025-06-29,2025,Jun,6,Winter,12.431578947368434
2025-06-29,2025,Jun,6,Winter,11.90625
2025-06-29,2025,Jun,6,Winter,21.91666666666666
2025-06-29,2025,Jun,6,Winter,21.425531914893607
2025-06-29,2025,Jun,6,Winter,12.864583333333345
2025-06-29,2025,Jun,6,Winter,10.30208333333334
2025-06-30,2025,Jun,6,Winter,1.90625
2025-06-30,2025,Jun,6,Winter,4.916666666666666
2025-06-30,2025,Jun,6,Winter,3.073684210526315
2025-06-30,2025,Jun,6,Winter,3.21875
2025-06-30,2025,Jun,6,Winter,2.0520833333333326
2025-06-30,2025,Jun,6,Winter,0.5
2025-06-30,2025,Jun,6,Winter,1.9361702127659568
2025-06-30,2025,Jun,6,Winter,2.5
2025-06-30,2025,Jun,6,Winter,1.0416666666666674
2025-07-01,2025,Jul,7,Winter,1.6842105263157876
2025-07-01,2025,Jul,7,Winter,5.326315789473686
2025-07-01,2025,Jul,7,Winter,3.447916666666665
2025-07-01,2025,Jul,7,Winter,4.0
2025-07-01,2025,Jul,7,Winter,3.46875
2025-07-01,2025,Jul,7,Winter,0.2083333333333333
2025-07-01,2025,Jul,7,Winter,6.182795698924728
2025-07-01,2025,Jul,7,Winter,3.677083333333332
2025-07-01,2025,Jul,7,Winter,1.90625
2025-07-02,2025,Jul,7,Winter,1.125
2025-07-02,2025,Jul,7,Winter,4.614583333333334
2025-07-02,2025,Jul,7,Winter,3.606382978723405
2025-07-02,2025,Jul,7,Winter,3.2291666666666665
2025-07-02,2025,Jul,7,Winter,2.0
2025-07-02,2025,Jul,7,Winter,0.9578947368421054
2025-07-02,2025,Jul,7,Winter,5.322916666666665
2025-07-02,2025,Jul,7,Winter,2.1875
2025-07-02,2025,Jul,7,Winter,0.625
2025-07-03,2025,Jul,7,Winter,4.778947368421052
2025-07-03,2025,Jul,7,Winter,11.391752577319586
2025-07-03,2025,Jul,7,Winter,8.600000000000001
2025-07-03,2025,Jul,7,Winter,8.54166666666667
2025-07-03,2025,Jul,7,Winter,9.416666666666664
2025-07-03,2025,Jul,7,Winter,7.694736842105263
2025-07-03,2025,Jul,7,Winter,9.329787234042552
2025-07-03,2025,Jul,7,Winter,7.510416666666668
2025-07-03,2025,Jul,7,Winter,4.229166666666666
2025-07-04,2025,Jul,7,Winter,14.5625
2025-07-04,2025,Jul,7,Winter,17.294736842105262
2025-07-04,2025,Jul,7,Winter,12.494736842105263
2025-07-04,2025,Jul,7,Winter,14.71578947368422
2025-07-04,2025,Jul,7,Winter,19.53125
2025-07-04,2025,Jul,7,Winter,9.34375
2025-07-04,2025,Jul,7,Winter,15.010989010989006
2025-07-04,2025,Jul,7,Winter,12.01041666666666
2025-07-04,2025,Jul,7,Winter,9.614583333333336
2025-07-05,2025,Jul,7,Winter,7.041666666666666
2025-07-05,2025,Jul,7,Winter,5.92783505154639
2025-07-05,2025,Jul,7,Winter,6.291666666666666
2025-07-05,2025,Jul,7,Winter,7.4375
2025-07-05,2025,Jul,7,Winter,2.0
2025-07-05,2025,Jul,7,Winter,5.56842105263158
2025-07-05,2025,Jul,7,Winter,6.378947368421053
2025-07-05,2025,Jul,7,Winter,4.552083333333333
2025-07-05,2025,Jul,7,Winter,3.364583333333333
2025-07-06,2025,Jul,7,Winter,10.89583333333333
2025-07-06,2025,Jul,7,Winter,14.191489361702136
2025-07-06,2025,Jul,7,Winter,11.82291666666666
2025-07-06,2025,Jul,7,Winter,13.875
2025-07-06,2025,Jul,7,Winter,6.86315789473684
2025-07-06,2025,Jul,7,Winter,7.40625
2025-07-06,2025,Jul,7,Winter,8.052631578947366
2025-07-06,2025,Jul,7,Winter,11.284210526315778
2025-07-06,2025,Jul,7,Winter,9.07291666666666
2025-07-07,2025,Jul,7,Winter,23.34375
2025-07-07,2025,Jul,7,Winter,27.239583333333336
2025-07-07,2025,Jul,7,Winter,20.416666666666668
2025-07-07,2025,Jul,7,Winter,25.479166666666657
2025-07-07,2025,Jul,7,Winter,27.083333333333336
2025-07-07,2025,Jul,7,Winter,21.96875
2025-07-07,2025,Jul,7,Winter,20.822916666666668
2025-07-07,2025,Jul,7,Winter,21.4375
2025-07-07,2025,Jul,7,Winter,18.87368421052631
2025-07-08,2025,Jul,7,Winter,3.3854166666666683
2025-07-08,2025,Jul,7,Winter,6.1458333333333295
2025-07-08,2025,Jul,7,Winter,5.978723404255317
2025-07-08,2025,Jul,7,Winter,5.505263157894733
2025-07-08,2025,Jul,7,Winter,11.04166666666666
2025-07-08,2025,Jul,7,Winter,5.936842105263154
2025-07-08,2025,Jul,7,Winter,8.860215053763433
2025-07-08,2025,Jul,7,Winter,2.8854166666666647
2025-07-08,2025,Jul,7,Winter,3.21875
2025-07-09,2025,Jul,7,Winter,1.145833333333333
2025-07-09,2025,Jul,7,Winter,3.947368421052632
2025-07-09,2025,Jul,7,Winter,2.6526315789473687
2025-07-09,2025,Jul,7,Winter,2.65625
2025-07-09,2025,Jul,7,Winter,0.7291666666666666
2025-07-09,2025,Jul,7,Winter,1.0
2025-07-09,2025,Jul,7,Winter,3.936842105263158
2025-07-09,2025,Jul,7,Winter,1.2083333333333337
2025-07-09,2025,Jul,7,Winter,0.3125
2025-07-10,2025,Jul,7,Winter,0.1666666666666666
2025-07-10,2025,Jul,7,Winter,2.800000000000001
2025-07-10,2025,Jul,7,Winter,3.697916666666664
2025-07-10,2025,Jul,7,Winter,2.229166666666667
2025-07-10,2025,Jul,7,Winter,0.5520833333333334
2025-07-10,2025,Jul,7,Winter,0.8645833333333334
2025-07-10,2025,Jul,7,Winter,3.659574468085105
2025-07-10,2025,Jul,7,Winter,1.5208333333333337
2025-07-10,2025,Jul,7,Winter,0.6458333333333337
2025-07-11,2025,Jul,7,Winter,0.96875
2025-07-11,2025,Jul,7,Winter,4.66666666666667
2025-07-11,2025,Jul,7,Winter,5.715789473684216
2025-07-11,2025,Jul,7,Winter,0.0
2025-07-11,2025,Jul,7,Winter,3.7368421052631553
2025-07-11,2025,Jul,7,Winter,1.5578947368421046
2025-07-11,2025,Jul,7,Winter,1.6947368421052629
2025-07-11,2025,Jul,7,Winter,3.8913043478260834
2025-07-11,2025,Jul,7,Winter,3.395833333333336
2025-07-11,2025,Jul,7,Winter,1.8645833333333348
2025-07-12,2025,Jul,7,Winter,4.197916666666666
2025-07-12,2025,Jul,7,Winter,6.15625
2025-07-12,2025,Jul,7,Winter,7.66315789473684
2025-07-12,2025,Jul,7,Winter,5.354166666666666
2025-07-12,2025,Jul,7,Winter,4.979166666666667
2025-07-12,2025,Jul,7,Winter,4.673684210526314
2025-07-12,2025,Jul,7,Winter,6.104166666666668
2025-07-12,2025,Jul,7,Winter,3.760416666666667
2025-07-12,2025,Jul,7,Winter,2.53125
2025-07-13,2025,Jul,7,Winter,0.84375
2025-07-13,2025,Jul,7,Winter,2.4166666666666665
2025-07-13,2025,Jul,7,Winter,3.083333333333333
2025-07-13,2025,Jul,7,Winter,2.747368421052632
2025-07-13,2025,Jul,7,Winter,1.21875
2025-07-13,2025,Jul,7,Winter,4.25
2025-07-13,2025,Jul,7,Winter,3.0319148936170217
2025-07-13,2025,Jul,7,Winter,1.6041666666666663
2025-07-13,2025,Jul,7,Winter,0.5416666666666669
2025-07-14,2025,Jul,7,Winter,1.1354166666666676
2025-07-14,2025,Jul,7,Winter,2.578947368421052
2025-07-14,2025,Jul,7,Winter,3.021052631578948
2025-07-14,2025,Jul,7,Winter,2.885416666666667
2025-07-14,2025,Jul,7,Winter,0.4895833333333331
2025-07-14,2025,Jul,7,Winter,1.4479166666666663
2025-07-14,2025,Jul,7,Winter,1.8736842105263152
2025-07-14,2025,Jul,7,Winter,1.59375
2025-07-14,2025,Jul,7,Winter,0.3854166666666666
2025-07-15,2025,Jul,7,Winter,1.1789473684210543
2025-07-15,2025,Jul,7,Winter,3.680851063829785
2025-07-15,2025,Jul,7,Winter,4.71875
2025-07-15,2025,Jul,7,Winter,3.0
2025-07-15,2025,Jul,7,Winter,2.375
2025-07-15,2025,Jul,7,Winter,0.0729166666666666
2025-07-15,2025,Jul,7,Winter,2.510869565217392
2025-07-15,2025,Jul,7,Winter,2.210526315789473
2025-07-15,2025,Jul,7,Winter,1.354166666666666
2025-07-16,2025,Jul,7,Winter,1.6354166666666656
2025-07-16,2025,Jul,7,Winter,8.041666666666666
2025-07-16,2025,Jul,7,Winter,5.273684210526318
2025-07-16,2025,Jul,7,Winter,4.916666666666669
2025-07-16,2025,Jul,7,Winter,8.357894736842105
2025-07-16,2025,Jul,7,Winter,0.4583333333333333
2025-07-16,2025,Jul,7,Winter,4.547368421052635
2025-07-16,2025,Jul,7,Winter,2.802083333333333
2025-07-16,2025,Jul,7,Winter,1.936842105263159
2025-07-17,2025,Jul,7,Winter,3.3541666666666656
2025-07-17,2025,Jul,7,Winter,6.6063829787234045
2025-07-17,2025,Jul,7,Winter,4.484210526315788
2025-07-17,2025,Jul,7,Winter,5.0
2025-07-17,2025,Jul,7,Winter,3.020833333333335
2025-07-17,2025,Jul,7,Winter,2.8617021276595755
2025-07-17,2025,Jul,7,Winter,6.635416666666667
2025-07-17,2025,Jul,7,Winter,3.0625
2025-07-17,2025,Jul,7,Winter,2.125
2025-07-18,2025,Jul,7,Winter,7.28125
2025-07-18,2025,Jul,7,Winter,9.09375
2025-07-18,2025,Jul,7,Winter,8.645833333333334
2025-07-18,2025,Jul,7,Winter,7.71578947368421
2025-07-18,2025,Jul,7,Winter,2.510416666666665
2025-07-18,2025,Jul,7,Winter,13.104166666666666
2025-07-18,2025,Jul,7,Winter,3.75
2025-07-18,2025,Jul,7,Winter,6.25
2025-07-18,2025,Jul,7,Winter,5.03125
2025-07-19,2025,Jul,7,Winter,2.5684210526315794
2025-07-19,2025,Jul,7,Winter,4.602150537634408
2025-07-19,2025,Jul,7,Winter,5.357894736842108
2025-07-19,2025,Jul,7,Winter,6.0
2025-07-19,2025,Jul,7,Winter,4.36842105263158
2025-07-19,2025,Jul,7,Winter,7.28125
2025-07-19,2025,Jul,7,Winter,2.302083333333335
2025-07-19,2025,Jul,7,Winter,3.6382978723404262
2025-07-19,2025,Jul,7,Winter,2.21875
2025-07-19,2025,Jul,7,Winter,1.4375
2025-07-20,2025,Jul,7,Winter,4.9375
2025-07-20,2025,Jul,7,Winter,8.115789473684211
2025-07-20,2025,Jul,7,Winter,8.200000000000001
2025-07-20,2025,Jul,7,Winter,8.552083333333336
2025-07-20,2025,Jul,7,Winter,1.0
2025-07-20,2025,Jul,7,Winter,3.46875
2025-07-20,2025,Jul,7,Winter,5.91578947368421
2025-07-20,2025,Jul,7,Winter,7.104166666666667
2025-07-20,2025,Jul,7,Winter,5.958333333333333
2025-07-21,2025,Jul,7,Winter,6.84375
2025-07-21,2025,Jul,7,Winter,7.9375
2025-07-21,2025,Jul,7,Winter,6.0
2025-07-21,2025,Jul,7,Winter,8.802083333333334
2025-07-21,2025,Jul,7,Winter,21.11458333333334
2025-07-21,2025,Jul,7,Winter,4.34375
2025-07-21,2025,Jul,7,Winter,8.020833333333334
2025-07-21,2025,Jul,7,Winter,5.34375
2025-07-21,2025,Jul,7,Winter,4.375
2025-07-22,2025,Jul,7,Winter,0.4166666666666667
2025-07-22,2025,Jul,7,Winter,2.2916666666666665
2025-07-22,2025,Jul,7,Winter,2.357894736842105
2025-07-22,2025,Jul,7,Winter,1.9157894736842107
2025-07-22,2025,Jul,7,Winter,0.7395833333333333
2025-07-22,2025,Jul,7,Winter,1.0
2025-07-22,2025,Jul,7,Winter,1.9583333333333333
2025-07-22,2025,Jul,7,Winter,1.1354166666666663
2025-07-22,2025,Jul,7,Winter,0.125
2025-07-23,2025,Jul,7,Winter,0.4375
2025-07-23,2025,Jul,7,Winter,2.6458333333333344
2025-07-23,2025,Jul,7,Winter,3.71875
2025-07-23,2025,Jul,7,Winter,2.104166666666667
2025-07-23,2025,Jul,7,Winter,0.2526315789473681
2025-07-23,2025,Jul,7,Winter,1.0
2025-07-23,2025,Jul,7,Winter,2.768421052631579
2025-07-23,2025,Jul,7,Winter,1.4791666666666663
2025-07-23,2025,Jul,7,Winter,0.4375
2025-07-24,2025,Jul,7,Winter,1.9680851063829785
2025-07-24,2025,Jul,7,Winter,6.617021276595741
2025-07-24,2025,Jul,7,Winter,4.936170212765957
2025-07-24,2025,Jul,7,Winter,3.925531914893616
2025-07-24,2025,Jul,7,Winter,1.126315789473684
2025-07-24,2025,Jul,7,Winter,1.7659574468085102
2025-07-24,2025,Jul,7,Winter,8.847826086956522
2025-07-24,2025,Jul,7,Winter,3.1894736842105265
2025-07-24,2025,Jul,7,Winter,2.294736842105264
2025-07-25,2025,Jul,7,Winter,0.8854166666666673
2025-07-25,2025,Jul,7,Winter,3.885416666666667
2025-07-25,2025,Jul,7,Winter,3.2553191489361706
2025-07-25,2025,Jul,7,Winter,2.572916666666667
2025-07-25,2025,Jul,7,Winter,0.4947368421052635
2025-07-25,2025,Jul,7,Winter,0.3958333333333333
2025-07-25,2025,Jul,7,Winter,0.75
2025-07-25,2025,Jul,7,Winter,1.5578947368421057
2025-07-25,2025,Jul,7,Winter,0.378947368421053
2025-07-26,2025,Jul,7,Winter,0.4166666666666663
2025-07-26,2025,Jul,7,Winter,1.65625
2025-07-26,2025,Jul,7,Winter,3.021276595744681
2025-07-26,2025,Jul,7,Winter,2.28125
2025-07-26,2025,Jul,7,Winter,0.5833333333333334
2025-07-26,2025,Jul,7,Winter,0.0526315789473684
2025-07-26,2025,Jul,7,Winter,1.0744680851063837
2025-07-26,2025,Jul,7,Winter,1.03125
2025-07-26,2025,Jul,7,Winter,0.0105263157894736
2025-07-27,2025,Jul,7,Winter,2.1770833333333344
2025-07-27,2025,Jul,7,Winter,2.375
2025-07-27,2025,Jul,7,Winter,3.663157894736843
2025-07-27,2025,Jul,7,Winter,2.63157894736842
2025-07-27,2025,Jul,7,Winter,0.3368421052631578
2025-07-27,2025,Jul,7,Winter,1.7916666666666667
2025-07-27,2025,Jul,7,Winter,2.642105263157895
2025-07-27,2025,Jul,7,Winter,1.6354166666666663
2025-07-27,2025,Jul,7,Winter,0.5520833333333336
2025-07-28,2025,Jul,7,Winter,1.5
2025-07-28,2025,Jul,7,Winter,2.760416666666667
2025-07-28,2025,Jul,7,Winter,3.3157894736842093
2025-07-28,2025,Jul,7,Winter,2.552083333333333
2025-07-28,2025,Jul,7,Winter,0.84375
2025-07-28,2025,Jul,7,Winter,2.09375
2025-07-28,2025,Jul,7,Winter,1.2631578947368418
2025-07-28,2025,Jul,7,Winter,1.8958333333333333
2025-07-28,2025,Jul,7,Winter,0.8020833333333336
2025-07-29,2025,Jul,7,Winter,1.7083333333333326
2025-07-29,2025,Jul,7,Winter,6.305263157894738
2025-07-29,2025,Jul,7,Winter,2.854166666666667
2025-07-29,2025,Jul,7,Winter,0.0
2025-07-29,2025,Jul,7,Winter,3.322916666666666
2025-07-29,2025,Jul,7,Winter,0.8541666666666665
2025-07-29,2025,Jul,7,Winter,1.25
2025-07-29,2025,Jul,7,Winter,1.9263157894736849
2025-07-29,2025,Jul,7,Winter,2.21875
2025-07-29,2025,Jul,7,Winter,0.71875
2025-07-30,2025,Jul,7,Winter,7.1875
2025-07-30,2025,Jul,7,Winter,11.59375
2025-07-30,2025,Jul,7,Winter,8.61458333333333
2025-07-30,2025,Jul,7,Winter,8.91578947368421
2025-07-30,2025,Jul,7,Winter,0.0
2025-07-30,2025,Jul,7,Winter,7.4166666666666705
2025-07-30,2025,Jul,7,Winter,8.53125
2025-07-30,2025,Jul,7,Winter,8.389473684210525
2025-07-30,2025,Jul,7,Winter,6.0625
2025-07-31,2025,Jul,7,Winter,2.864583333333333
2025-07-31,2025,Jul,7,Winter,6.666666666666666
2025-07-31,2025,Jul,7,Winter,6.010638297872344
2025-07-31,2025,Jul,7,Winter,5.770833333333334
2025-07-31,2025,Jul,7,Winter,0.7291666666666673
2025-07-31,2025,Jul,7,Winter,1.9157894736842087
2025-07-31,2025,Jul,7,Winter,2.6
2025-07-31,2025,Jul,7,Winter,4.197916666666666
2025-07-31,2025,Jul,7,Winter,2.2291666666666665
2025-08-01,2025,Aug,8,Winter,11.770833333333329
2025-08-01,2025,Aug,8,Winter,18.78125
2025-08-01,2025,Aug,8,Winter,13.114583333333334
2025-08-01,2025,Aug,8,Winter,13.442105263157895
2025-08-01,2025,Aug,8,Winter,14.625
2025-08-01,2025,Aug,8,Winter,9.536842105263156
2025-08-01,2025,Aug,8,Winter,14.074468085106382
2025-08-01,2025,Aug,8,Winter,11.645833333333332
2025-08-01,2025,Aug,8,Winter,9.291666666666668
2025-08-02,2025,Aug,8,Winter,18.78125
2025-08-02,2025,Aug,8,Winter,26.80208333333334
2025-08-02,2025,Aug,8,Winter,21.55670103092783
2025-08-02,2025,Aug,8,Winter,21.77083333333333
2025-08-02,2025,Aug,8,Winter,20.36458333333333
2025-08-02,2025,Aug,8,Winter,5.8125
2025-08-02,2025,Aug,8,Winter,12.239130434782608
2025-08-02,2025,Aug,8,Winter,21.791666666666664
2025-08-02,2025,Aug,8,Winter,17.520833333333336
2025-08-03,2025,Aug,8,Winter,20.91666666666666
2025-08-03,2025,Aug,8,Winter,27.92631578947368
2025-08-03,2025,Aug,8,Winter,23.010416666666668
2025-08-03,2025,Aug,8,Winter,27.64583333333333
2025-08-03,2025,Aug,8,Winter,41.663157894736834
2025-08-03,2025,Aug,8,Winter,9.0
2025-08-03,2025,Aug,8,Winter,10.421052631578943
2025-08-03,2025,Aug,8,Winter,23.8842105263158
2025-08-03,2025,Aug,8,Winter,21.82291666666667
2025-08-04,2025,Aug,8,Winter,6.53333333333333
2025-08-04,2025,Aug,8,Winter,3.5280898876404505
2025-08-04,2025,Aug,8,Winter,2.644444444444444
2025-08-04,2025,Aug,8,Winter,3.766666666666668
2025-08-04,2025,Aug,8,Winter,6.399999999999997
2025-08-04,2025,Aug,8,Winter,6.422222222222225
2025-08-04,2025,Aug,8,Winter,10.011363636363637
2025-08-04,2025,Aug,8,Winter,2.3146067415730363
2025-08-04,2025,Aug,8,Winter,1.3932584269662904
2025-08-05,2025,Aug,8,Winter,0.3229166666666667
2025-08-05,2025,Aug,8,Winter,2.0625
2025-08-05,2025,Aug,8,Winter,2.9157894736842085
2025-08-05,2025,Aug,8,Winter,1.7684210526315796
2025-08-05,2025,Aug,8,Winter,1.53125
2025-08-05,2025,Aug,8,Winter,0.9684210526315786
2025-08-05,2025,Aug,8,Winter,4.0
2025-08-05,2025,Aug,8,Winter,1.416666666666667
2025-08-05,2025,Aug,8,Winter,0.3854166666666667
2025-08-06,2025,Aug,8,Winter,0.6875
2025-08-06,2025,Aug,8,Winter,4.4375
2025-08-06,2025,Aug,8,Winter,2.9166666666666683
2025-08-06,2025,Aug,8,Winter,2.8333333333333326
2025-08-06,2025,Aug,8,Winter,1.53125
2025-08-06,2025,Aug,8,Winter,0.3125
2025-08-06,2025,Aug,8,Winter,7.1195652173913
2025-08-06,2025,Aug,8,Winter,1.78125
2025-08-06,2025,Aug,8,Winter,0.65625
2025-08-07,2025,Aug,8,Winter,1.4947368421052638
2025-08-07,2025,Aug,8,Winter,7.1263157894736855
2025-08-07,2025,Aug,8,Winter,3.7368421052631584
2025-08-07,2025,Aug,8,Winter,4.385416666666667
2025-08-07,2025,Aug,8,Winter,0.0
2025-08-07,2025,Aug,8,Winter,5.4375
2025-08-07,2025,Aug,8,Winter,3.6489361702127647
2025-08-07,2025,Aug,8,Winter,3.052083333333333
2025-08-07,2025,Aug,8,Winter,1.458333333333333
2025-08-08,2025,Aug,8,Winter,8.239583333333334
2025-08-08,2025,Aug,8,Winter,16.3125
2025-08-08,2025,Aug,8,Winter,10.322916666666666
2025-08-08,2025,Aug,8,Winter,17.65625
2025-08-08,2025,Aug,8,Winter,12.252631578947367
2025-08-08,2025,Aug,8,Winter,12.52083333333333
2025-08-08,2025,Aug,8,Winter,11.786516853932586
2025-08-08,2025,Aug,8,Winter,10.1875
2025-08-08,2025,Aug,8,Winter,6.635416666666665
2025-08-09,2025,Aug,8,Winter,27.3125
2025-08-09,2025,Aug,8,Winter,34.48958333333333
2025-08-09,2025,Aug,8,Winter,27.15625
2025-08-09,2025,Aug,8,Winter,29.58333333333333
2025-08-09,2025,Aug,8,Winter,34.375
2025-08-09,2025,Aug,8,Winter,29.97894736842105
2025-08-09,2025,Aug,8,Winter,30.7127659574468
2025-08-09,2025,Aug,8,Winter,29.104166666666668
2025-08-09,2025,Aug,8,Winter,23.635416666666668
2025-08-10,2025,Aug,8,Winter,31.760416666666675
2025-08-10,2025,Aug,8,Winter,31.39583333333334
2025-08-10,2025,Aug,8,Winter,27.284210526315785
2025-08-10,2025,Aug,8,Winter,32.63736263736264
2025-08-10,2025,Aug,8,Winter,25.26041666666666
2025-08-10,2025,Aug,8,Winter,37.47916666666666
2025-08-10,2025,Aug,8,Winter,39.57894736842106
2025-08-10,2025,Aug,8,Winter,28.270833333333336
2025-08-10,2025,Aug,8,Winter,25.020833333333336
2025-08-11,2025,Aug,8,Winter,14.75
2025-08-11,2025,Aug,8,Winter,15.65625
2025-08-11,2025,Aug,8,Winter,12.400000000000007
2025-08-11,2025,Aug,8,Winter,15.458333333333336
2025-08-11,2025,Aug,8,Winter,17.802083333333336
2025-08-11,2025,Aug,8,Winter,14.94736842105262
2025-08-11,2025,Aug,8,Winter,22.369565217391298
2025-08-11,2025,Aug,8,Winter,11.94791666666666
2025-08-11,2025,Aug,8,Winter,10.46875
2025-08-12,2025,Aug,8,Winter,4.510416666666666
2025-08-12,2025,Aug,8,Winter,10.052631578947366
2025-08-12,2025,Aug,8,Winter,6.979381443298972
2025-08-12,2025,Aug,8,Winter,6.177083333333334
2025-08-12,2025,Aug,8,Winter,9.177083333333332
2025-08-12,2025,Aug,8,Winter,5.90625
2025-08-12,2025,Aug,8,Winter,6.578947368421051
2025-08-12,2025,Aug,8,Winter,6.515789473684212
2025-08-12,2025,Aug,8,Winter,4.708333333333334
2025-08-13,2025,Aug,8,Winter,4.395833333333334
2025-08-13,2025,Aug,8,Winter,9.114583333333336
2025-08-13,2025,Aug,8,Winter,5.697916666666666
2025-08-13,2025,Aug,8,Winter,5.958333333333332
2025-08-13,2025,Aug,8,Winter,5.21052631578947
2025-08-13,2025,Aug,8,Winter,3.378947368421053
2025-08-13,2025,Aug,8,Winter,14.02127659574469
2025-08-13,2025,Aug,8,Winter,4.927083333333334
2025-08-13,2025,Aug,8,Winter,2.4842105263157888
2025-08-14,2025,Aug,8,Winter,9.3125
2025-08-14,2025,Aug,8,Winter,14.237113402061857
2025-08-14,2025,Aug,8,Winter,8.747368421052627
2025-08-14,2025,Aug,8,Winter,11.104166666666664
2025-08-14,2025,Aug,8,Winter,1.7473684210526306
2025-08-14,2025,Aug,8,Winter,2.5157894736842104
2025-08-14,2025,Aug,8,Winter,26.34782608695652
2025-08-14,2025,Aug,8,Winter,9.08333333333334
2025-08-14,2025,Aug,8,Winter,7.59375
2025-08-15,2025,Aug,8,Winter,2.833333333333333
2025-08-15,2025,Aug,8,Winter,6.536842105263158
2025-08-15,2025,Aug,8,Winter,7.697916666666669
2025-08-15,2025,Aug,8,Winter,5.297872340425532
2025-08-15,2025,Aug,8,Winter,2.041666666666667
2025-08-15,2025,Aug,8,Winter,3.291666666666667
2025-08-15,2025,Aug,8,Winter,9.053191489361708
2025-08-15,2025,Aug,8,Winter,2.6875
2025-08-15,2025,Aug,8,Winter,2.34375
2025-08-16,2025,Aug,8,Winter,1.8645833333333328
2025-08-16,2025,Aug,8,Winter,4.447916666666666
2025-08-16,2025,Aug,8,Winter,6.177083333333333
2025-08-16,2025,Aug,8,Winter,3.59375
2025-08-16,2025,Aug,8,Winter,3.0
2025-08-16,2025,Aug,8,Winter,2.875
2025-08-16,2025,Aug,8,Winter,4.06741573033708
2025-08-16,2025,Aug,8,Winter,2.885416666666667
2025-08-16,2025,Aug,8,Winter,1.7395833333333326
2025-08-17,2025,Aug,8,Winter,3.145833333333336
2025-08-17,2025,Aug,8,Winter,4.947368421052633
2025-08-17,2025,Aug,8,Winter,4.71875
2025-08-17,2025,Aug,8,Winter,4.072916666666668
2025-08-17,2025,Aug,8,Winter,1.9895833333333328
2025-08-17,2025,Aug,8,Winter,4.875
2025-08-17,2025,Aug,8,Winter,3.231578947368422
2025-08-17,2025,Aug,8,Winter,3.2916666666666656
2025-08-17,2025,Aug,8,Winter,2.21875
2025-08-18,2025,Aug,8,Winter,1.864583333333334
2025-08-18,2025,Aug,8,Winter,5.354166666666666
2025-08-18,2025,Aug,8,Winter,3.104166666666667
2025-08-18,2025,Aug,8,Winter,3.927083333333334
2025-08-18,2025,Aug,8,Winter,2.56842105263158
2025-08-18,2025,Aug,8,Winter,1.0
2025-08-18,2025,Aug,8,Winter,3.78125
2025-08-18,2025,Aug,8,Winter,3.21875
2025-08-18,2025,Aug,8,Winter,1.6770833333333328
2025-08-19,2025,Aug,8,Winter,16.927083333333332
2025-08-19,2025,Aug,8,Winter,21.833333333333336
2025-08-19,2025,Aug,8,Winter,16.48421052631579
2025-08-19,2025,Aug,8,Winter,20.229166666666664
2025-08-19,2025,Aug,8,Winter,9.694736842105264
2025-08-19,2025,Aug,8,Winter,2.031578947368422
2025-08-19,2025,Aug,8,Winter,17.46808510638298
2025-08-19,2025,Aug,8,Winter,14.427083333333334
2025-08-19,2025,Aug,8,Winter,12.572916666666664
2025-08-20,2025,Aug,8,Winter,6.88541666666667
2025-08-20,2025,Aug,8,Winter,11.260416666666668
2025-08-20,2025,Aug,8,Winter,7.34375
2025-08-20,2025,Aug,8,Winter,8.47872340425532
2025-08-20,2025,Aug,8,Winter,2.791666666666667
2025-08-20,2025,Aug,8,Winter,8.916666666666666
2025-08-20,2025,Aug,8,Winter,9.93617021276596
2025-08-20,2025,Aug,8,Winter,5.104166666666665
2025-08-20,2025,Aug,8,Winter,4.75
2025-08-21,2025,Aug,8,Winter,9.90625
2025-08-21,2025,Aug,8,Winter,12.53125
2025-08-21,2025,Aug,8,Winter,10.5
2025-08-21,2025,Aug,8,Winter,11.15625
2025-08-21,2025,Aug,8,Winter,4.375
2025-08-21,2025,Aug,8,Winter,10.49473684210526
2025-08-21,2025,Aug,8,Winter,3.0434782608695667
2025-08-21,2025,Aug,8,Winter,8.166666666666666
2025-08-21,2025,Aug,8,Winter,6.270833333333332
2025-08-22,2025,Aug,8,Winter,4.322916666666666
2025-08-22,2025,Aug,8,Winter,6.705263157894738
2025-08-22,2025,Aug,8,Winter,7.125
2025-08-22,2025,Aug,8,Winter,4.928571428571427
2025-08-22,2025,Aug,8,Winter,2.4526315789473667
2025-08-22,2025,Aug,8,Winter,4.145833333333331
2025-08-22,2025,Aug,8,Winter,5.511111111111113
2025-08-22,2025,Aug,8,Winter,3.7578947368421054
2025-08-22,2025,Aug,8,Winter,2.364583333333333
2025-08-23,2025,Aug,8,Winter,2.822916666666668
2025-08-23,2025,Aug,8,Winter,5.947916666666666
2025-08-23,2025,Aug,8,Winter,4.739583333333335
2025-08-23,2025,Aug,8,Winter,5.041666666666665
2025-08-23,2025,Aug,8,Winter,0.9895833333333336
2025-08-23,2025,Aug,8,Winter,2.7604166666666674
2025-08-23,2025,Aug,8,Winter,4.936170212765957
2025-08-23,2025,Aug,8,Winter,4.260416666666665
2025-08-23,2025,Aug,8,Winter,2.3578947368421064
2025-08-24,2025,Aug,8,Winter,6.40625
2025-08-24,2025,Aug,8,Winter,8.0625
2025-08-24,2025,Aug,8,Winter,7.1808510638297856
2025-08-24,2025,Aug,8,Winter,8.968085106382983
2025-08-24,2025,Aug,8,Winter,9.354166666666668
2025-08-24,2025,Aug,8,Winter,1.936842105263158
2025-08-24,2025,Aug,8,Winter,10.65625
2025-08-24,2025,Aug,8,Winter,6.416666666666669
2025-08-24,2025,Aug,8,Winter,3.833333333333334
2025-08-25,2025,Aug,8,Winter,4.9157894736842085
2025-08-25,2025,Aug,8,Winter,8.52083333333333
2025-08-25,2025,Aug,8,Winter,7.072164948453611
2025-08-25,2025,Aug,8,Winter,7.583333333333331
2025-08-25,2025,Aug,8,Winter,1.5894736842105273
2025-08-25,2025,Aug,8,Winter,7.147368421052633
2025-08-25,2025,Aug,8,Winter,7.6842105263157885
2025-08-25,2025,Aug,8,Winter,5.4375
2025-08-25,2025,Aug,8,Winter,4.3125
2025-08-26,2025,Aug,8,Winter,1.6979166666666663
2025-08-26,2025,Aug,8,Winter,2.8842105263157887
2025-08-26,2025,Aug,8,Winter,2.958333333333334
2025-08-26,2025,Aug,8,Winter,2.3404255319148937
2025-08-26,2025,Aug,8,Winter,1.4842105263157896
2025-08-26,2025,Aug,8,Winter,2.770833333333335
2025-08-26,2025,Aug,8,Winter,3.1935483870967736
2025-08-26,2025,Aug,8,Winter,1.447916666666667
2025-08-26,2025,Aug,8,Winter,0.4479166666666669
2025-08-27,2025,Aug,8,Winter,0.6770833333333333
2025-08-27,2025,Aug,8,Winter,1.677083333333334
2025-08-27,2025,Aug,8,Winter,2.75
2025-08-27,2025,Aug,8,Winter,1.4166666666666667
2025-08-27,2025,Aug,8,Winter,0.0
2025-08-27,2025,Aug,8,Winter,1.3894736842105258
2025-08-27,2025,Aug,8,Winter,1.978947368421052
2025-08-27,2025,Aug,8,Winter,1.1875
2025-08-27,2025,Aug,8,Winter,0.2604166666666668
2025-08-28,2025,Aug,8,Winter,0.3402061855670103
2025-08-28,2025,Aug,8,Winter,1.6875
2025-08-28,2025,Aug,8,Winter,3.5789473684210518
2025-08-28,2025,Aug,8,Winter,1.5789473684210524
2025-08-28,2025,Aug,8,Winter,0.2604166666666667
2025-08-28,2025,Aug,8,Winter,0.5157894736842104
2025-08-28,2025,Aug,8,Winter,1.4659090909090895
2025-08-28,2025,Aug,8,Winter,1.1354166666666663
2025-08-28,2025,Aug,8,Winter,0.09375
2025-08-29,2025,Aug,8,Winter,0.5729166666666661
2025-08-29,2025,Aug,8,Winter,2.208333333333333
2025-08-29,2025,Aug,8,Winter,3.1875
2025-08-29,2025,Aug,8,Winter,1.9263157894736849
2025-08-29,2025,Aug,8,Winter,0.645833333333333
2025-08-29,2025,Aug,8,Winter,0.1458333333333332
2025-08-29,2025,Aug,8,Winter,1.7849462365591404
2025-08-29,2025,Aug,8,Winter,0.0
2025-08-29,2025,Aug,8,Winter,1.125
2025-08-29,2025,Aug,8,Winter,0.09375
2025-08-30,2025,Aug,8,Winter,0.6666666666666669
2025-08-30,2025,Aug,8,Winter,4.229166666666666
2025-08-30,2025,Aug,8,Winter,5.010416666666665
2025-08-30,2025,Aug,8,Winter,3.457446808510638
2025-08-30,2025,Aug,8,Winter,0.75
2025-08-30,2025,Aug,8,Winter,0.15625
2025-08-30,2025,Aug,8,Winter,3.032608695652175
2025-08-30,2025,Aug,8,Winter,0.0
2025-08-30,2025,Aug,8,Winter,2.3541666666666674
2025-08-30,2025,Aug,8,Winter,1.40625
2025-08-31,2025,Aug,8,Winter,1.5833333333333337
2025-08-31,2025,Aug,8,Winter,2.589473684210527
2025-08-31,2025,Aug,8,Winter,2.885416666666667
2025-08-31,2025,Aug,8,Winter,3.166666666666667
2025-08-31,2025,Aug,8,Winter,1.1875
2025-08-31,2025,Aug,8,Winter,1.5208333333333337
2025-08-31,2025,Aug,8,Winter,3.389473684210525
2025-08-31,2025,Aug,8,Winter,0.0
2025-08-31,2025,Aug,8,Winter,2.4526315789473685
2025-08-31,2025,Aug,8,Winter,0.9583333333333336
2025-09-01,2025,Sep,9,Spring,0.625
2025-09-01,2025,Sep,9,Spring,3.1875
2025-09-01,2025,Sep,9,Spring,2.75
2025-09-01,2025,Sep,9,Spring,2.197916666666667
2025-09-01,2025,Sep,9,Spring,0.4947368421052635
2025-09-01,2025,Sep,9,Spring,1.03125
2025-09-01,2025,Sep,9,Spring,2.863157894736841
2025-09-01,2025,Sep,9,Spring,0.0
2025-09-01,2025,Sep,9,Spring,2.34375
2025-09-01,2025,Sep,9,Spring,0.7894736842105256
2025-09-02,2025,Sep,9,Spring,2.5
2025-09-02,2025,Sep,9,Spring,5.208333333333335
2025-09-02,2025,Sep,9,Spring,4.610526315789475
2025-09-02,2025,Sep,9,Spring,4.5052631578947375
2025-09-02,2025,Sep,9,Spring,2.135416666666667
2025-09-02,2025,Sep,9,Spring,3.305263157894738
2025-09-02,2025,Sep,9,Spring,5.789473684210529
2025-09-02,2025,Sep,9,Spring,0.0
2025-09-02,2025,Sep,9,Spring,4.0
2025-09-02,2025,Sep,9,Spring,2.541666666666665
2025-09-03,2025,Sep,9,Spring,1.2916666666666663
2025-09-03,2025,Sep,9,Spring,3.5625
2025-09-03,2025,Sep,9,Spring,3.957894736842104
2025-09-03,2025,Sep,9,Spring,2.421052631578948
2025-09-03,2025,Sep,9,Spring,1.5416666666666663
2025-09-03,2025,Sep,9,Spring,1.3958333333333333
2025-09-03,2025,Sep,9,Spring,4.0
2025-09-03,2025,Sep,9,Spring,0.0
2025-09-03,2025,Sep,9,Spring,1.7604166666666663
2025-09-03,2025,Sep,9,Spring,0.6666666666666666
2025-09-04,2025,Sep,9,Spring,0.4166666666666662
2025-09-04,2025,Sep,9,Spring,2.53125
2025-09-04,2025,Sep,9,Spring,2.760416666666667
2025-09-04,2025,Sep,9,Spring,1.9270833333333337
2025-09-04,2025,Sep,9,Spring,0.71875
2025-09-04,2025,Sep,9,Spring,0.7708333333333334
2025-09-04,2025,Sep,9,Spring,8.829787234042552
2025-09-04,2025,Sep,9,Spring,0.0
2025-09-04,2025,Sep,9,Spring,1.34375
2025-09-04,2025,Sep,9,Spring,0.4270833333333333
2025-09-05,2025,Sep,9,Spring,3.2526315789473683
2025-09-05,2025,Sep,9,Spring,6.336842105263157
2025-09-05,2025,Sep,9,Spring,4.5
2025-09-05,2025,Sep,9,Spring,4.583333333333333
2025-09-05,2025,Sep,9,Spring,1.1789473684210523
2025-09-05,2025,Sep,9,Spring,1.2916666666666667
2025-09-05,2025,Sep,9,Spring,2.4285714285714293
2025-09-05,2025,Sep,9,Spring,0.0
2025-09-05,2025,Sep,9,Spring,3.09375
2025-09-05,2025,Sep,9,Spring,1.6666666666666663
2025-09-06,2025,Sep,9,Spring,7.587628865979385
2025-09-06,2025,Sep,9,Spring,8.378947368421052
2025-09-06,2025,Sep,9,Spring,8.96875
2025-09-06,2025,Sep,9,Spring,8.51041666666667
2025-09-06,2025,Sep,9,Spring,6.0
2025-09-06,2025,Sep,9,Spring,5.583333333333334
2025-09-06,2025,Sep,9,Spring,12.265957446808509
2025-09-06,2025,Sep,9,Spring,0.0
2025-09-06,2025,Sep,9,Spring,5.864583333333331
2025-09-06,2025,Sep,9,Spring,5.21875
2025-09-07,2025,Sep,9,Spring,4.393617021276596
2025-09-07,2025,Sep,9,Spring,7.126315789473683
2025-09-07,2025,Sep,9,Spring,6.694736842105263
2025-09-07,2025,Sep,9,Spring,6.978947368421053
2025-09-07,2025,Sep,9,Spring,2.6041666666666674
2025-09-07,2025,Sep,9,Spring,6.852631578947369
2025-09-07,2025,Sep,9,Spring,6.802083333333333
2025-09-07,2025,Sep,9,Spring,0.0
2025-09-07,2025,Sep,9,Spring,4.46875
2025-09-07,2025,Sep,9,Spring,4.072916666666667
2025-09-08,2025,Sep,9,Spring,3.103092783505151
2025-09-08,2025,Sep,9,Spring,4.625
2025-09-08,2025,Sep,9,Spring,4.46808510638298
2025-09-08,2025,Sep,9,Spring,3.9895833333333353
2025-09-08,2025,Sep,9,Spring,1.8229166666666672
2025-09-08,2025,Sep,9,Spring,3.208333333333335
2025-09-08,2025,Sep,9,Spring,7.021276595744688
2025-09-08,2025,Sep,9,Spring,0.0
2025-09-08,2025,Sep,9,Spring,3.6979166666666656
2025-09-08,2025,Sep,9,Spring,2.03125
2025-09-09,2025,Sep,9,Spring,0.6041666666666666
2025-09-09,2025,Sep,9,Spring,4.157894736842105
2025-09-09,2025,Sep,9,Spring,2.802083333333334
2025-09-09,2025,Sep,9,Spring,2.520833333333333
2025-09-09,2025,Sep,9,Spring,0.75
2025-09-09,2025,Sep,9,Spring,2.0729166666666665
2025-09-09,2025,Sep,9,Spring,1.9574468085106376
2025-09-09,2025,Sep,9,Spring,0.0
2025-09-09,2025,Sep,9,Spring,1.75
2025-09-09,2025,Sep,9,Spring,0.375
2025-09-10,2025,Sep,9,Spring,1.7604166666666663
2025-09-10,2025,Sep,9,Spring,3.84375
2025-09-10,2025,Sep,9,Spring,2.5833333333333326
2025-09-10,2025,Sep,9,Spring,2.9479166666666674
2025-09-10,2025,Sep,9,Spring,0.0526315789473684
2025-09-10,2025,Sep,9,Spring,1.6666666666666663
2025-09-10,2025,Sep,9,Spring,2.380434782608696
2025-09-10,2025,Sep,9,Spring,0.0
2025-09-10,2025,Sep,9,Spring,2.115789473684211
2025-09-10,2025,Sep,9,Spring,0.4842105263157897
2025-09-11,2025,Sep,9,Spring,1.1458333333333328
2025-09-11,2025,Sep,9,Spring,4.114583333333334
2025-09-11,2025,Sep,9,Spring,2.8421052631578965
2025-09-11,2025,Sep,9,Spring,1.854166666666667
2025-09-11,2025,Sep,9,Spring,0.3854166666666666
2025-09-11,2025,Sep,9,Spring,0.7659574468085109
2025-09-11,2025,Sep,9,Spring,3.612903225806453
2025-09-11,2025,Sep,9,Spring,0.0
2025-09-11,2025,Sep,9,Spring,1.3958333333333337
2025-09-11,2025,Sep,9,Spring,0.2916666666666666
2025-09-12,2025,Sep,9,Spring,2.1770833333333326
2025-09-12,2025,Sep,9,Spring,4.010416666666664
2025-09-12,2025,Sep,9,Spring,4.833333333333331
2025-09-12,2025,Sep,9,Spring,3.1276595744680864
2025-09-12,2025,Sep,9,Spring,0.7157894736842102
2025-09-12,2025,Sep,9,Spring,3.364583333333335
2025-09-12,2025,Sep,9,Spring,5.5
2025-09-12,2025,Sep,9,Spring,0.0
2025-09-12,2025,Sep,9,Spring,2.9791666666666656
2025-09-12,2025,Sep,9,Spring,1.760416666666666
2025-09-13,2025,Sep,9,Spring,2.7473684210526312
2025-09-13,2025,Sep,9,Spring,5.25
2025-09-13,2025,Sep,9,Spring,5.360824742268037
2025-09-13,2025,Sep,9,Spring,3.9270833333333326
2025-09-13,2025,Sep,9,Spring,1.9166666666666672
2025-09-13,2025,Sep,9,Spring,1.21875
2025-09-13,2025,Sep,9,Spring,4.425531914893616
2025-09-13,2025,Sep,9,Spring,0.0
2025-09-13,2025,Sep,9,Spring,3.864583333333331
2025-09-13,2025,Sep,9,Spring,2.1875
2025-09-14,2025,Sep,9,Spring,1.7938144329896903
2025-09-14,2025,Sep,9,Spring,2.5578947368421048
2025-09-14,2025,Sep,9,Spring,3.395833333333333
2025-09-14,2025,Sep,9,Spring,3.59375
2025-09-14,2025,Sep,9,Spring,1.1666666666666672
2025-09-14,2025,Sep,9,Spring,3.0947368421052674
2025-09-14,2025,Sep,9,Spring,7.842105263157896
2025-09-14,2025,Sep,9,Spring,0.0
2025-09-14,2025,Sep,9,Spring,2.8125
2025-09-14,2025,Sep,9,Spring,1.4479166666666654
2025-09-15,2025,Sep,9,Spring,0.031578947368421
2025-09-15,2025,Sep,9,Spring,1.7916666666666663
2025-09-15,2025,Sep,9,Spring,1.4479166666666667
2025-09-15,2025,Sep,9,Spring,1.40625
2025-09-15,2025,Sep,9,Spring,0.0947368421052632
2025-09-15,2025,Sep,9,Spring,0.8020833333333333
2025-09-15,2025,Sep,9,Spring,1.2842105263157897
2025-09-15,2025,Sep,9,Spring,0.0
2025-09-15,2025,Sep,9,Spring,1.0729166666666663
2025-09-15,2025,Sep,9,Spring,0.0208333333333333
2025-09-16,2025,Sep,9,Spring,0.6458333333333331
2025-09-16,2025,Sep,9,Spring,1.8333333333333337
2025-09-16,2025,Sep,9,Spring,2.800000000000001
2025-09-16,2025,Sep,9,Spring,1.875
2025-09-16,2025,Sep,9,Spring,0.2604166666666668
2025-09-16,2025,Sep,9,Spring,0.2210526315789473
2025-09-16,2025,Sep,9,Spring,4.284210526315788
2025-09-16,2025,Sep,9,Spring,0.0
2025-09-16,2025,Sep,9,Spring,1.2916666666666663
2025-09-16,2025,Sep,9,Spring,0.2395833333333333
2025-09-17,2025,Sep,9,Spring,0.8020833333333329
2025-09-17,2025,Sep,9,Spring,2.614583333333333
2025-09-17,2025,Sep,9,Spring,2.84375
2025-09-17,2025,Sep,9,Spring,1.9263157894736849
2025-09-17,2025,Sep,9,Spring,1.0515463917525774
2025-09-17,2025,Sep,9,Spring,1.0315789473684205
2025-09-17,2025,Sep,9,Spring,3.210526315789472
2025-09-17,2025,Sep,9,Spring,0.0
2025-09-17,2025,Sep,9,Spring,1.5729166666666667
2025-09-17,2025,Sep,9,Spring,0.46875
2025-09-18,2025,Sep,9,Spring,2.041666666666666
2025-09-18,2025,Sep,9,Spring,3.90625
2025-09-18,2025,Sep,9,Spring,4.166666666666667
2025-09-18,2025,Sep,9,Spring,3.4895833333333326
2025-09-18,2025,Sep,9,Spring,6.115789473684211
2025-09-18,2025,Sep,9,Spring,2.03225806451613
2025-09-18,2025,Sep,9,Spring,3.489583333333335
2025-09-18,2025,Sep,9,Spring,0.0
2025-09-18,2025,Sep,9,Spring,2.53125
2025-09-18,2025,Sep,9,Spring,1.71875
2025-09-19,2025,Sep,9,Spring,0.378947368421053
2025-09-19,2025,Sep,9,Spring,2.147368421052631
2025-09-19,2025,Sep,9,Spring,2.8947368421052646
2025-09-19,2025,Sep,9,Spring,1.6354166666666667
2025-09-19,2025,Sep,9,Spring,1.326315789473685
2025-09-19,2025,Sep,9,Spring,0.6770833333333334
2025-09-19,2025,Sep,9,Spring,2.5164835164835155
2025-09-19,2025,Sep,9,Spring,0.0
2025-09-19,2025,Sep,9,Spring,1.263157894736842
2025-09-19,2025,Sep,9,Spring,0.2708333333333333
2025-09-20,2025,Sep,9,Spring,2.010416666666666
2025-09-20,2025,Sep,9,Spring,2.9583333333333326
2025-09-20,2025,Sep,9,Spring,3.4375
2025-09-20,2025,Sep,9,Spring,2.208333333333333
2025-09-20,2025,Sep,9,Spring,1.9157894736842092
2025-09-20,2025,Sep,9,Spring,0.7578947368421053
2025-09-20,2025,Sep,9,Spring,3.329787234042552
2025-09-20,2025,Sep,9,Spring,0.0
2025-09-20,2025,Sep,9,Spring,1.791666666666667
2025-09-20,2025,Sep,9,Spring,0.6736842105263164
2025-09-21,2025,Sep,9,Spring,0.78125
2025-09-21,2025,Sep,9,Spring,1.979166666666668
2025-09-21,2025,Sep,9,Spring,3.326315789473685
2025-09-21,2025,Sep,9,Spring,2.094736842105263
2025-09-21,2025,Sep,9,Spring,0.729166666666667
2025-09-21,2025,Sep,9,Spring,1.0421052631578955
2025-09-21,2025,Sep,9,Spring,1.5
2025-09-21,2025,Sep,9,Spring,0.0
2025-09-21,2025,Sep,9,Spring,1.7083333333333328
2025-09-21,2025,Sep,9,Spring,0.5625
2025-09-22,2025,Sep,9,Spring,2.177083333333333
2025-09-22,2025,Sep,9,Spring,4.354166666666667
2025-09-22,2025,Sep,9,Spring,3.0842105263157893
2025-09-22,2025,Sep,9,Spring,3.8210526315789455
2025-09-22,2025,Sep,9,Spring,0.6842105263157888
2025-09-22,2025,Sep,9,Spring,2.0
2025-09-22,2025,Sep,9,Spring,2.905263157894737
2025-09-22,2025,Sep,9,Spring,0.0
2025-09-22,2025,Sep,9,Spring,2.3125
2025-09-22,2025,Sep,9,Spring,0.9791666666666664
2025-09-23,2025,Sep,9,Spring,2.0526315789473686
2025-09-23,2025,Sep,9,Spring,4.4526315789473685
2025-09-23,2025,Sep,9,Spring,5.20618556701031
2025-09-23,2025,Sep,9,Spring,3.957894736842104
2025-09-23,2025,Sep,9,Spring,0.53125
2025-09-23,2025,Sep,9,Spring,1.913978494623656
2025-09-23,2025,Sep,9,Spring,5.468085106382984
2025-09-23,2025,Sep,9,Spring,0.0
2025-09-23,2025,Sep,9,Spring,2.7291666666666665
2025-09-23,2025,Sep,9,Spring,1.40625
2025-09-24,2025,Sep,9,Spring,1.268041237113401
2025-09-24,2025,Sep,9,Spring,4.666666666666668
2025-09-24,2025,Sep,9,Spring,5.2708333333333295
2025-09-24,2025,Sep,9,Spring,3.71875
2025-09-24,2025,Sep,9,Spring,1.5157894736842104
2025-09-24,2025,Sep,9,Spring,1.1808510638297889
2025-09-24,2025,Sep,9,Spring,15.0
2025-09-24,2025,Sep,9,Spring,0.0
2025-09-24,2025,Sep,9,Spring,2.9270833333333344
2025-09-24,2025,Sep,9,Spring,1.25
2025-09-25,2025,Sep,9,Spring,3.052631578947368
2025-09-25,2025,Sep,9,Spring,6.666666666666669
2025-09-25,2025,Sep,9,Spring,5.842105263157897
2025-09-25,2025,Sep,9,Spring,5.021052631578946
2025-09-25,2025,Sep,9,Spring,3.9583333333333326
2025-09-25,2025,Sep,9,Spring,1.0425531914893622
2025-09-25,2025,Sep,9,Spring,7.361702127659579
2025-09-25,2025,Sep,9,Spring,0.0
2025-09-25,2025,Sep,9,Spring,4.197916666666665
2025-09-25,2025,Sep,9,Spring,2.8645833333333344
2025-09-26,2025,Sep,9,Spring,2.34375
2025-09-26,2025,Sep,9,Spring,4.010416666666666
2025-09-26,2025,Sep,9,Spring,5.40625
2025-09-26,2025,Sep,9,Spring,3.515789473684212
2025-09-26,2025,Sep,9,Spring,2.4375
2025-09-26,2025,Sep,9,Spring,1.9896907216494872
2025-09-26,2025,Sep,9,Spring,5.473684210526317
2025-09-26,2025,Sep,9,Spring,0.0
2025-09-26,2025,Sep,9,Spring,3.21875
2025-09-26,2025,Sep,9,Spring,1.65625
2025-09-27,2025,Sep,9,Spring,1.0425531914893618
2025-09-27,2025,Sep,9,Spring,2.9166666666666665
2025-09-27,2025,Sep,9,Spring,3.21875
2025-09-27,2025,Sep,9,Spring,2.458333333333334
2025-09-27,2025,Sep,9,Spring,2.0208333333333326
2025-09-27,2025,Sep,9,Spring,2.414893617021276
2025-09-27,2025,Sep,9,Spring,3.510416666666668
2025-09-27,2025,Sep,9,Spring,0.0
2025-09-27,2025,Sep,9,Spring,1.9375
2025-09-27,2025,Sep,9,Spring,0.7395833333333334
2025-09-28,2025,Sep,9,Spring,1.0104166666666663
2025-09-28,2025,Sep,9,Spring,2.389473684210526
2025-09-28,2025,Sep,9,Spring,1.875
2025-09-28,2025,Sep,9,Spring,2.46875
2025-09-28,2025,Sep,9,Spring,0.1666666666666668
2025-09-28,2025,Sep,9,Spring,1.4791666666666663
2025-09-28,2025,Sep,9,Spring,1.652631578947369
2025-09-28,2025,Sep,9,Spring,0.0
2025-09-28,2025,Sep,9,Spring,1.6210526315789475
2025-09-28,2025,Sep,9,Spring,0.28125
2025-09-29,2025,Sep,9,Spring,3.75
2025-09-29,2025,Sep,9,Spring,3.5416666666666665
2025-09-29,2025,Sep,9,Spring,3.578947368421052
2025-09-29,2025,Sep,9,Spring,3.5
2025-09-29,2025,Sep,9,Spring,1.0947368421052632
2025-09-29,2025,Sep,9,Spring,1.53125
2025-09-29,2025,Sep,9,Spring,3.416666666666667
2025-09-29,2025,Sep,9,Spring,0.0
2025-09-29,2025,Sep,9,Spring,2.541666666666667
2025-09-29,2025,Sep,9,Spring,1.3894736842105258
2025-09-30,2025,Sep,9,Spring,2.0
2025-09-30,2025,Sep,9,Spring,3.2291666666666665
2025-09-30,2025,Sep,9,Spring,3.105263157894735
2025-09-30,2025,Sep,9,Spring,2.5104166666666665
2025-09-30,2025,Sep,9,Spring,0.9479166666666669
2025-09-30,2025,Sep,9,Spring,1.063157894736842
2025-09-30,2025,Sep,9,Spring,3.7604166666666665
2025-09-30,2025,Sep,9,Spring,0.0
2025-09-30,2025,Sep,9,Spring,2.208333333333334
2025-09-30,2025,Sep,9,Spring,0.7395833333333335
2025-10-01,2025,Oct,10,Spring,0.3125
2025-10-01,2025,Oct,10,Spring,1.1578947368421053
2025-10-01,2025,Oct,10,Spring,2.6354166666666674
2025-10-01,2025,Oct,10,Spring,1.357894736842105
2025-10-01,2025,Oct,10,Spring,0.53125
2025-10-01,2025,Oct,10,Spring,1.1684210526315786
2025-10-01,2025,Oct,10,Spring,0.8404255319148934
2025-10-01,2025,Oct,10,Spring,0.0
2025-10-01,2025,Oct,10,Spring,1.0833333333333333
2025-10-01,2025,Oct,10,Spring,0.03125
2025-10-02,2025,Oct,10,Spring,1.1473684210526307
2025-10-02,2025,Oct,10,Spring,2.125
2025-10-02,2025,Oct,10,Spring,3.104166666666665
2025-10-02,2025,Oct,10,Spring,1.896907216494845
2025-10-02,2025,Oct,10,Spring,0.6354166666666667
2025-10-02,2025,Oct,10,Spring,0.3191489361702126
2025-10-02,2025,Oct,10,Spring,1.231578947368421
2025-10-02,2025,Oct,10,Spring,0.0
2025-10-02,2025,Oct,10,Spring,1.7083333333333337
2025-10-02,2025,Oct,10,Spring,0.5051546391752569
2025-10-03,2025,Oct,10,Spring,0.1354166666666666
2025-10-03,2025,Oct,10,Spring,3.210526315789472
2025-10-03,2025,Oct,10,Spring,2.9270833333333326
2025-10-03,2025,Oct,10,Spring,2.510416666666667
2025-10-03,2025,Oct,10,Spring,1.166666666666668
2025-10-03,2025,Oct,10,Spring,0.770833333333333
2025-10-03,2025,Oct,10,Spring,1.2765957446808514
2025-10-03,2025,Oct,10,Spring,0.0
2025-10-03,2025,Oct,10,Spring,1.53125
2025-10-03,2025,Oct,10,Spring,0.34375
2025-10-04,2025,Oct,10,Spring,2.166666666666667
2025-10-04,2025,Oct,10,Spring,4.84375
2025-10-04,2025,Oct,10,Spring,5.09375
2025-10-04,2025,Oct,10,Spring,4.822916666666667
2025-10-04,2025,Oct,10,Spring,7.0
2025-10-04,2025,Oct,10,Spring,2.1666666666666665
2025-10-04,2025,Oct,10,Spring,8.34375
2025-10-04,2025,Oct,10,Spring,0.0
2025-10-04,2025,Oct,10,Spring,4.972222222222223
2025-10-04,2025,Oct,10,Spring,1.583333333333333
2025-10-05,2025,Oct,10,Spring,0.956521739130435
2025-10-05,2025,Oct,10,Spring,2.4239130434782616
2025-10-05,2025,Oct,10,Spring,3.153846153846154
2025-10-05,2025,Oct,10,Spring,2.6086956521739126
2025-10-05,2025,Oct,10,Spring,2.161290322580645
2025-10-05,2025,Oct,10,Spring,2.0
2025-10-05,2025,Oct,10,Spring,7.40217391304348
2025-10-05,2025,Oct,10,Spring,0.0
2025-10-05,2025,Oct,10,Spring,0.7173913043478265
2025-10-06,2025,Oct,10,Spring,0.8333333333333335
2025-10-06,2025,Oct,10,Spring,3.8020833333333335
2025-10-06,2025,Oct,10,Spring,2.729166666666667
2025-10-06,2025,Oct,10,Spring,2.7052631578947364
2025-10-06,2025,Oct,10,Spring,0.5416666666666666
2025-10-06,2025,Oct,10,Spring,2.408602150537634
2025-10-06,2025,Oct,10,Spring,3.78125
2025-10-06,2025,Oct,10,Spring,0.0
2025-10-06,2025,Oct,10,Spring,0.75
2025-10-07,2025,Oct,10,Spring,0.78125
2025-10-07,2025,Oct,10,Spring,2.052083333333333
2025-10-07,2025,Oct,10,Spring,3.2526315789473697
2025-10-07,2025,Oct,10,Spring,1.96875
2025-10-07,2025,Oct,10,Spring,1.2604166666666667
2025-10-07,2025,Oct,10,Spring,0.5578947368421056
2025-10-07,2025,Oct,10,Spring,3.4895833333333326
2025-10-07,2025,Oct,10,Spring,0.0
2025-10-07,2025,Oct,10,Spring,0.3478260869565218
2025-10-08,2025,Oct,10,Spring,0.7083333333333333
2025-10-08,2025,Oct,10,Spring,1.7263157894736842
2025-10-08,2025,Oct,10,Spring,3.375
2025-10-08,2025,Oct,10,Spring,1.7916666666666667
2025-10-08,2025,Oct,10,Spring,0.505263157894737
2025-10-08,2025,Oct,10,Spring,0.5999999999999996
2025-10-08,2025,Oct,10,Spring,4.3473684210526296
2025-10-08,2025,Oct,10,Spring,0.0
2025-10-09,2025,Oct,10,Spring,11.36842105263158
2025-10-09,2025,Oct,10,Spring,2.020833333333333
2025-10-09,2025,Oct,10,Spring,5.4375
2025-10-09,2025,Oct,10,Spring,1.8333333333333333
2025-10-09,2025,Oct,10,Spring,0.3157894736842107
2025-10-09,2025,Oct,10,Spring,0.063157894736842
2025-10-09,2025,Oct,10,Spring,6.655913978494624
2025-10-09,2025,Oct,10,Spring,0.0
2025-10-10,2025,Oct,10,Spring,0.6288659793814427
2025-10-10,2025,Oct,10,Spring,2.1770833333333326
2025-10-10,2025,Oct,10,Spring,4.410526315789476
2025-10-10,2025,Oct,10,Spring,2.0526315789473686
2025-10-10,2025,Oct,10,Spring,0.6105263157894737
2025-10-10,2025,Oct,10,Spring,2.5744680851063837
2025-10-10,2025,Oct,10,Spring,3.46067415730337
2025-10-10,2025,Oct,10,Spring,0.0
2025-10-11,2025,Oct,10,Spring,1.4791666666666672
2025-10-11,2025,Oct,10,Spring,2.635416666666666
2025-10-11,2025,Oct,10,Spring,3.5208333333333344
2025-10-11,2025,Oct,10,Spring,1.721649484536082
2025-10-11,2025,Oct,10,Spring,0.5473684210526316
2025-10-11,2025,Oct,10,Spring,0.4375
2025-10-11,2025,Oct,10,Spring,1.8404255319148932
2025-10-11,2025,Oct,10,Spring,0.0
2025-10-12,2025,Oct,10,Spring,0.96875
2025-10-12,2025,Oct,10,Spring,1.6210526315789473
2025-10-12,2025,Oct,10,Spring,3.536842105263157
2025-10-12,2025,Oct,10,Spring,1.6770833333333337
2025-10-12,2025,Oct,10,Spring,0.5833333333333336
2025-10-12,2025,Oct,10,Spring,1.270833333333333
2025-10-12,2025,Oct,10,Spring,1.108695652173913
2025-10-12,2025,Oct,10,Spring,0.0
2025-10-13,2025,Oct,10,Spring,0.3958333333333332
2025-10-13,2025,Oct,10,Spring,2.927083333333333
2025-10-13,2025,Oct,10,Spring,2.020833333333333
2025-10-13,2025,Oct,10,Spring,1.9166666666666663
2025-10-13,2025,Oct,10,Spring,0.4736842105263162
2025-10-13,2025,Oct,10,Spring,1.3020833333333337
2025-10-13,2025,Oct,10,Spring,1.357894736842105
2025-10-13,2025,Oct,10,Spring,0.0
2025-10-14,2025,Oct,10,Spring,1.25
2025-10-14,2025,Oct,10,Spring,3.71875
2025-10-14,2025,Oct,10,Spring,3.252631578947368
2025-10-14,2025,Oct,10,Spring,2.757894736842106
2025-10-14,2025,Oct,10,Spring,1.3894736842105262
2025-10-14,2025,Oct,10,Spring,2.032258064516129
2025-10-14,2025,Oct,10,Spring,2.631578947368421
2025-10-14,2025,Oct,10,Spring,0.0
2025-10-15,2025,Oct,10,Spring,2.51578947368421
2025-10-15,2025,Oct,10,Spring,6.443298969072163
2025-10-15,2025,Oct,10,Spring,4.71875
2025-10-15,2025,Oct,10,Spring,4.789473684210526
2025-10-15,2025,Oct,10,Spring,1.0
2025-10-15,2025,Oct,10,Spring,4.414893617021276
2025-10-15,2025,Oct,10,Spring,7.042105263157897
2025-10-15,2025,Oct,10,Spring,0.0
2025-10-16,2025,Oct,10,Spring,2.1770833333333357
2025-10-16,2025,Oct,10,Spring,3.333333333333334
2025-10-16,2025,Oct,10,Spring,4.1875
2025-10-16,2025,Oct,10,Spring,3.5684210526315794
2025-10-16,2025,Oct,10,Spring,0.8020833333333335
2025-10-16,2025,Oct,10,Spring,5.0
2025-10-16,2025,Oct,10,Spring,6.40625
2025-10-16,2025,Oct,10,Spring,0.0
2025-10-17,2025,Oct,10,Spring,0.90625
2025-10-17,2025,Oct,10,Spring,5.084210526315791
2025-10-17,2025,Oct,10,Spring,3.4736842105263164
2025-10-17,2025,Oct,10,Spring,3.2604166666666665
2025-10-17,2025,Oct,10,Spring,3.6770833333333335
2025-10-17,2025,Oct,10,Spring,3.78125
2025-10-17,2025,Oct,10,Spring,5.989473684210529
2025-10-17,2025,Oct,10,Spring,0.0
2025-10-18,2025,Oct,10,Spring,3.9583333333333344
2025-10-18,2025,Oct,10,Spring,6.34375
2025-10-18,2025,Oct,10,Spring,5.168421052631579
2025-10-18,2025,Oct,10,Spring,5.21875
2025-10-18,2025,Oct,10,Spring,3.6421052631578954
2025-10-18,2025,Oct,10,Spring,7.2526315789473665
2025-10-18,2025,Oct,10,Spring,8.291666666666666
2025-10-18,2025,Oct,10,Spring,0.0
2025-10-19,2025,Oct,10,Spring,1.6145833333333337
2025-10-19,2025,Oct,10,Spring,3.072916666666667
2025-10-19,2025,Oct,10,Spring,4.0
2025-10-19,2025,Oct,10,Spring,3.2631578947368416
2025-10-19,2025,Oct,10,Spring,2.0
2025-10-19,2025,Oct,10,Spring,1.8510638297872328
2025-10-19,2025,Oct,10,Spring,4.927083333333331
2025-10-19,2025,Oct,10,Spring,0.0
2025-10-20,2025,Oct,10,Spring,3.2315789473684213
2025-10-20,2025,Oct,10,Spring,5.927083333333333
2025-10-20,2025,Oct,10,Spring,5.166666666666666
2025-10-20,2025,Oct,10,Spring,4.831578947368421
2025-10-20,2025,Oct,10,Spring,2.1875
2025-10-20,2025,Oct,10,Spring,1.697916666666667
2025-10-20,2025,Oct,10,Spring,9.166666666666664
2025-10-20,2025,Oct,10,Spring,0.0
2025-10-21,2025,Oct,10,Spring,2.8125
2025-10-21,2025,Oct,10,Spring,4.614583333333333
2025-10-21,2025,Oct,10,Spring,4.572916666666665
2025-10-21,2025,Oct,10,Spring,3.916666666666667
2025-10-21,2025,Oct,10,Spring,1.375
2025-10-21,2025,Oct,10,Spring,1.559139784946237
2025-10-21,2025,Oct,10,Spring,3.729166666666664
2025-10-21,2025,Oct,10,Spring,0.0
2025-10-22,2025,Oct,10,Spring,1.875
2025-10-22,2025,Oct,10,Spring,2.5473684210526315
2025-10-22,2025,Oct,10,Spring,3.489583333333332
2025-10-22,2025,Oct,10,Spring,2.2604166666666665
2025-10-22,2025,Oct,10,Spring,0.2526315789473682
2025-10-22,2025,Oct,10,Spring,5.145833333333334
2025-10-22,2025,Oct,10,Spring,7.031578947368425
2025-10-22,2025,Oct,10,Spring,0.0
2025-10-23,2025,Oct,10,Spring,1.09375
2025-10-23,2025,Oct,10,Spring,3.648936170212767
2025-10-23,2025,Oct,10,Spring,2.333333333333334
2025-10-23,2025,Oct,10,Spring,2.6354166666666665
2025-10-23,2025,Oct,10,Spring,0.9375
2025-10-23,2025,Oct,10,Spring,1.4893617021276595
2025-10-23,2025,Oct,10,Spring,1.7894736842105257
2025-10-23,2025,Oct,10,Spring,0.0
2025-10-24,2025,Oct,10,Spring,0.9791666666666669
2025-10-24,2025,Oct,10,Spring,4.59375
2025-10-24,2025,Oct,10,Spring,2.2526315789473683
2025-10-24,2025,Oct,10,Spring,2.210526315789474
2025-10-24,2025,Oct,10,Spring,1.8958333333333333
2025-10-24,2025,Oct,10,Spring,0.5578947368421056
2025-10-24,2025,Oct,10,Spring,1.7872340425531918
2025-10-24,2025,Oct,10,Spring,0.0
2025-10-25,2025,Oct,10,Spring,5.15625
2025-10-25,2025,Oct,10,Spring,9.71875
2025-10-25,2025,Oct,10,Spring,9.260416666666666
2025-10-25,2025,Oct,10,Spring,7.354166666666669
2025-10-25,2025,Oct,10,Spring,5.666666666666665
2025-10-25,2025,Oct,10,Spring,3.229166666666664
2025-10-25,2025,Oct,10,Spring,6.416666666666668
2025-10-25,2025,Oct,10,Spring,0.0
2025-10-26,2025,Oct,10,Spring,5.583333333333329
2025-10-26,2025,Oct,10,Spring,8.115789473684211
2025-10-26,2025,Oct,10,Spring,7.625
2025-10-26,2025,Oct,10,Spring,6.916666666666668
2025-10-26,2025,Oct,10,Spring,8.4375
2025-10-26,2025,Oct,10,Spring,5.572916666666665
2025-10-26,2025,Oct,10,Spring,10.552083333333332
2025-10-26,2025,Oct,10,Spring,0.0
2025-10-27,2025,Oct,10,Spring,0.5729166666666663
2025-10-27,2025,Oct,10,Spring,2.2291666666666665
2025-10-27,2025,Oct,10,Spring,1.9270833333333337
2025-10-27,2025,Oct,10,Spring,1.84375
2025-10-27,2025,Oct,10,Spring,1.4526315789473685
2025-10-27,2025,Oct,10,Spring,1.397849462365591
2025-10-27,2025,Oct,10,Spring,0.8105263157894734
2025-10-27,2025,Oct,10,Spring,0.0
2025-10-28,2025,Oct,10,Spring,0.1458333333333333
2025-10-28,2025,Oct,10,Spring,2.4479166666666674
2025-10-28,2025,Oct,10,Spring,1.652631578947369
2025-10-28,2025,Oct,10,Spring,1.604166666666667
2025-10-28,2025,Oct,10,Spring,0.5416666666666666
2025-10-28,2025,Oct,10,Spring,0.8617021276595743
2025-10-28,2025,Oct,10,Spring,1.9375
2025-10-28,2025,Oct,10,Spring,0.8526315789473691
2025-10-29,2025,Oct,10,Spring,1.65625
2025-10-29,2025,Oct,10,Spring,5.885416666666667
2025-10-29,2025,Oct,10,Spring,3.697916666666667
2025-10-29,2025,Oct,10,Spring,4.468085106382978
2025-10-29,2025,Oct,10,Spring,2.21875
2025-10-29,2025,Oct,10,Spring,1.78125
2025-10-29,2025,Oct,10,Spring,5.0
2025-10-29,2025,Oct,10,Spring,4.489583333333334
2025-10-30,2025,Oct,10,Spring,3.3229166666666656
2025-10-30,2025,Oct,10,Spring,4.894736842105265
2025-10-30,2025,Oct,10,Spring,5.135416666666667
2025-10-30,2025,Oct,10,Spring,4.479166666666666
2025-10-30,2025,Oct,10,Spring,2.147368421052631
2025-10-30,2025,Oct,10,Spring,2.8659793814432994
2025-10-30,2025,Oct,10,Spring,4.892473118279571
2025-10-30,2025,Oct,10,Spring,5.59375
2025-10-31,2025,Oct,10,Spring,1.1041666666666676
2025-10-31,2025,Oct,10,Spring,5.084210526315792
2025-10-31,2025,Oct,10,Spring,3.989473684210528
2025-10-31,2025,Oct,10,Spring,3.073684210526315
2025-10-31,2025,Oct,10,Spring,1.789473684210526
2025-10-31,2025,Oct,10,Spring,2.4468085106382973
2025-10-31,2025,Oct,10,Spring,5.129032258064518
2025-10-31,2025,Oct,10,Spring,3.0416666666666656
2025-11-01,2025,Nov,11,Spring,3.84375
2025-11-01,2025,Nov,11,Spring,8.395833333333332
2025-11-01,2025,Nov,11,Spring,7.020833333333336
2025-11-01,2025,Nov,11,Spring,5.614583333333334
2025-11-01,2025,Nov,11,Spring,3.0
2025-11-01,2025,Nov,11,Spring,5.4375
2025-11-01,2025,Nov,11,Spring,6.294736842105262
2025-11-01,2025,Nov,11,Spring,6.372340425531913
2025-11-02,2025,Nov,11,Spring,9.052083333333336
2025-11-02,2025,Nov,11,Spring,10.072916666666664
2025-11-02,2025,Nov,11,Spring,8.484210526315788
2025-11-02,2025,Nov,11,Spring,8.833333333333332
2025-11-02,2025,Nov,11,Spring,7.770833333333331
2025-11-02,2025,Nov,11,Spring,5.0736842105263165
2025-11-02,2025,Nov,11,Spring,9.666666666666668
2025-11-02,2025,Nov,11,Spring,8.729166666666666
2025-11-03,2025,Nov,11,Spring,1.1875
2025-11-03,2025,Nov,11,Spring,3.802083333333333
2025-11-03,2025,Nov,11,Spring,3.36842105263158
2025-11-03,2025,Nov,11,Spring,2.726315789473684
2025-11-03,2025,Nov,11,Spring,1.9375
2025-11-03,2025,Nov,11,Spring,3.2736842105263184
2025-11-03,2025,Nov,11,Spring,2.229166666666667
2025-11-03,2025,Nov,11,Spring,2.666666666666667
2025-11-04,2025,Nov,11,Spring,1.9894736842105276
2025-11-04,2025,Nov,11,Spring,2.3541666666666674
2025-11-04,2025,Nov,11,Spring,3.34375
2025-11-04,2025,Nov,11,Spring,2.094736842105263
2025-11-04,2025,Nov,11,Spring,1.1458333333333328
2025-11-04,2025,Nov,11,Spring,2.3020833333333357
2025-11-04,2025,Nov,11,Spring,1.6458333333333337
2025-11-04,2025,Nov,11,Spring,1.6979166666666674
2025-11-05,2025,Nov,11,Spring,0.0
2025-11-05,2025,Nov,11,Spring,2.0842105263157897
2025-11-05,2025,Nov,11,Spring,2.25
2025-11-05,2025,Nov,11,Spring,1.78125
2025-11-05,2025,Nov,11,Spring,0.0
2025-11-05,2025,Nov,11,Spring,1.0
2025-11-05,2025,Nov,11,Spring,2.0
2025-11-05,2025,Nov,11,Spring,1.2083333333333337
2025-11-06,2025,Nov,11,Spring,1.1354166666666663
2025-11-06,2025,Nov,11,Spring,4.0625
2025-11-06,2025,Nov,11,Spring,3.3125
2025-11-06,2025,Nov,11,Spring,2.627659574468085
2025-11-06,2025,Nov,11,Spring,1.1473684210526311
2025-11-06,2025,Nov,11,Spring,0.9791666666666669
2025-11-06,2025,Nov,11,Spring,4.638297872340426
2025-11-06,2025,Nov,11,Spring,2.2421052631578946
2025-11-07,2025,Nov,11,Spring,2.020833333333332
2025-11-07,2025,Nov,11,Spring,3.625
2025-11-07,2025,Nov,11,Spring,5.147368421052631
2025-11-07,2025,Nov,11,Spring,2.978947368421053
2025-11-07,2025,Nov,11,Spring,1.4375
2025-11-07,2025,Nov,11,Spring,2.0638297872340425
2025-11-07,2025,Nov,11,Spring,2.583333333333333
2025-11-07,2025,Nov,11,Spring,2.15625
2025-11-07,2025,Nov,11,Spring,5.0
2025-11-08,2025,Nov,11,Spring,0.84375
2025-11-08,2025,Nov,11,Spring,3.0416666666666665
2025-11-08,2025,Nov,11,Spring,3.083333333333333
2025-11-08,2025,Nov,11,Spring,2.541666666666667
2025-11-08,2025,Nov,11,Spring,0.9157894736842108
2025-11-08,2025,Nov,11,Spring,1.5319148936170215
2025-11-08,2025,Nov,11,Spring,2.914893617021276
2025-11-08,2025,Nov,11,Spring,2.34375
2025-11-09,2025,Nov,11,Spring,0.84375
2025-11-09,2025,Nov,11,Spring,1.863157894736842
2025-11-09,2025,Nov,11,Spring,1.6979166666666663
2025-11-09,2025,Nov,11,Spring,1.5520833333333333
2025-11-09,2025,Nov,11,Spring,0.8315789473684211
2025-11-09,2025,Nov,11,Spring,1.0
2025-11-09,2025,Nov,11,Spring,1.2916666666666667
2025-11-09,2025,Nov,11,Spring,1.0210526315789474
2025-11-10,2025,Nov,11,Spring,0.9791666666666666
2025-11-10,2025,Nov,11,Spring,2.333333333333332
2025-11-10,2025,Nov,11,Spring,2.020833333333334
2025-11-10,2025,Nov,11,Spring,1.6979166666666667
2025-11-10,2025,Nov,11,Spring,0.8526315789473683
2025-11-10,2025,Nov,11,Spring,0.9239130434782608
2025-11-10,2025,Nov,11,Spring,1.873684210526317
2025-11-10,2025,Nov,11,Spring,1.357894736842105
2025-11-11,2025,Nov,11,Spring,0.09375
2025-11-11,2025,Nov,11,Spring,2.25
2025-11-11,2025,Nov,11,Spring,2.2371134020618557
2025-11-11,2025,Nov,11,Spring,1.7083333333333333
2025-11-11,2025,Nov,11,Spring,0.8125
2025-11-11,2025,Nov,11,Spring,1.0
2025-11-11,2025,Nov,11,Spring,0.3368421052631576
2025-11-11,2025,Nov,11,Spring,1.3440860215053765
2025-11-12,2025,Nov,11,Spring,1.21875
2025-11-12,2025,Nov,11,Spring,3.78125
2025-11-12,2025,Nov,11,Spring,3.842105263157897
2025-11-12,2025,Nov,11,Spring,2.957446808510638
2025-11-12,2025,Nov,11,Spring,1.291666666666666
2025-11-12,2025,Nov,11,Spring,2.452631578947368
2025-11-12,2025,Nov,11,Spring,2.8854166666666674
2025-11-12,2025,Nov,11,Spring,2.59375
2025-11-13,2025,Nov,11,Spring,0.875
2025-11-13,2025,Nov,11,Spring,2.957894736842104
2025-11-13,2025,Nov,11,Spring,2.65625
2025-11-13,2025,Nov,11,Spring,2.083333333333333
2025-11-13,2025,Nov,11,Spring,1.4166666666666676
2025-11-13,2025,Nov,11,Spring,2.244680851063827
2025-11-13,2025,Nov,11,Spring,2.7052631578947373
2025-11-13,2025,Nov,11,Spring,1.4375
2025-11-14,2025,Nov,11,Spring,0.6082474226804123
2025-11-14,2025,Nov,11,Spring,3.595744680851062
2025-11-14,2025,Nov,11,Spring,2.53125
2025-11-14,2025,Nov,11,Spring,2.71875
2025-11-14,2025,Nov,11,Spring,3.40625
2025-11-14,2025,Nov,11,Spring,1.2947368421052636
2025-11-14,2025,Nov,11,Spring,2.4395604395604407
2025-11-14,2025,Nov,11,Spring,2.385416666666667
2025-11-15,2025,Nov,11,Spring,3.115789473684211
2025-11-15,2025,Nov,11,Spring,7.25
2025-11-15,2025,Nov,11,Spring,5.515789473684213
2025-11-15,2025,Nov,11,Spring,4.34375
2025-11-15,2025,Nov,11,Spring,3.404255319148936
2025-11-15,2025,Nov,11,Spring,4.21875
2025-11-15,2025,Nov,11,Spring,3.791666666666666
2025-11-15,2025,Nov,11,Spring,5.073684210526315
2025-11-16,2025,Nov,11,Spring,4.6875
2025-11-16,2025,Nov,11,Spring,8.479166666666663
2025-11-16,2025,Nov,11,Spring,6.38541666666667
2025-11-16,2025,Nov,11,Spring,7.25
2025-11-16,2025,Nov,11,Spring,9.27083333333333
2025-11-16,2025,Nov,11,Spring,5.595744680851066
2025-11-16,2025,Nov,11,Spring,8.52083333333333
2025-11-16,2025,Nov,11,Spring,7.6770833333333375
2025-11-17,2025,Nov,11,Spring,0.2291666666666666
2025-11-17,2025,Nov,11,Spring,1.815217391304348
2025-11-17,2025,Nov,11,Spring,2.09375
2025-11-17,2025,Nov,11,Spring,1.7659574468085109
2025-11-17,2025,Nov,11,Spring,4.5
2025-11-17,2025,Nov,11,Spring,0.4736842105263162
2025-11-17,2025,Nov,11,Spring,1.8020833333333333
2025-11-17,2025,Nov,11,Spring,1.336842105263158
2025-11-18,2025,Nov,11,Spring,0.1666666666666666
2025-11-18,2025,Nov,11,Spring,1.666666666666666
2025-11-18,2025,Nov,11,Spring,2.294736842105262
2025-11-18,2025,Nov,11,Spring,1.447916666666667
2025-11-18,2025,Nov,11,Spring,0.75
2025-11-18,2025,Nov,11,Spring,0.1894736842105265
2025-11-18,2025,Nov,11,Spring,1.1894736842105265
2025-11-18,2025,Nov,11,Spring,0.6458333333333334
2025-11-19,2025,Nov,11,Spring,0.1041666666666666
2025-11-19,2025,Nov,11,Spring,3.1382978723404267
2025-11-19,2025,Nov,11,Spring,2.2783505154639183
2025-11-19,2025,Nov,11,Spring,2.3684210526315788
2025-11-19,2025,Nov,11,Spring,0.6842105263157893
2025-11-19,2025,Nov,11,Spring,1.117021276595745
2025-11-19,2025,Nov,11,Spring,2.252631578947368
2025-11-19,2025,Nov,11,Spring,1.7395833333333337
2025-11-20,2025,Nov,11,Spring,0.6354166666666667
2025-11-20,2025,Nov,11,Spring,2.520833333333333
2025-11-20,2025,Nov,11,Spring,2.0210526315789474
2025-11-20,2025,Nov,11,Spring,2.052631578947368
2025-11-20,2025,Nov,11,Spring,0.4315789473684206
2025-11-20,2025,Nov,11,Spring,1.21875
2025-11-20,2025,Nov,11,Spring,2.6842105263157907
2025-11-20,2025,Nov,11,Spring,1.8829787234042543
2025-11-21,2025,Nov,11,Spring,1.1979166666666663
2025-11-21,2025,Nov,11,Spring,3.073684210526316
2025-11-21,2025,Nov,11,Spring,2.726315789473684
2025-11-21,2025,Nov,11,Spring,2.4255319148936167
2025-11-21,2025,Nov,11,Spring,0.9895833333333331
2025-11-21,2025,Nov,11,Spring,1.021052631578948
2025-11-21,2025,Nov,11,Spring,2.691489361702128
2025-11-21,2025,Nov,11,Spring,1.90625
2025-11-22,2025,Nov,11,Spring,4.041666666666666
2025-11-22,2025,Nov,11,Spring,7.604166666666671
2025-11-22,2025,Nov,11,Spring,5.614583333333333
2025-11-22,2025,Nov,11,Spring,5.547368421052636
2025-11-22,2025,Nov,11,Spring,2.6947368421052627
2025-11-22,2025,Nov,11,Spring,1.802083333333333
2025-11-22,2025,Nov,11,Spring,5.489583333333336
2025-11-22,2025,Nov,11,Spring,5.614583333333336
2025-11-23,2025,Nov,11,Spring,6.635416666666667
2025-11-23,2025,Nov,11,Spring,7.125
2025-11-23,2025,Nov,11,Spring,6.145833333333332
2025-11-23,2025,Nov,11,Spring,5.870967741935481
2025-11-23,2025,Nov,11,Spring,4.9157894736842085
2025-11-23,2025,Nov,11,Spring,2.0
2025-11-23,2025,Nov,11,Spring,7.473684210526317
2025-11-23,2025,Nov,11,Spring,6.729166666666665
2025-11-24,2025,Nov,11,Spring,1.1354166666666667
2025-11-24,2025,Nov,11,Spring,2.652631578947368
2025-11-24,2025,Nov,11,Spring,2.3125
2025-11-24,2025,Nov,11,Spring,2.2105263157894743
2025-11-24,2025,Nov,11,Spring,2.5638297872340434
2025-11-24,2025,Nov,11,Spring,1.28125
2025-11-24,2025,Nov,11,Spring,2.085106382978724
2025-11-24,2025,Nov,11,Spring,1.989583333333332
2025-11-25,2025,Nov,11,Spring,1.6631578947368424
2025-11-25,2025,Nov,11,Spring,3.5625
2025-11-25,2025,Nov,11,Spring,2.6666666666666665
2025-11-25,2025,Nov,11,Spring,2.726315789473684
2025-11-25,2025,Nov,11,Spring,1.4210526315789471
2025-11-25,2025,Nov,11,Spring,2.6842105263157863
2025-11-25,2025,Nov,11,Spring,4.125
2025-11-25,2025,Nov,11,Spring,2.670212765957447
2025-11-26,2025,Nov,11,Spring,0.9895833333333331
2025-11-26,2025,Nov,11,Spring,2.375
2025-11-26,2025,Nov,11,Spring,2.926315789473685
2025-11-26,2025,Nov,11,Spring,1.8421052631578956
2025-11-26,2025,Nov,11,Spring,1.8854166666666667
2025-11-26,2025,Nov,11,Spring,2.68421052631579
2025-11-26,2025,Nov,11,Spring,1.827956989247312
2025-11-26,2025,Nov,11,Spring,1.5833333333333326
2025-11-27,2025,Nov,11,Spring,0.5520833333333334
2025-11-27,2025,Nov,11,Spring,2.53125
2025-11-27,2025,Nov,11,Spring,1.864583333333334
2025-11-27,2025,Nov,11,Spring,1.53125
2025-11-27,2025,Nov,11,Spring,0.3723404255319148
2025-11-27,2025,Nov,11,Spring,0.71875
2025-11-27,2025,Nov,11,Spring,2.153846153846154
2025-11-27,2025,Nov,11,Spring,1.1145833333333333
2025-11-28,2025,Nov,11,Spring,0.6458333333333336
2025-11-28,2025,Nov,11,Spring,3.2127659574468104
2025-11-28,2025,Nov,11,Spring,3.958333333333336
2025-11-28,2025,Nov,11,Spring,2.145833333333333
2025-11-28,2025,Nov,11,Spring,0.336842105263158
2025-11-28,2025,Nov,11,Spring,1.3958333333333337
2025-11-28,2025,Nov,11,Spring,4.473684210526317
2025-11-28,2025,Nov,11,Spring,2.1875
2025-11-29,2025,Nov,11,Spring,1.177083333333334
2025-11-29,2025,Nov,11,Spring,3.3617021276595733
2025-11-29,2025,Nov,11,Spring,2.989583333333333
2025-11-29,2025,Nov,11,Spring,2.291666666666667
2025-11-29,2025,Nov,11,Spring,0.4042553191489363
2025-11-29,2025,Nov,11,Spring,1.6538461538461542
2025-11-29,2025,Nov,11,Spring,2.7204301075268824
2025-11-29,2025,Nov,11,Spring,2.1894736842105265
2025-11-30,2025,Nov,11,Spring,1.09375
2025-11-30,2025,Nov,11,Spring,1.5520833333333333
2025-11-30,2025,Nov,11,Spring,2.3440860215053765
2025-11-30,2025,Nov,11,Spring,1.8333333333333337
2025-11-30,2025,Nov,11,Spring,0.2631578947368418
2025-11-30,2025,Nov,11,Spring,0.8936170212765959
2025-11-30,2025,Nov,11,Spring,0.5625
2025-11-30,2025,Nov,11,Spring,1.114583333333333
2025-12-01,2025,Dec,12,Summer,0.368421052631579
2025-12-01,2025,Dec,12,Summer,2.0842105263157893
2025-12-01,2025,Dec,12,Summer,1.6145833333333337
2025-12-01,2025,Dec,12,Summer,1.873684210526316
2025-12-01,2025,Dec,12,Summer,0.59375
2025-12-01,2025,Dec,12,Summer,1.0
2025-12-01,2025,Dec,12,Summer,0.894736842105263
2025-12-01,2025,Dec,12,Summer,1.3333333333333337
2025-12-02,2025,Dec,12,Summer,0.78125
2025-12-02,2025,Dec,12,Summer,2.79381443298969
2025-12-02,2025,Dec,12,Summer,2.125
2025-12-02,2025,Dec,12,Summer,2.302083333333333
2025-12-02,2025,Dec,12,Summer,0.7157894736842103
2025-12-02,2025,Dec,12,Summer,1.1578947368421049
2025-12-02,2025,Dec,12,Summer,1.0526315789473677
2025-12-02,2025,Dec,12,Summer,1.885416666666667
2025-12-03,2025,Dec,12,Summer,1.5416666666666667
2025-12-03,2025,Dec,12,Summer,2.260416666666666
2025-12-03,2025,Dec,12,Summer,3.2526315789473688
2025-12-03,2025,Dec,12,Summer,2.65625
2025-12-03,2025,Dec,12,Summer,1.40625
2025-12-03,2025,Dec,12,Summer,0.8571428571428572
2025-12-03,2025,Dec,12,Summer,2.926315789473685
2025-12-03,2025,Dec,12,Summer,1.5729166666666667
2025-12-04,2025,Dec,12,Summer,1.385416666666667
2025-12-04,2025,Dec,12,Summer,2.536842105263157
2025-12-04,2025,Dec,12,Summer,2.71875
2025-12-04,2025,Dec,12,Summer,2.34375
2025-12-04,2025,Dec,12,Summer,3.9052631578947303
2025-12-04,2025,Dec,12,Summer,0.9896907216494868
2025-12-04,2025,Dec,12,Summer,2.378947368421053
2025-12-04,2025,Dec,12,Summer,1.968421052631579
2025-12-05,2025,Dec,12,Summer,3.677083333333333
2025-12-05,2025,Dec,12,Summer,7.333333333333332
2025-12-05,2025,Dec,12,Summer,5.322580645161289
2025-12-05,2025,Dec,12,Summer,4.673684210526314
2025-12-05,2025,Dec,12,Summer,2.3473684210526318
2025-12-05,2025,Dec,12,Summer,4.659574468085106
2025-12-05,2025,Dec,12,Summer,5.914893617021276
2025-12-05,2025,Dec,12,Summer,5.375
2025-12-06,2025,Dec,12,Summer,4.46875
2025-12-06,2025,Dec,12,Summer,6.552083333333333
2025-12-06,2025,Dec,12,Summer,7.114583333333334
2025-12-06,2025,Dec,12,Summer,5.189473684210526
2025-12-06,2025,Dec,12,Summer,3.410526315789473
2025-12-06,2025,Dec,12,Summer,4.677083333333333
2025-12-06,2025,Dec,12,Summer,7.284210526315787
2025-12-06,2025,Dec,12,Summer,5.708333333333334
2025-12-07,2025,Dec,12,Summer,0.6979166666666667
2025-12-07,2025,Dec,12,Summer,2.03125
2025-12-07,2025,Dec,12,Summer,1.75
2025-12-07,2025,Dec,12,Summer,2.0319148936170217
2025-12-07,2025,Dec,12,Summer,0.4166666666666667
2025-12-07,2025,Dec,12,Summer,1.458333333333332
2025-12-07,2025,Dec,12,Summer,2.3958333333333344
2025-12-07,2025,Dec,12,Summer,1.40625
2025-12-08,2025,Dec,12,Summer,0.4583333333333331
2025-12-08,2025,Dec,12,Summer,2.086956521739129
2025-12-08,2025,Dec,12,Summer,2.2708333333333326
2025-12-08,2025,Dec,12,Summer,1.9375
2025-12-08,2025,Dec,12,Summer,0.4947368421052635
2025-12-08,2025,Dec,12,Summer,0.4468085106382973
2025-12-08,2025,Dec,12,Summer,2.404255319148936
2025-12-08,2025,Dec,12,Summer,1.2395833333333337
2025-12-09,2025,Dec,12,Summer,0.8229166666666665
2025-12-09,2025,Dec,12,Summer,3.8020833333333335
2025-12-09,2025,Dec,12,Summer,2.947916666666668
2025-12-09,2025,Dec,12,Summer,2.71875
2025-12-09,2025,Dec,12,Summer,1.3368421052631574
2025-12-09,2025,Dec,12,Summer,1.604166666666667
2025-12-09,2025,Dec,12,Summer,3.849462365591399
2025-12-09,2025,Dec,12,Summer,2.673684210526317
2025-12-10,2025,Dec,12,Summer,1.4375
2025-12-10,2025,Dec,12,Summer,5.494736842105263
2025-12-10,2025,Dec,12,Summer,3.2000000000000006
2025-12-10,2025,Dec,12,Summer,3.6842105263157903
2025-12-10,2025,Dec,12,Summer,2.71578947368421
2025-12-10,2025,Dec,12,Summer,3.684210526315791
2025-12-10,2025,Dec,12,Summer,2.59375
2025-12-10,2025,Dec,12,Summer,3.75
2025-12-11,2025,Dec,12,Summer,1.4166666666666667
2025-12-11,2025,Dec,12,Summer,4.741935483870968
2025-12-11,2025,Dec,12,Summer,3.5157894736842104
2025-12-11,2025,Dec,12,Summer,2.9166666666666665
2025-12-11,2025,Dec,12,Summer,2.385416666666666
2025-12-11,2025,Dec,12,Summer,5.326315789473685
2025-12-11,2025,Dec,12,Summer,3.478260869565217
2025-12-11,2025,Dec,12,Summer,3.427083333333333
2025-12-12,2025,Dec,12,Summer,4.71875
2025-12-12,2025,Dec,12,Summer,6.221052631578949
2025-12-12,2025,Dec,12,Summer,4.635416666666665
2025-12-12,2025,Dec,12,Summer,4.84375
2025-12-12,2025,Dec,12,Summer,1.7291666666666663
2025-12-12,2025,Dec,12,Summer,10.979166666666664
2025-12-12,2025,Dec,12,Summer,4.04301075268817
2025-12-12,2025,Dec,12,Summer,4.8125
2025-12-13,2025,Dec,12,Summer,4.0625
2025-12-13,2025,Dec,12,Summer,9.16666666666667
2025-12-13,2025,Dec,12,Summer,6.863157894736841
2025-12-13,2025,Dec,12,Summer,6.71875
2025-12-13,2025,Dec,12,Summer,4.808510638297874
2025-12-13,2025,Dec,12,Summer,5.697916666666666
2025-12-13,2025,Dec,12,Summer,9.37777777777778
2025-12-13,2025,Dec,12,Summer,7.885416666666667
2025-12-14,2025,Dec,12,Summer,2.7684210526315782
2025-12-14,2025,Dec,12,Summer,4.229166666666666
2025-12-14,2025,Dec,12,Summer,3.505263157894736
2025-12-14,2025,Dec,12,Summer,3.59375
2025-12-14,2025,Dec,12,Summer,4.125
2025-12-14,2025,Dec,12,Summer,3.234042553191489
2025-12-14,2025,Dec,12,Summer,3.625
2025-12-14,2025,Dec,12,Summer,3.48936170212766
2025-12-15,2025,Dec,12,Summer,1.4583333333333337
2025-12-15,2025,Dec,12,Summer,3.947916666666666
2025-12-15,2025,Dec,12,Summer,2.78125
2025-12-15,2025,Dec,12,Summer,2.957894736842104
2025-12-15,2025,Dec,12,Summer,1.0842105263157895
2025-12-15,2025,Dec,12,Summer,2.0
2025-12-15,2025,Dec,12,Summer,3.4375
2025-12-15,2025,Dec,12,Summer,3.3541666666666674
2025-12-16,2025,Dec,12,Summer,0.0729166666666666
2025-12-16,2025,Dec,12,Summer,3.03125
2025-12-16,2025,Dec,12,Summer,1.7916666666666667
2025-12-16,2025,Dec,12,Summer,1.7659574468085109
2025-12-16,2025,Dec,12,Summer,0.625
2025-12-16,2025,Dec,12,Summer,1.7291666666666663
2025-12-16,2025,Dec,12,Summer,1.2083333333333337
2025-12-16,2025,Dec,12,Summer,1.3645833333333337
2025-12-17,2025,Dec,12,Summer,1.4895833333333333
2025-12-17,2025,Dec,12,Summer,4.578947368421051
2025-12-17,2025,Dec,12,Summer,3.2708333333333326
2025-12-17,2025,Dec,12,Summer,2.7604166666666665
2025-12-17,2025,Dec,12,Summer,1.31578947368421
2025-12-17,2025,Dec,12,Summer,5.583333333333331
2025-12-17,2025,Dec,12,Summer,4.210526315789474
2025-12-17,2025,Dec,12,Summer,2.875
2025-12-18,2025,Dec,12,Summer,1.479166666666667
2025-12-18,2025,Dec,12,Summer,3.75
2025-12-18,2025,Dec,12,Summer,3.65625
2025-12-18,2025,Dec,12,Summer,2.9375
2025-12-18,2025,Dec,12,Summer,1.0947368421052632
2025-12-18,2025,Dec,12,Summer,2.375
2025-12-18,2025,Dec,12,Summer,2.072916666666667
2025-12-18,2025,Dec,12,Summer,2.7684210526315787
2025-12-18,2025,Dec,12,Summer,1.5294117647058822
2025-12-18,2025,Dec,12,Summer,0.5818181818181817
2025-12-19,2025,Dec,12,Summer,1.927083333333333
2025-12-19,2025,Dec,12,Summer,5.145833333333336
2025-12-19,2025,Dec,12,Summer,6.284210526315785
2025-12-19,2025,Dec,12,Summer,6.239583333333336
2025-12-19,2025,Dec,12,Summer,1.90625
2025-12-19,2025,Dec,12,Summer,2.052631578947368
2025-12-19,2025,Dec,12,Summer,6.114583333333335
2025-12-19,2025,Dec,12,Summer,5.083333333333336
2025-12-19,2025,Dec,12,Summer,3.231578947368422
2025-12-19,2025,Dec,12,Summer,1.4479166666666663
2025-12-20,2025,Dec,12,Summer,5.166666666666667
2025-12-20,2025,Dec,12,Summer,9.791666666666664
2025-12-20,2025,Dec,12,Summer,7.5052631578947375
2025-12-20,2025,Dec,12,Summer,7.126315789473687
2025-12-20,2025,Dec,12,Summer,4.666666666666666
2025-12-20,2025,Dec,12,Summer,12.276595744680852
2025-12-20,2025,Dec,12,Summer,11.177083333333332
2025-12-20,2025,Dec,12,Summer,8.229166666666671
2025-12-20,2025,Dec,12,Summer,8.38541666666667
2025-12-20,2025,Dec,12,Summer,4.854166666666663
2025-12-21,2025,Dec,12,Summer,2.614583333333334
2025-12-21,2025,Dec,12,Summer,5.625
2025-12-21,2025,Dec,12,Summer,4.291666666666665
2025-12-21,2025,Dec,12,Summer,4.231578947368423
2025-12-21,2025,Dec,12,Summer,3.361702127659574
2025-12-21,2025,Dec,12,Summer,4.936842105263158
2025-12-21,2025,Dec,12,Summer,3.208333333333333
2025-12-21,2025,Dec,12,Summer,4.1875
2025-12-21,2025,Dec,12,Summer,4.705263157894739
2025-12-21,2025,Dec,12,Summer,2.25
2025-12-22,2025,Dec,12,Summer,0.770833333333334
2025-12-22,2025,Dec,12,Summer,3.0
2025-12-22,2025,Dec,12,Summer,2.135416666666667
2025-12-22,2025,Dec,12,Summer,2.1875
2025-12-22,2025,Dec,12,Summer,3.610526315789475
2025-12-22,2025,Dec,12,Summer,1.1458333333333328
2025-12-22,2025,Dec,12,Summer,1.0631578947368416
2025-12-22,2025,Dec,12,Summer,1.71875
2025-12-22,2025,Dec,12,Summer,1.65625
2025-12-22,2025,Dec,12,Summer,0.375
2025-12-23,2025,Dec,12,Summer,1.1354166666666663
2025-12-23,2025,Dec,12,Summer,3.6875
2025-12-23,2025,Dec,12,Summer,2.25
2025-12-23,2025,Dec,12,Summer,2.8526315789473684
2025-12-23,2025,Dec,12,Summer,0.9375
2025-12-23,2025,Dec,12,Summer,1.8854166666666663
2025-12-23,2025,Dec,12,Summer,2.114583333333333
2025-12-23,2025,Dec,12,Summer,2.4842105263157888
2025-12-23,2025,Dec,12,Summer,2.1875
2025-12-23,2025,Dec,12,Summer,0.5
2025-12-24,2025,Dec,12,Summer,2.25
2025-12-24,2025,Dec,12,Summer,4.260416666666664
2025-12-24,2025,Dec,12,Summer,3.0210526315789474
2025-12-24,2025,Dec,12,Summer,3.347368421052632
2025-12-24,2025,Dec,12,Summer,1.4583333333333333
2025-12-24,2025,Dec,12,Summer,2.599999999999999
2025-12-24,2025,Dec,12,Summer,3.635416666666666
2025-12-24,2025,Dec,12,Summer,3.395833333333333
2025-12-24,2025,Dec,12,Summer,3.041666666666667
2025-12-24,2025,Dec,12,Summer,1.1770833333333328
2025-12-25,2025,Dec,12,Summer,0.8210526315789475
2025-12-25,2025,Dec,12,Summer,2.2604166666666665
2025-12-25,2025,Dec,12,Summer,2.1979166666666665
2025-12-25,2025,Dec,12,Summer,2.40625
2025-12-25,2025,Dec,12,Summer,1.770833333333333
2025-12-25,2025,Dec,12,Summer,2.208333333333333
2025-12-25,2025,Dec,12,Summer,3.270833333333333
2025-12-25,2025,Dec,12,Summer,2.6041666666666665
2025-12-25,2025,Dec,12,Summer,1.9895833333333333
2025-12-25,2025,Dec,12,Summer,0.4895833333333333
2025-12-26,2025,Dec,12,Summer,0.4375
2025-12-26,2025,Dec,12,Summer,1.9361702127659568
2025-12-26,2025,Dec,12,Summer,1.5368421052631578
2025-12-26,2025,Dec,12,Summer,2.0625
2025-12-26,2025,Dec,12,Summer,0.9680851063829788
2025-12-26,2025,Dec,12,Summer,0.8526315789473686
2025-12-26,2025,Dec,12,Summer,1.6875
2025-12-26,2025,Dec,12,Summer,1.5729166666666663
2025-12-26,2025,Dec,12,Summer,1.6354166666666663
2025-12-26,2025,Dec,12,Summer,0.1770833333333333
2025-12-27,2025,Dec,12,Summer,1.2604166666666667
2025-12-27,2025,Dec,12,Summer,2.694736842105262
2025-12-27,2025,Dec,12,Summer,2.3608247422680413
2025-12-27,2025,Dec,12,Summer,2.8125
2025-12-27,2025,Dec,12,Summer,1.2000000000000002
2025-12-27,2025,Dec,12,Summer,1.0
2025-12-27,2025,Dec,12,Summer,2.382978723404255
2025-12-27,2025,Dec,12,Summer,2.427083333333333
2025-12-27,2025,Dec,12,Summer,2.0
2025-12-27,2025,Dec,12,Summer,0.4375
2025-12-28,2025,Dec,12,Summer,1.2083333333333337
2025-12-28,2025,Dec,12,Summer,3.28125
2025-12-28,2025,Dec,12,Summer,2.6
2025-12-28,2025,Dec,12,Summer,3.3125
2025-12-28,2025,Dec,12,Summer,2.042553191489362
2025-12-28,2025,Dec,12,Summer,2.9255319148936163
2025-12-28,2025,Dec,12,Summer,2.0520833333333326
2025-12-28,2025,Dec,12,Summer,3.115789473684211
2025-12-28,2025,Dec,12,Summer,2.2
2025-12-28,2025,Dec,12,Summer,0.6315789473684209
2025-12-29,2025,Dec,12,Summer,0.9583333333333336
2025-12-29,2025,Dec,12,Summer,2.094736842105263
2025-12-29,2025,Dec,12,Summer,1.6875
2025-12-29,2025,Dec,12,Summer,2.138297872340426
2025-12-29,2025,Dec,12,Summer,0.4895833333333336
2025-12-29,2025,Dec,12,Summer,3.2421052631578937
2025-12-29,2025,Dec,12,Summer,2.25
2025-12-29,2025,Dec,12,Summer,2.0625
2025-12-29,2025,Dec,12,Summer,1.8823529411764703
2025-12-29,2025,Dec,12,Summer,0.375
2025-12-30,2025,Dec,12,Summer,2.8125
2025-12-30,2025,Dec,12,Summer,6.177083333333331
2025-12-30,2025,Dec,12,Summer,4.604166666666667
2025-12-30,2025,Dec,12,Summer,4.916666666666665
2025-12-30,2025,Dec,12,Summer,1.5625
2025-12-30,2025,Dec,12,Summer,6.244680851063827
2025-12-30,2025,Dec,12,Summer,2.770833333333333
2025-12-30,2025,Dec,12,Summer,5.510416666666669
2025-12-30,2025,Dec,12,Summer,4.838709677419353
2025-12-30,2025,Dec,12,Summer,2.65625
2025-12-31,2025,Dec,12,Summer,1.5263157894736838
2025-12-31,2025,Dec,12,Summer,3.2105263157894743
2025-12-31,2025,Dec,12,Summer,3.0
2025-12-31,2025,Dec,12,Summer,3.395833333333333
2025-12-31,2025,Dec,12,Summer,1.5416666666666667
2025-12-31,2025,Dec,12,Summer,2.40625
2025-12-31,2025,Dec,12,Summer,1.9354838709677409
2025-12-31,2025,Dec,12,Summer,2.9895833333333326
2025-12-31,2025,Dec,12,Summer,2.5578947368421048
2025-12-31,2025,Dec,12,Summer,4.802083333333337
2026-01-01,2026,Jan,1,Summer,4.052083333333333
2026-01-01,2026,Jan,1,Summer,4.354166666666667
2026-01-01,2026,Jan,1,Summer,3.8947368421052646
2026-01-01,2026,Jan,1,Summer,3.670103092783505
2026-01-01,2026,Jan,1,Summer,3.8105263157894735
2026-01-01,2026,Jan,1,Summer,3.458333333333333
2026-01-01,2026,Jan,1,Summer,3.71578947368421
2026-01-01,2026,Jan,1,Summer,3.526315789473684
2026-01-01,2026,Jan,1,Summer,3.395833333333333
2026-01-01,2026,Jan,1,Summer,1.46875
2026-01-02,2026,Jan,1,Summer,3.927083333333333
2026-01-02,2026,Jan,1,Summer,4.770833333333332
2026-01-02,2026,Jan,1,Summer,3.663157894736843
2026-01-02,2026,Jan,1,Summer,3.7708333333333335
2026-01-02,2026,Jan,1,Summer,2.59375
2026-01-02,2026,Jan,1,Summer,3.547368421052632
2026-01-02,2026,Jan,1,Summer,5.895833333333333
2026-01-02,2026,Jan,1,Summer,4.104166666666666
2026-01-02,2026,Jan,1,Summer,3.947916666666666
2026-01-02,2026,Jan,1,Summer,1.8854166666666663
2026-01-03,2026,Jan,1,Summer,4.354166666666665
2026-01-03,2026,Jan,1,Summer,7.71875
2026-01-03,2026,Jan,1,Summer,5.90625
2026-01-03,2026,Jan,1,Summer,6.231578947368423
2026-01-03,2026,Jan,1,Summer,3.520833333333334
2026-01-03,2026,Jan,1,Summer,5.084210526315792
2026-01-03,2026,Jan,1,Summer,6.770833333333334
2026-01-03,2026,Jan,1,Summer,7.27083333333333
2026-01-03,2026,Jan,1,Summer,6.56842105263158
2026-01-03,2026,Jan,1,Summer,3.59375
2026-01-04,2026,Jan,1,Summer,2.15625
2026-01-04,2026,Jan,1,Summer,4.572916666666666
2026-01-04,2026,Jan,1,Summer,3.333333333333332
2026-01-04,2026,Jan,1,Summer,3.882978723404254
2026-01-04,2026,Jan,1,Summer,7.819148936170214
2026-01-04,2026,Jan,1,Summer,6.084210526315792
2026-01-04,2026,Jan,1,Summer,6.041666666666664
2026-01-04,2026,Jan,1,Summer,3.78125
2026-01-04,2026,Jan,1,Summer,3.895833333333335
2026-01-04,2026,Jan,1,Summer,1.479166666666668
2026-01-05,2026,Jan,1,Summer,0.5104166666666663
2026-01-05,2026,Jan,1,Summer,2.1578947368421053
2026-01-05,2026,Jan,1,Summer,2.03125
2026-01-05,2026,Jan,1,Summer,2.010416666666666
2026-01-05,2026,Jan,1,Summer,1.1041666666666663
2026-01-05,2026,Jan,1,Summer,1.03125
2026-01-05,2026,Jan,1,Summer,1.6000000000000003
2026-01-05,2026,Jan,1,Summer,1.71875
2026-01-05,2026,Jan,1,Summer,1.8020833333333333
2026-01-05,2026,Jan,1,Summer,0.40625
2026-01-06,2026,Jan,1,Summer,3.552083333333333
2026-01-06,2026,Jan,1,Summer,4.979166666666667
2026-01-06,2026,Jan,1,Summer,4.208333333333334
2026-01-06,2026,Jan,1,Summer,4.273684210526316
2026-01-06,2026,Jan,1,Summer,3.673684210526316
2026-01-06,2026,Jan,1,Summer,3.06451612903226
2026-01-06,2026,Jan,1,Summer,5.479166666666667
2026-01-06,2026,Jan,1,Summer,4.936842105263158
2026-01-06,2026,Jan,1,Summer,4.34065934065934
2026-01-06,2026,Jan,1,Summer,2.2421052631578946
2026-01-07,2026,Jan,1,Summer,1.875
2026-01-07,2026,Jan,1,Summer,2.927083333333333
2026-01-07,2026,Jan,1,Summer,2.389473684210526
2026-01-07,2026,Jan,1,Summer,2.7368421052631584
2026-01-07,2026,Jan,1,Summer,2.273684210526318
2026-01-07,2026,Jan,1,Summer,1.819148936170213
2026-01-07,2026,Jan,1,Summer,3.3645833333333326
2026-01-07,2026,Jan,1,Summer,2.2708333333333326
2026-01-07,2026,Jan,1,Summer,2.4222222222222225
2026-01-07,2026,Jan,1,Summer,1.114583333333333
2026-01-08,2026,Jan,1,Summer,1.84375
2026-01-08,2026,Jan,1,Summer,4.53125
2026-01-08,2026,Jan,1,Summer,3.6770833333333335
2026-01-08,2026,Jan,1,Summer,3.5578947368421048
2026-01-08,2026,Jan,1,Summer,1.4631578947368404
2026-01-08,2026,Jan,1,Summer,1.7916666666666667
2026-01-08,2026,Jan,1,Summer,3.9895833333333335
2026-01-08,2026,Jan,1,Summer,3.270833333333333
2026-01-08,2026,Jan,1,Summer,3.46875
2026-01-08,2026,Jan,1,Summer,1.4375
2026-01-09,2026,Jan,1,Summer,5.010416666666666
2026-01-09,2026,Jan,1,Summer,5.125
2026-01-09,2026,Jan,1,Summer,4.14736842105263
2026-01-09,2026,Jan,1,Summer,4.5
2026-01-09,2026,Jan,1,Summer,2.90625
2026-01-09,2026,Jan,1,Summer,1.6145833333333337
2026-01-09,2026,Jan,1,Summer,5.604166666666666
2026-01-09,2026,Jan,1,Summer,4.833333333333333
2026-01-09,2026,Jan,1,Summer,4.074468085106384
2026-01-09,2026,Jan,1,Summer,2.489583333333333
2026-01-10,2026,Jan,1,Summer,3.78125
2026-01-10,2026,Jan,1,Summer,9.831578947368415
2026-01-10,2026,Jan,1,Summer,7.541666666666671
2026-01-10,2026,Jan,1,Summer,7.7708333333333295
2026-01-10,2026,Jan,1,Summer,8.76842105263158
2026-01-10,2026,Jan,1,Summer,2.25
2026-01-10,2026,Jan,1,Summer,8.161290322580648
2026-01-10,2026,Jan,1,Summer,7.90625
2026-01-10,2026,Jan,1,Summer,8.125
2026-01-10,2026,Jan,1,Summer,5.260416666666671
2026-01-11,2026,Jan,1,Summer,0.25
2026-01-11,2026,Jan,1,Summer,2.052083333333333
2026-01-11,2026,Jan,1,Summer,1.7604166666666663
2026-01-11,2026,Jan,1,Summer,1.978947368421052
2026-01-11,2026,Jan,1,Summer,2.375
2026-01-11,2026,Jan,1,Summer,0.7291666666666661
2026-01-11,2026,Jan,1,Summer,4.84375
2026-01-11,2026,Jan,1,Summer,1.4105263157894727
2026-01-11,2026,Jan,1,Summer,1.4895833333333337
2026-01-11,2026,Jan,1,Summer,0.2708333333333331
2026-01-12,2026,Jan,1,Summer,3.3645833333333344
2026-01-12,2026,Jan,1,Summer,7.375
2026-01-12,2026,Jan,1,Summer,5.095744680851065
2026-01-12,2026,Jan,1,Summer,5.515789473684213
2026-01-12,2026,Jan,1,Summer,6.614583333333336
2026-01-12,2026,Jan,1,Summer,1.7021276595744683
2026-01-12,2026,Jan,1,Summer,7.802083333333335
2026-01-12,2026,Jan,1,Summer,6.0625
2026-01-12,2026,Jan,1,Summer,5.041666666666668
2026-01-12,2026,Jan,1,Summer,4.125
2026-01-13,2026,Jan,1,Summer,8.822916666666666
2026-01-13,2026,Jan,1,Summer,13.03125
2026-01-13,2026,Jan,1,Summer,9.494736842105263
2026-01-13,2026,Jan,1,Summer,10.020833333333334
2026-01-13,2026,Jan,1,Summer,10.53191489361702
2026-01-13,2026,Jan,1,Summer,9.742268041237114
2026-01-13,2026,Jan,1,Summer,15.010526315789471
2026-01-13,2026,Jan,1,Summer,11.5625
2026-01-13,2026,Jan,1,Summer,10.854166666666666
2026-01-13,2026,Jan,1,Summer,7.322916666666666
2026-01-14,2026,Jan,1,Summer,12.4375
2026-01-14,2026,Jan,1,Summer,14.547368421052637
2026-01-14,2026,Jan,1,Summer,10.208333333333336
2026-01-14,2026,Jan,1,Summer,11.427083333333334
2026-01-14,2026,Jan,1,Summer,11.104166666666671
2026-01-14,2026,Jan,1,Summer,12.916666666666671
2026-01-14,2026,Jan,1,Summer,17.04255319148936
2026-01-14,2026,Jan,1,Summer,12.84375
2026-01-14,2026,Jan,1,Summer,12.291666666666666
2026-01-14,2026,Jan,1,Summer,8.927083333333334
2026-01-15,2026,Jan,1,Summer,11.04166666666666
2026-01-15,2026,Jan,1,Summer,12.46875
2026-01-15,2026,Jan,1,Summer,8.47872340425531
2026-01-15,2026,Jan,1,Summer,9.831578947368415
2026-01-15,2026,Jan,1,Summer,8.652631578947371
2026-01-15,2026,Jan,1,Summer,7.55208333333333
2026-01-15,2026,Jan,1,Summer,19.52173913043479
2026-01-15,2026,Jan,1,Summer,10.553191489361696
2026-01-15,2026,Jan,1,Summer,12.73958333333334
2026-01-15,2026,Jan,1,Summer,8.72631578947368
2026-01-16,2026,Jan,1,Summer,2.7708333333333326
2026-01-16,2026,Jan,1,Summer,4.052631578947367
2026-01-16,2026,Jan,1,Summer,3.442105263157895
2026-01-16,2026,Jan,1,Summer,3.604166666666666
2026-01-16,2026,Jan,1,Summer,2.3541666666666674
2026-01-16,2026,Jan,1,Summer,2.125
2026-01-16,2026,Jan,1,Summer,6.458333333333335
2026-01-16,2026,Jan,1,Summer,3.84375
2026-01-16,2026,Jan,1,Summer,3.3541666666666674
2026-01-16,2026,Jan,1,Summer,1.71875
2026-01-17,2026,Jan,1,Summer,0.8333333333333327
2026-01-17,2026,Jan,1,Summer,1.8333333333333337
2026-01-17,2026,Jan,1,Summer,1.7395833333333337
2026-01-17,2026,Jan,1,Summer,1.8421052631578947
2026-01-17,2026,Jan,1,Summer,1.4166666666666672
2026-01-17,2026,Jan,1,Summer,0.625
2026-01-17,2026,Jan,1,Summer,5.096774193548387
2026-01-17,2026,Jan,1,Summer,1.916666666666668
2026-01-17,2026,Jan,1,Summer,1.25
2026-01-17,2026,Jan,1,Summer,0.1041666666666665
2026-01-18,2026,Jan,1,Summer,1.010526315789474
2026-01-18,2026,Jan,1,Summer,1.7916666666666663
2026-01-18,2026,Jan,1,Summer,1.5625
2026-01-18,2026,Jan,1,Summer,1.5104166666666667
2026-01-18,2026,Jan,1,Summer,3.5789473684210567
2026-01-18,2026,Jan,1,Summer,0.9791666666666666
2026-01-18,2026,Jan,1,Summer,1.0631578947368414
2026-01-18,2026,Jan,1,Summer,1.4791666666666663
2026-01-18,2026,Jan,1,Summer,1.5744680851063828
2026-01-18,2026,Jan,1,Summer,0.1354166666666666
2026-01-19,2026,Jan,1,Summer,5.260416666666668
2026-01-19,2026,Jan,1,Summer,8.021052631578945
2026-01-19,2026,Jan,1,Summer,5.797872340425534
2026-01-19,2026,Jan,1,Summer,7.0
2026-01-19,2026,Jan,1,Summer,6.791666666666671
2026-01-19,2026,Jan,1,Summer,2.56842105263158
2026-01-19,2026,Jan,1,Summer,9.804347826086952
2026-01-19,2026,Jan,1,Summer,7.489583333333331
2026-01-19,2026,Jan,1,Summer,6.641304347826085
2026-01-19,2026,Jan,1,Summer,4.822916666666666
2026-01-20,2026,Jan,1,Summer,5.989583333333334
2026-01-20,2026,Jan,1,Summer,7.65625
2026-01-20,2026,Jan,1,Summer,5.479166666666666
2026-01-20,2026,Jan,1,Summer,5.552083333333333
2026-01-20,2026,Jan,1,Summer,7.410526315789473
2026-01-20,2026,Jan,1,Summer,3.56842105263158
2026-01-20,2026,Jan,1,Summer,9.891304347826084
2026-01-20,2026,Jan,1,Summer,6.138297872340427
2026-01-20,2026,Jan,1,Summer,5.4375
2026-01-20,2026,Jan,1,Summer,3.46875
2026-01-21,2026,Jan,1,Summer,5.65625
2026-01-21,2026,Jan,1,Summer,6.145833333333335
2026-01-21,2026,Jan,1,Summer,4.85263157894737
2026-01-21,2026,Jan,1,Summer,5.177083333333333
2026-01-21,2026,Jan,1,Summer,5.0
2026-01-21,2026,Jan,1,Summer,3.606382978723405
2026-01-21,2026,Jan,1,Summer,10.866666666666664
2026-01-21,2026,Jan,1,Summer,5.395833333333335
2026-01-21,2026,Jan,1,Summer,5.270833333333335
2026-01-21,2026,Jan,1,Summer,2.7473684210526312
2026-01-22,2026,Jan,1,Summer,1.1458333333333326
2026-01-22,2026,Jan,1,Summer,2.520833333333333
2026-01-22,2026,Jan,1,Summer,2.031578947368421
2026-01-22,2026,Jan,1,Summer,2.086021505376344
2026-01-22,2026,Jan,1,Summer,2.364583333333333
2026-01-22,2026,Jan,1,Summer,1.5744680851063837
2026-01-22,2026,Jan,1,Summer,1.595744680851064
2026-01-22,2026,Jan,1,Summer,1.59375
2026-01-22,2026,Jan,1,Summer,1.729166666666667
2026-01-22,2026,Jan,1,Summer,0.3125
2026-01-23,2026,Jan,1,Summer,1.052631578947368
2026-01-23,2026,Jan,1,Summer,3.8125
2026-01-23,2026,Jan,1,Summer,2.833333333333333
2026-01-23,2026,Jan,1,Summer,2.552083333333334
2026-01-23,2026,Jan,1,Summer,2.53125
2026-01-23,2026,Jan,1,Summer,1.0
2026-01-23,2026,Jan,1,Summer,1.9555555555555555
2026-01-23,2026,Jan,1,Summer,2.40625
2026-01-23,2026,Jan,1,Summer,2.239583333333334
2026-01-23,2026,Jan,1,Summer,0.6458333333333335
2026-01-24,2026,Jan,1,Summer,2.916666666666667
2026-01-24,2026,Jan,1,Summer,7.4210526315789425
2026-01-24,2026,Jan,1,Summer,6.416666666666668
2026-01-24,2026,Jan,1,Summer,6.05208333333333
2026-01-24,2026,Jan,1,Summer,5.357894736842107
2026-01-24,2026,Jan,1,Summer,3.1789473684210527
2026-01-24,2026,Jan,1,Summer,4.726315789473682
2026-01-24,2026,Jan,1,Summer,6.364583333333336
2026-01-24,2026,Jan,1,Summer,6.49411764705882
2026-01-24,2026,Jan,1,Summer,4.5
2026-01-25,2026,Jan,1,Summer,52.76041666666665
2026-01-25,2026,Jan,1,Summer,38.39583333333334
2026-01-25,2026,Jan,1,Summer,27.52631578947369
2026-01-25,2026,Jan,1,Summer,31.0
2026-01-25,2026,Jan,1,Summer,79.69791666666671
2026-01-25,2026,Jan,1,Summer,3.208333333333334
2026-01-25,2026,Jan,1,Summer,80.52631578947366
2026-01-25,2026,Jan,1,Summer,34.47368421052632
2026-01-25,2026,Jan,1,Summer,35.5
2026-01-25,2026,Jan,1,Summer,29.9375
2026-01-26,2026,Jan,1,Summer,6.666666666666666
2026-01-26,2026,Jan,1,Summer,8.270833333333334
2026-01-26,2026,Jan,1,Summer,6.180851063829786
2026-01-26,2026,Jan,1,Summer,6.7368421052631575
2026-01-26,2026,Jan,1,Summer,6.416666666666665
2026-01-26,2026,Jan,1,Summer,5.936170212765957
2026-01-26,2026,Jan,1,Summer,5.927083333333333
2026-01-26,2026,Jan,1,Summer,7.697916666666666
2026-01-26,2026,Jan,1,Summer,7.744680851063828
2026-01-26,2026,Jan,1,Summer,4.354166666666667
2026-01-27,2026,Jan,1,Summer,5.305263157894734
2026-01-27,2026,Jan,1,Summer,6.645833333333335
2026-01-27,2026,Jan,1,Summer,5.273684210526318
2026-01-27,2026,Jan,1,Summer,6.399999999999998
2026-01-27,2026,Jan,1,Summer,6.427083333333335
2026-01-27,2026,Jan,1,Summer,2.0
2026-01-27,2026,Jan,1,Summer,4.210526315789474
2026-01-27,2026,Jan,1,Summer,6.65625
2026-01-27,2026,Jan,1,Summer,5.516483516483516
2026-01-27,2026,Jan,1,Summer,4.010416666666666
2026-01-28,2026,Jan,1,Summer,6.9375
2026-01-28,2026,Jan,1,Summer,10.757894736842106
2026-01-28,2026,Jan,1,Summer,8.126315789473686
2026-01-28,2026,Jan,1,Summer,8.333333333333336
2026-01-28,2026,Jan,1,Summer,7.114583333333334
2026-01-28,2026,Jan,1,Summer,9.802083333333332
2026-01-28,2026,Jan,1,Summer,7.086021505376344
2026-01-28,2026,Jan,1,Summer,9.625
2026-01-28,2026,Jan,1,Summer,8.947368421052634
2026-01-28,2026,Jan,1,Summer,5.854166666666665
2026-01-29,2026,Jan,1,Summer,4.291666666666666
2026-01-29,2026,Jan,1,Summer,5.927083333333336
2026-01-29,2026,Jan,1,Summer,4.927083333333335
2026-01-29,2026,Jan,1,Summer,4.5212765957446805
2026-01-29,2026,Jan,1,Summer,4.926315789473685
2026-01-29,2026,Jan,1,Summer,7.305263157894736
2026-01-29,2026,Jan,1,Summer,6.853932584269666
2026-01-29,2026,Jan,1,Summer,4.978947368421055
2026-01-29,2026,Jan,1,Summer,4.875
2026-01-29,2026,Jan,1,Summer,2.645833333333334
2026-01-30,2026,Jan,1,Summer,10.260416666666666
2026-01-30,2026,Jan,1,Summer,13.520833333333334
2026-01-30,2026,Jan,1,Summer,9.48936170212766
2026-01-30,2026,Jan,1,Summer,10.239583333333332
2026-01-30,2026,Jan,1,Summer,12.84375
2026-01-30,2026,Jan,1,Summer,11.27083333333333
2026-01-30,2026,Jan,1,Summer,13.074468085106382
2026-01-30,2026,Jan,1,Summer,11.989583333333332
2026-01-30,2026,Jan,1,Summer,11.510416666666668
2026-01-30,2026,Jan,1,Summer,7.46875
2026-01-31,2026,Jan,1,Summer,20.177083333333336
2026-01-31,2026,Jan,1,Summer,23.09375
2026-01-31,2026,Jan,1,Summer,17.04166666666667
2026-01-31,2026,Jan,1,Summer,18.26315789473685
2026-01-31,2026,Jan,1,Summer,16.833333333333336
2026-01-31,2026,Jan,1,Summer,24.875
2026-01-31,2026,Jan,1,Summer,15.847826086956522
2026-01-31,2026,Jan,1,Summer,21.125
2026-01-31,2026,Jan,1,Summer,22.5
2026-01-31,2026,Jan,1,Summer,15.873684210526315
2026-02-01,2026,Feb,2,Summer,1.90625
2026-02-01,2026,Feb,2,Summer,3.0729166666666665
2026-02-01,2026,Feb,2,Summer,2.395833333333334
2026-02-01,2026,Feb,2,Summer,2.21875
2026-02-01,2026,Feb,2,Summer,2.104166666666667
2026-02-01,2026,Feb,2,Summer,1.642105263157895
2026-02-01,2026,Feb,2,Summer,2.864583333333333
2026-02-01,2026,Feb,2,Summer,2.333333333333333
2026-02-01,2026,Feb,2,Summer,2.333333333333334
2026-02-01,2026,Feb,2,Summer,0.8333333333333338
2026-02-02,2026,Feb,2,Summer,0.15625
2026-02-02,2026,Feb,2,Summer,1.5789473684210529
2026-02-02,2026,Feb,2,Summer,1.4893617021276595
2026-02-02,2026,Feb,2,Summer,1.59375
2026-02-02,2026,Feb,2,Summer,0.5208333333333335
2026-02-02,2026,Feb,2,Summer,1.521276595744681
2026-02-02,2026,Feb,2,Summer,1.2842105263157897
2026-02-02,2026,Feb,2,Summer,1.1145833333333337
2026-02-02,2026,Feb,2,Summer,1.34375
2026-02-02,2026,Feb,2,Summer,0.1041666666666667
2026-02-03,2026,Feb,2,Summer,1.5729166666666667
2026-02-03,2026,Feb,2,Summer,2.333333333333333
2026-02-03,2026,Feb,2,Summer,2.196078431372549
2026-02-03,2026,Feb,2,Summer,2.3541666666666665
2026-02-03,2026,Feb,2,Summer,0.6210526315789471
2026-02-03,2026,Feb,2,Summer,1.7340425531914911
2026-02-03,2026,Feb,2,Summer,3.086021505376344
2026-02-03,2026,Feb,2,Summer,1.852631578947369
2026-02-03,2026,Feb,2,Summer,1.9791666666666667
2026-02-03,2026,Feb,2,Summer,0.6354166666666669
2026-02-04,2026,Feb,2,Summer,3.4166666666666656
2026-02-04,2026,Feb,2,Summer,3.21875
2026-02-04,2026,Feb,2,Summer,2.78125
2026-02-04,2026,Feb,2,Summer,1.03125
2026-02-04,2026,Feb,2,Summer,1.8260869565217388
2026-02-04,2026,Feb,2,Summer,3.56842105263158
2026-02-04,2026,Feb,2,Summer,2.1354166666666674
2026-02-04,2026,Feb,2,Summer,2.6354166666666665
2026-02-04,2026,Feb,2,Summer,1.0
2026-02-05,2026,Feb,2,Summer,1.810526315789473
2026-02-05,2026,Feb,2,Summer,4.34375
2026-02-05,2026,Feb,2,Summer,3.053191489361702
2026-02-05,2026,Feb,2,Summer,2.229166666666667
2026-02-05,2026,Feb,2,Summer,1.979166666666668
2026-02-05,2026,Feb,2,Summer,4.315789473684212
2026-02-05,2026,Feb,2,Summer,3.3541666666666656
2026-02-05,2026,Feb,2,Summer,2.989583333333333
2026-02-05,2026,Feb,2,Summer,1.3125
2026-02-06,2026,Feb,2,Summer,2.5578947368421057
2026-02-06,2026,Feb,2,Summer,4.177083333333334
2026-02-06,2026,Feb,2,Summer,2.595744680851064
2026-02-06,2026,Feb,2,Summer,2.116279069767442
2026-02-06,2026,Feb,2,Summer,0.0
2026-02-06,2026,Feb,2,Summer,5.666666666666666
2026-02-06,2026,Feb,2,Summer,3.354166666666667
2026-02-06,2026,Feb,2,Summer,3.115789473684211
2026-02-06,2026,Feb,2,Summer,1.302083333333333
2026-02-07,2026,Feb,2,Summer,4.791666666666666
2026-02-07,2026,Feb,2,Summer,6.768421052631577
2026-02-07,2026,Feb,2,Summer,5.864583333333334
2026-02-07,2026,Feb,2,Summer,5.364583333333333
2026-02-07,2026,Feb,2,Summer,3.1145833333333326
2026-02-08,2026,Feb,2,Summer,4.197916666666666
2026-02-08,2026,Feb,2,Summer,6.114583333333332
2026-02-08,2026,Feb,2,Summer,5.726315789473682
2026-02-08,2026,Feb,2,Summer,5.28723404255319
2026-02-08,2026,Feb,2,Summer,3.114583333333335
2026-02-09,2026,Feb,2,Summer,6.96875
2026-02-09,2026,Feb,2,Summer,9.239583333333332
2026-02-09,2026,Feb,2,Summer,7.6875
2026-02-09,2026,Feb,2,Summer,7.916666666666666
2026-02-09,2026,Feb,2,Summer,4.71578947368421
2026-02-10,2026,Feb,2,Summer,4.5625
2026-02-10,2026,Feb,2,Summer,7.105263157894735
2026-02-10,2026,Feb,2,Summer,5.416666666666666
2026-02-10,2026,Feb,2,Summer,3.804878048780488
2026-02-10,2026,Feb,2,Summer,1.8333333333333333
2026-02-11,2026,Feb,2,Summer,5.958333333333334
2026-02-11,2026,Feb,2,Summer,6.410526315789476
2026-02-11,2026,Feb,2,Summer,5.208333333333336
2026-02-12,2026,Feb,2,Summer,0.4791666666666667
2026-02-12,2026,Feb,2,Summer,2.292682926829268
2026-02-12,2026,Feb,2,Summer,1.8125
2026-02-13,2026,Feb,2,Summer,0.3541666666666667
2026-02-13,2026,Feb,2,Summer,1.2210526315789472
2026-02-14,2026,Feb,2,Summer,3.3125
2026-02-14,2026,Feb,2,Summer,4.708333333333334
2026-02-15,2026,Feb,2,Summer,4.333333333333333
2026-02-15,2026,Feb,2,Summer,8.0
2026-02-16,2026,Feb,2,Summer,2.5
2026-02-16,2026,Feb,2,Summer,3.8229166666666665
2026-02-17,2026,Feb,2,Summer,1.8595505617977548
2026-02-17,2026,Feb,2,Summer,2.4526315789473685
2026-02-18,2026,Feb,2,Summer,1.9236111111111092
2026-02-18,2026,Feb,2,Summer,2.8842105263157887
2026-02-19,2026,Feb,2,Summer,2.083333333333333
2026-02-19,2026,Feb,2,Summer,2.645833333333333
2026-02-20,2026,Feb,2,Summer,0.5578947368421054
2026-02-20,2026,Feb,2,Summer,0.926829268292683
2026-02-21,2026,Feb,2,Summer,4.084210526315791
2026-02-22,2026,Feb,2,Summer,2.697916666666666
2026-02-23,2026,Feb,2,Summer,1.041666666666667
2026-02-24,2026,Feb,2,Summer,3.84375
2026-02-25,2026,Feb,2,Summer,2.71875
2026-02-26,2026,Feb,2,Summer,4.947916666666667
2026-02-27,2026,Feb,2,Summer,2.020833333333333
