device_id,hour,month_num,month_lbl,mean_temp_c,mean_humidity,mean_pm25
ICTMicroclimate-01,0,1,Jan,18.831300983739837,73.63414654471545,8.804878048780488
ICTMicroclimate-01,0,2,Feb,19.46510649787234,72.67914892340426,3.9872340425531916
ICTMicroclimate-01,0,3,Mar,18.255200000000002,79.391199824,4.664
ICTMicroclimate-01,0,4,Apr,15.798333408333333,80.21833333333333,5.383333333333334
ICTMicroclimate-01,0,5,May,11.722656265625,81.3632812890625,8.328125
ICTMicroclimate-01,0,6,Jun,9.07966804979253,87.29585072614108,8.21161825726141
ICTMicroclimate-01,0,7,Jul,8.946311475409836,88.43975372131148,6.258196721311475
ICTMicroclimate-01,0,8,Aug,10.109876547325104,84.24444455555556,8.358024691358025
ICTMicroclimate-01,0,9,Sep,12.195901635245901,75.28811493852459,2.6721311475409837
ICTMicroclimate-01,0,10,Oct,13.620967778225806,75.30040301209678,2.3548387096774195
ICTMicroclimate-01,0,11,Nov,15.196234343096235,77.68577420083682,3.3305439330543933
ICTMicroclimate-01,0,12,Dec,16.65755110612245,73.00938777142858,1.9795918367346939
ICTMicroclimate-01,1,1,Jan,18.41417012550607,75.8850203319838,10.105263157894736
ICTMicroclimate-01,1,2,Feb,18.087019375,78.61346158653846,3.75
ICTMicroclimate-01,1,3,Mar,17.78387109677419,81.55000008064516,3.7096774193548385
ICTMicroclimate-01,1,4,Apr,15.369166683333333,82.50333319166666,5.0
ICTMicroclimate-01,1,5,May,11.396969696969698,81.52727281818183,9.462121212121213
ICTMicroclimate-01,1,6,Jun,8.973839662447258,87.74894507594938,10.054852320675106
ICTMicroclimate-01,1,7,Jul,8.805263157894737,88.66842101214574,6.502024291497976
ICTMicroclimate-01,1,8,Aug,9.755284552845529,85.67886152439024,8.28048780487805
ICTMicroclimate-01,1,9,Sep,11.953361348739495,75.44411748319327,2.6638655462184873
ICTMicroclimate-01,1,10,Oct,13.185140610441767,77.17148583935743,2.357429718875502
ICTMicroclimate-01,1,11,Nov,14.808860755274262,79.4333332742616,2.962025316455696
ICTMicroclimate-01,1,12,Dec,16.2506073805668,74.50850196761134,2.1538461538461537
ICTMicroclimate-01,2,1,Jan,17.88744949797571,78.10688255870444,9.809716599190283
ICTMicroclimate-01,2,2,Feb,17.928333491666667,78.83625002916666,3.6166666666666667
ICTMicroclimate-01,2,3,Mar,17.30243907317073,83.8585365203252,4.357723577235772
ICTMicroclimate-01,2,4,Apr,14.994400088,83.501599784,5.408
ICTMicroclimate-01,2,5,May,11.105303037878787,82.16363624242425,10.340909090909092
ICTMicroclimate-01,2,6,Jun,8.68512396694215,88.76157037603305,11.235537190082646
ICTMicroclimate-01,2,7,Jul,8.59676113360324,88.87165961538462,5.919028340080971
ICTMicroclimate-01,2,8,Aug,9.325702819277108,86.93493971084337,9.694779116465863
ICTMicroclimate-01,2,9,Sep,11.684647319502075,75.11120329460582,2.5726141078838176
ICTMicroclimate-01,2,10,Oct,12.648117175732217,78.8033471004184,2.3221757322175733
ICTMicroclimate-01,2,11,Nov,14.344444469135803,81.29876535390946,3.016460905349794
ICTMicroclimate-01,2,12,Dec,15.934538204819278,75.24979910441768,1.9718875502008033
ICTMicroclimate-01,3,1,Jan,17.532800112,79.760400096,9.24
ICTMicroclimate-01,3,2,Feb,17.34855779326923,81.3841345,3.3798076923076925
ICTMicroclimate-01,3,3,Mar,16.991935572580648,84.77258066129032,3.8548387096774195
ICTMicroclimate-01,3,4,Apr,14.771428647058825,85.45378172268907,5.563025210084033
ICTMicroclimate-01,3,5,May,10.875384630769231,82.69769236153846,9.86923076923077
ICTMicroclimate-01,3,6,Jun,8.52051282051282,88.91068389743589,10.076923076923077
ICTMicroclimate-01,3,7,Jul,8.372289156626506,89.62248984738956,6.0120481927710845
ICTMicroclimate-01,3,8,Aug,9.111290322580645,87.58306458064516,10.741935483870968
ICTMicroclimate-01,3,9,Sep,11.398319327731093,76.2945378067227,2.6092436974789917
ICTMicroclimate-01,3,10,Oct,12.319028376518219,79.42145742510121,2.279352226720648
ICTMicroclimate-01,3,11,Nov,14.089539723849372,81.98828460251046,3.2635983263598325
ICTMicroclimate-01,3,12,Dec,15.634274233870967,76.02661293548388,1.8911290322580645
ICTMicroclimate-01,4,1,Jan,17.263855582329317,80.73534156626506,7.365461847389558
ICTMicroclimate-01,4,2,Feb,17.3227469055794,80.03047201716738,3.257510729613734
ICTMicroclimate-01,4,3,Mar,16.763414747967477,85.38699164227643,3.821138211382114
ICTMicroclimate-01,4,4,Apr,14.419166733333332,86.95083339166668,5.883333333333334
ICTMicroclimate-01,4,5,May,10.54736842857143,83.4857142330827,9.902255639097744
ICTMicroclimate-01,4,6,Jun,8.334008097165992,88.81740890688259,9.668016194331983
ICTMicroclimate-01,4,7,Jul,8.190650406504066,90.15731724390244,5.967479674796748
ICTMicroclimate-01,4,8,Aug,8.967338709677419,87.72298400403226,10.77016129032258
ICTMicroclimate-01,4,9,Sep,11.117154832635983,77.20627629288703,2.803347280334728
ICTMicroclimate-01,4,10,Oct,12.166400012,79.038799788,2.168
ICTMicroclimate-01,4,11,Nov,13.778813559322035,83.09067787288136,3.2203389830508473
ICTMicroclimate-01,4,12,Dec,15.424596846774193,76.37782246370968,1.7903225806451613
ICTMicroclimate-01,5,1,Jan,17.07991818442623,81.12295048770493,7.295081967213115
ICTMicroclimate-01,5,2,Feb,16.918779427230046,81.18873254460094,3.187793427230047
ICTMicroclimate-01,5,3,Mar,16.56935491935484,86.53064494354838,4.266129032258065
ICTMicroclimate-01,5,4,Apr,14.116806781512604,87.45042050420167,6.0
ICTMicroclimate-01,5,5,May,10.25563912781955,84.4706767669173,9.834586466165414
ICTMicroclimate-01,5,6,Jun,8.161864406779662,89.25635584745763,10.351694915254237
ICTMicroclimate-01,5,7,Jul,8.049397590361446,90.57710846987952,5.983935742971887
ICTMicroclimate-01,5,8,Aug,8.811382113821137,87.81219531300813,10.524390243902438
ICTMicroclimate-01,5,9,Sep,10.802500033333333,78.324166525,2.595833333333333
ICTMicroclimate-01,5,10,Oct,11.950806463709677,79.05927406854839,2.0161290322580645
ICTMicroclimate-01,5,11,Nov,13.518106983539095,83.85102869135802,3.3415637860082303
ICTMicroclimate-01,5,12,Dec,15.100813008130082,77.18943104878049,1.7479674796747968
ICTMicroclimate-01,6,1,Jan,16.974900549800797,81.06294811553785,7.760956175298805
ICTMicroclimate-01,6,2,Feb,17.070740855555556,78.5114814925926,2.7666666666666666
ICTMicroclimate-01,6,3,Mar,16.447967569105693,86.46422772357724,4.2439024390243905
ICTMicroclimate-01,6,4,Apr,14.088429809917354,86.04710750413223,6.0
ICTMicroclimate-01,6,5,May,10.096212143939393,85.04545482575757,10.742424242424242
ICTMicroclimate-01,6,6,Jun,7.96954732510288,89.73086452674897,9.555555555555555
ICTMicroclimate-01,6,7,Jul,8.074193548387097,90.40120970564516,6.495967741935484
ICTMicroclimate-01,6,8,Aug,8.704435483870967,88.12500000403226,10.02016129032258
ICTMicroclimate-01,6,9,Sep,10.700836828451884,78.73096231799163,2.4560669456066946
ICTMicroclimate-01,6,10,Oct,11.809716631578947,79.4955465020243,1.7125506072874495
ICTMicroclimate-01,6,11,Nov,13.422594167364018,83.32803354811716,4.138075313807532
ICTMicroclimate-01,6,12,Dec,15.078629048387096,76.68870975,1.6774193548387097
ICTMicroclimate-01,7,1,Jan,17.929032318548387,76.36048379435483,8.076612903225806
ICTMicroclimate-01,7,2,Feb,17.21778852403846,78.67163455769231,3.293269230769231
ICTMicroclimate-01,7,3,Mar,16.351219528455285,87.42439025203251,3.910569105691057
ICTMicroclimate-01,7,4,Apr,14.308333408333334,84.530000075,6.666666666666667
ICTMicroclimate-01,7,5,May,9.958914759689923,85.19612413953489,11.015503875968992
ICTMicroclimate-01,7,6,Jun,7.905857740585774,90.03556487866108,9.690376569037657
ICTMicroclimate-01,7,7,Jul,8.009426229508197,90.36598365163934,6.905737704918033
ICTMicroclimate-01,7,8,Aug,8.661693548387097,88.23951615725807,9.64516129032258
ICTMicroclimate-01,7,9,Sep,11.024267790794978,77.56276148117155,1.8117154811715481
ICTMicroclimate-01,7,10,Oct,12.391463414634147,76.82235777235772,1.5447154471544715
ICTMicroclimate-01,7,11,Nov,14.451867203319502,78.18174257261411,4.219917012448133
ICTMicroclimate-01,7,12,Dec,16.768016226720647,69.15587047773279,1.7206477732793521
ICTMicroclimate-01,8,1,Jan,19.327125574898783,69.62186252226721,7.477732793522267
ICTMicroclimate-01,8,2,Feb,18.591402764705883,72.23755691402715,3.4434389140271495
ICTMicroclimate-01,8,3,Mar,16.845600008,85.29599981599999,4.448
ICTMicroclimate-01,8,4,Apr,15.518487394957983,78.61764699159663,6.65546218487395
ICTMicroclimate-01,8,5,May,10.664925417910448,82.16492491791044,10.694029850746269
ICTMicroclimate-01,8,6,Jun,8.007112970711297,90.08870276150628,10.518828451882845
ICTMicroclimate-01,8,7,Jul,8.217529880478088,89.56653415537849,6.1195219123505975
ICTMicroclimate-01,8,8,Aug,9.515853658536585,84.83333338617886,9.341463414634147
ICTMicroclimate-01,8,9,Sep,12.55439330962343,70.91171558995816,1.4686192468619246
ICTMicroclimate-01,8,10,Oct,13.76008068951613,71.290725875,2.060483870967742
ICTMicroclimate-01,8,11,Nov,15.847280364016736,72.39958166108786,4.00836820083682
ICTMicroclimate-01,8,12,Dec,18.19838716129032,63.18306448387097,1.6209677419354838
ICTMicroclimate-01,9,1,Jan,21.213709741935485,61.94879038306452,5.693548387096774
ICTMicroclimate-01,9,2,Feb,20.19342107017544,65.02412275438596,3.5964912280701755
ICTMicroclimate-01,9,3,Mar,18.731199968000002,77.662400232,4.256
ICTMicroclimate-01,9,4,Apr,17.697520628099173,68.6429751322314,6.75206611570248
ICTMicroclimate-01,9,5,May,13.003875976744187,72.00697671317829,11.255813953488373
ICTMicroclimate-01,9,6,Jun,9.481932773109243,85.01722669327731,10.256302521008404
ICTMicroclimate-01,9,7,Jul,9.499196787148595,84.77871471084337,6.514056224899599
ICTMicroclimate-01,9,8,Aug,11.556400012,76.79159986,9.412
ICTMicroclimate-01,9,9,Sep,14.239999983333332,62.968750004166665,1.3083333333333333
ICTMicroclimate-01,9,10,Oct,15.482449012244897,63.60530614285714,2.526530612244898
ICTMicroclimate-01,9,11,Nov,17.325416695833333,66.15041681666666,3.970833333333333
ICTMicroclimate-01,9,12,Dec,19.629268329268292,57.54918691463414,1.5040650406504066
ICTMicroclimate-01,10,1,Jan,22.900000064777327,55.45870445748988,7.137651821862348
ICTMicroclimate-01,10,2,Feb,22.165238138095237,57.797618914285714,3.5952380952380953
ICTMicroclimate-01,10,3,Mar,20.955284577235773,67.54065043902439,3.813008130081301
ICTMicroclimate-01,10,4,Apr,19.315126084033615,61.69579813445378,6.319327731092437
ICTMicroclimate-01,10,5,May,15.137594007518798,63.72180422556391,11.045112781954888
ICTMicroclimate-01,10,6,Jun,11.086776863636363,79.0578513966942,9.487603305785123
ICTMicroclimate-01,10,7,Jul,11.002439024390243,79.06138222764228,6.67479674796748
ICTMicroclimate-01,10,8,Aug,13.210887116935485,69.92056431854839,8.576612903225806
ICTMicroclimate-01,10,9,Sep,15.135950454545453,58.95785138429752,1.4297520661157024
ICTMicroclimate-01,10,10,Oct,16.605668040485828,58.784210502024294,2.3360323886639676
ICTMicroclimate-01,10,11,Nov,18.256431547717842,62.942738473029046,3.8215767634854774
ICTMicroclimate-01,10,12,Dec,21.195200024000002,52.316399956,1.436
ICTMicroclimate-01,11,1,Jan,24.33170724390244,50.61951231300813,6.955284552845528
ICTMicroclimate-01,11,2,Feb,23.71674637799043,52.861722349282296,3.813397129186603
ICTMicroclimate-01,11,3,Mar,22.47419361290323,61.23548382258064,3.9838709677419355
ICTMicroclimate-01,11,4,Apr,20.748739436974788,55.925210025210085,5.8655462184873945
ICTMicroclimate-01,11,5,May,16.899248210526316,57.81428566917293,10.06766917293233
ICTMicroclimate-01,11,6,Jun,12.135537185950412,74.16776886363635,8.458677685950413
ICTMicroclimate-01,11,7,Jul,12.25783132931727,73.96024107228916,6.911646586345381
ICTMicroclimate-01,11,8,Aug,14.709716587044534,63.20445321052632,7.105263157894737
ICTMicroclimate-01,11,9,Sep,16.02796619067797,55.036864521186445,1.1694915254237288
ICTMicroclimate-01,11,10,Oct,17.49166667063492,55.63412708333333,2.376984126984127
ICTMicroclimate-01,11,11,Nov,19.3537815,58.29621842436975,3.3949579831932772
ICTMicroclimate-01,11,12,Dec,21.97926823577236,49.506910634146344,1.386178861788618
ICTMicroclimate-01,12,1,Jan,24.949199963999998,49.316799952000004,6.696
ICTMicroclimate-01,12,2,Feb,23.97354259192825,51.49775782959642,3.68609865470852
ICTMicroclimate-01,12,3,Mar,23.495967782258063,57.50483901612903,4.379032258064516
ICTMicroclimate-01,12,4,Apr,21.958333375,52.27833331666667,5.125
ICTMicroclimate-01,12,5,May,17.713953527131782,55.042635627906975,9.077519379844961
ICTMicroclimate-01,12,6,Jun,12.993723841004183,70.04811724686192,7.02928870292887
ICTMicroclimate-01,12,7,Jul,12.929435495967743,70.53709668145162,5.911290322580645
ICTMicroclimate-01,12,8,Aug,15.812096766129033,58.33508077822581,6.403225806451613
ICTMicroclimate-01,12,9,Sep,16.52272729752066,53.994628223140495,1.1074380165289257
ICTMicroclimate-01,12,10,Oct,18.150607287449393,53.21376532793523,2.2672064777327936
ICTMicroclimate-01,12,11,Nov,19.795020767634856,56.10207467219917,2.780082987551867
ICTMicroclimate-01,12,12,Dec,22.50971662348178,48.0931174048583,1.4939271255060729
ICTMicroclimate-01,13,1,Jan,25.315789360323887,48.574898663967616,4.4048582995951415
ICTMicroclimate-01,13,2,Feb,25.120216606498197,48.816245552346565,3.577617328519856
ICTMicroclimate-01,13,3,Mar,24.338709741935485,54.25403198387097,4.25
ICTMicroclimate-01,13,4,Apr,22.607438049586776,50.90330603305785,5.2727272727272725
ICTMicroclimate-01,13,5,May,18.19701487313433,53.650746291044776,7.313432835820896
ICTMicroclimate-01,13,6,Jun,13.271008420168068,67.8924369789916,6.138655462184874
ICTMicroclimate-01,13,7,Jul,13.221457469635627,68.9327934777328,5.587044534412955
ICTMicroclimate-01,13,8,Aug,16.41666675203252,55.37601630487805,5.333333333333333
ICTMicroclimate-01,13,9,Sep,16.74225948535565,53.64811712970711,1.2594142259414225
ICTMicroclimate-01,13,10,Oct,18.833603222672064,50.45222663967611,1.9757085020242915
ICTMicroclimate-01,13,11,Nov,20.268750037500002,54.643333445833335,2.220833333333333
ICTMicroclimate-01,13,12,Dec,22.953413654618473,46.958232939759036,1.751004016064257
ICTMicroclimate-01,14,1,Jan,25.67911649799197,47.78835343373493,4.325301204819277
ICTMicroclimate-01,14,2,Feb,24.63482596517413,52.811940447761195,4.54726368159204
ICTMicroclimate-01,14,3,Mar,24.95000006557377,51.64426226229508,3.5901639344262297
ICTMicroclimate-01,14,4,Apr,22.94999995,50.14166651666667,5.075
ICTMicroclimate-01,14,5,May,18.597744390977443,51.811278398496235,5.7518796992481205
ICTMicroclimate-01,14,6,Jun,13.315189894514768,66.12700420675105,4.510548523206751
ICTMicroclimate-01,14,7,Jul,12.998367346938775,70.29999988571429,5.522448979591837
ICTMicroclimate-01,14,8,Aug,16.77131478884462,53.72868509561753,4.219123505976095
ICTMicroclimate-01,14,9,Sep,17.139330543933056,52.21715486192468,1.301255230125523
ICTMicroclimate-01,14,10,Oct,19.36219519105691,49.630487890243906,1.8495934959349594
ICTMicroclimate-01,14,11,Nov,20.643933079497906,53.758159025104604,2.4686192468619246
ICTMicroclimate-01,14,12,Dec,23.257489955465587,46.211336080971655,1.6275303643724697
ICTMicroclimate-01,15,1,Jan,25.876518206477733,47.8445344534413,4.089068825910931
ICTMicroclimate-01,15,2,Feb,25.367521405982906,49.84230778632479,4.068376068376068
ICTMicroclimate-01,15,3,Mar,25.287200128000002,50.247199856,4.136
ICTMicroclimate-01,15,4,Apr,22.789166650000002,51.29666654166667,4.208333333333333
ICTMicroclimate-01,15,5,May,18.64963505839416,52.0335765620438,4.9416058394160585
ICTMicroclimate-01,15,6,Jun,13.489256210743802,65.0553717107438,3.1942148760330578
ICTMicroclimate-01,15,7,Jul,13.26907632931727,68.91164632128513,4.453815261044177
ICTMicroclimate-01,15,8,Aug,16.768951677419356,54.07499991129033,3.7016129032258065
ICTMicroclimate-01,15,9,Sep,17.155372,52.7640496446281,1.1363636363636365
ICTMicroclimate-01,15,10,Oct,19.816935556451615,48.758064447580644,1.6451612903225807
ICTMicroclimate-01,15,11,Nov,21.075000079166667,52.644999954166664,2.716666666666667
ICTMicroclimate-01,15,12,Dec,23.72960006,45.409199955999995,1.584
ICTMicroclimate-01,16,1,Jan,25.989959807228917,47.725702706827306,3.5823293172690764
ICTMicroclimate-01,16,2,Feb,24.888732356807513,51.777934230046945,4.014084507042254
ICTMicroclimate-01,16,3,Mar,25.36967213114754,49.90573774590164,3.459016393442623
ICTMicroclimate-01,16,4,Apr,21.974166675,53.93416664166667,3.45
ICTMicroclimate-01,16,5,May,17.522388141791044,55.761194134328356,5.134328358208955
ICTMicroclimate-01,16,6,Jun,12.663374493827162,68.87242795884774,2.5020576131687244
ICTMicroclimate-01,16,7,Jul,12.763157886639677,71.15789461538462,4.064777327935222
ICTMicroclimate-01,16,8,Aug,16.15344135222672,56.99392683400809,2.979757085020243
ICTMicroclimate-01,16,9,Sep,16.761017029661016,54.32118640677966,1.0127118644067796
ICTMicroclimate-01,16,10,Oct,19.91295546963563,48.989878635627534,1.6477732793522266
ICTMicroclimate-01,16,11,Nov,21.197925352697094,52.732365236514525,2.3526970954356847
ICTMicroclimate-01,16,12,Dec,23.785887116935484,46.370161358870966,1.5161290322580645
ICTMicroclimate-01,17,1,Jan,25.782186210526316,48.79392714170041,3.603238866396761
ICTMicroclimate-01,17,2,Feb,24.560301623115574,53.22261308040201,4.396984924623116
ICTMicroclimate-01,17,3,Mar,24.591129096774196,53.72741936290323,3.403225806451613
ICTMicroclimate-01,17,4,Apr,20.344915288135592,60.41271170338983,3.4745762711864407
ICTMicroclimate-01,17,5,May,15.506569416058394,64.07226275182482,4.875912408759124
ICTMicroclimate-01,17,6,Jun,11.697446812765957,74.29404283404254,2.480851063829787
ICTMicroclimate-01,17,7,Jul,11.690650406504066,76.40203275609755,4.0528455284552845
ICTMicroclimate-01,17,8,Aug,14.340160718875502,64.67389541767068,3.2329317269076303
ICTMicroclimate-01,17,9,Sep,15.621399242798354,59.7950619053498,0.9547325102880658
ICTMicroclimate-01,17,10,Oct,19.02500002016129,53.02741912903226,1.6169354838709677
ICTMicroclimate-01,17,11,Nov,20.670416670833333,55.009999962500004,2.3916666666666666
ICTMicroclimate-01,17,12,Dec,23.295141801619433,48.338056615384616,1.680161943319838
ICTMicroclimate-01,18,1,Jan,24.882186287449393,52.024696287449395,3.659919028340081
ICTMicroclimate-01,18,2,Feb,23.943881852320676,54.46329114345991,3.978902953586498
ICTMicroclimate-01,18,3,Mar,23.085484016129033,59.22096738709678,2.9516129032258065
ICTMicroclimate-01,18,4,Apr,19.297435940170942,63.13846163247863,4.598290598290598
ICTMicroclimate-01,18,5,May,14.518382375000002,69.52794088235294,5.022058823529412
ICTMicroclimate-01,18,6,Jun,11.073966942148761,78.03264464462809,4.033057851239669
ICTMicroclimate-01,18,7,Jul,10.989516129032259,80.64556435887097,3.689516129032258
ICTMicroclimate-01,18,8,Aug,13.186991922764227,70.26666667886178,3.402439024390244
ICTMicroclimate-01,18,9,Sep,14.547479046218488,65.46386541596638,1.5630252100840336
ICTMicroclimate-01,18,10,Oct,18.06491939112903,57.397177516129034,1.278225806451613
ICTMicroclimate-01,18,11,Nov,19.785892178423236,58.60580911618258,2.4315352697095434
ICTMicroclimate-01,18,12,Dec,22.727125526315792,51.08137651417004,2.0242914979757085
ICTMicroclimate-01,19,1,Jan,23.853469489795916,55.56040824897959,3.2775510204081635
ICTMicroclimate-01,19,2,Feb,25.378965672413795,50.52448269655172,3.2586206896551726
ICTMicroclimate-01,19,3,Mar,21.883739926829268,63.39837385365853,3.2113821138211383
ICTMicroclimate-01,19,4,Apr,18.426016284552848,67.81463408130081,4.804878048780488
ICTMicroclimate-01,19,5,May,13.806666681481483,72.8533334888889,5.703703703703703
ICTMicroclimate-01,19,6,Jun,10.680672268907562,79.48277309243697,4.726890756302521
ICTMicroclimate-01,19,7,Jul,10.540799999999999,82.55759982800001,4.876
ICTMicroclimate-01,19,8,Aug,12.560400036,73.23999974,3.748
ICTMicroclimate-01,19,9,Sep,14.015062828451882,68.46610904184101,1.891213389121339
ICTMicroclimate-01,19,10,Oct,16.696000012,62.976000168,1.396
ICTMicroclimate-01,19,11,Nov,18.865000091666666,62.66624998333334,2.533333333333333
ICTMicroclimate-01,19,12,Dec,21.62369486746988,54.98915676305221,1.8112449799196788
ICTMicroclimate-01,20,1,Jan,22.1964144063745,60.84860567330678,3.9163346613545817
ICTMicroclimate-01,20,2,Feb,21.46431931455399,64.841784,4.258215962441315
ICTMicroclimate-01,20,3,Mar,20.779032370967744,68.12903217741936,3.4274193548387095
ICTMicroclimate-01,20,4,Apr,17.58235305882353,71.91596631932772,4.932773109243698
ICTMicroclimate-01,20,5,May,13.10229009923664,77.12137380152672,6.221374045801527
ICTMicroclimate-01,20,6,Jun,10.304564315352698,81.98506227385893,5.9004149377593365
ICTMicroclimate-01,20,7,Jul,10.15679012345679,83.88971201234568,5.8765432098765435
ICTMicroclimate-01,20,8,Aug,12.034552865853659,75.73780483739837,4.373983739837398
ICTMicroclimate-01,20,9,Sep,13.497107499999998,71.38677657438016,2.65702479338843
ICTMicroclimate-01,20,10,Oct,15.550000081300814,67.87398385772357,1.8902439024390243
ICTMicroclimate-01,20,11,Nov,17.52773117647059,68.81890766386555,3.0126050420168067
ICTMicroclimate-01,20,12,Dec,19.916599340080975,61.2449391659919,1.8582995951417005
ICTMicroclimate-01,21,1,Jan,20.814285836734694,65.57959188979592,3.546938775510204
ICTMicroclimate-01,21,2,Feb,20.191387693779905,69.8076555645933,4.311004784688995
ICTMicroclimate-01,21,3,Mar,20.01370980645161,69.53790348387098,4.814516129032258
ICTMicroclimate-01,21,4,Apr,17.066942190082642,74.93223135537191,4.56198347107438
ICTMicroclimate-01,21,5,May,12.770676706766917,78.57368431578948,7.511278195488722
ICTMicroclimate-01,21,6,Jun,9.871548117154813,84.20292892468619,5.907949790794979
ICTMicroclimate-01,21,7,Jul,9.832669322709163,84.67290839840638,6.52988047808765
ICTMicroclimate-01,21,8,Aug,11.684489800000001,77.63551030612244,6.273469387755102
ICTMicroclimate-01,21,9,Sep,13.07405860669456,73.32719679497909,2.6485355648535567
ICTMicroclimate-01,21,10,Oct,15.116000048,69.16560030400001,2.268
ICTMicroclimate-01,21,11,Nov,16.745000083333334,72.23333328333334,3.0375
ICTMicroclimate-01,21,12,Dec,18.7550201686747,65.25301218473896,2.0642570281124497
ICTMicroclimate-01,22,1,Jan,20.05418335059761,69.08167339840638,3.139442231075697
ICTMicroclimate-01,22,2,Feb,19.499514563106796,72.268932,4.237864077669903
ICTMicroclimate-01,22,3,Mar,19.338843008264462,73.42644636363636,5.578512396694215
ICTMicroclimate-01,22,4,Apr,16.368067268907563,78.14033657142858,5.504201680672269
ICTMicroclimate-01,22,5,May,12.303053450381679,80.49160303816795,9.213740458015268
ICTMicroclimate-01,22,6,Jun,9.498319327731092,85.70798302941176,6.453781512605042
ICTMicroclimate-01,22,7,Jul,9.597165991902834,85.77327951417004,7.421052631578948
ICTMicroclimate-01,22,8,Aug,11.17131474501992,79.9406374940239,8.175298804780876
ICTMicroclimate-01,22,9,Sep,12.78025212605042,74.67352957142857,2.672268907563025
ICTMicroclimate-01,22,10,Oct,14.515102081632653,71.74408171836734,2.048979591836735
ICTMicroclimate-01,22,11,Nov,16.07385892946058,74.79833998755186,3.107883817427386
ICTMicroclimate-01,22,12,Dec,17.80121963414634,67.88658567479675,1.9593495934959348
ICTMicroclimate-01,23,1,Jan,19.431048508064514,71.54556437903226,3.068548387096774
ICTMicroclimate-01,23,2,Feb,18.951709435897435,73.82094018803419,3.764957264957265
ICTMicroclimate-01,23,3,Mar,18.420800007999997,77.907199792,4.552
ICTMicroclimate-01,23,4,Apr,16.082500016666668,78.88499993333333,5.7
ICTMicroclimate-01,23,5,May,12.003787924242424,80.67121225757575,9.537878787878787
ICTMicroclimate-01,23,6,Jun,9.278512396694214,86.27272730991736,7.900826446280992
ICTMicroclimate-01,23,7,Jul,9.28714859437751,86.92168712048192,7.261044176706827
ICTMicroclimate-01,23,8,Aug,10.665182190283401,82.3599188097166,8.408906882591094
ICTMicroclimate-01,23,9,Sep,12.542016848739497,74.82563054201681,2.5
ICTMicroclimate-01,23,10,Oct,14.112096790322582,73.43709667741936,2.125
ICTMicroclimate-01,23,11,Nov,15.636820125523013,76.4907950167364,3.0334728033472804
ICTMicroclimate-01,23,12,Dec,17.182329381526102,70.38835343775101,2.072289156626506
ICTMicroclimate-02,0,1,Jan,20.201639344262293,69.1405737704918,8.331967213114755
ICTMicroclimate-02,0,2,Feb,19.73664596273292,71.91801242236025,5.031055900621118
ICTMicroclimate-02,0,3,Mar,19.726612903225806,74.07983870967742,5.120967741935484
ICTMicroclimate-02,0,4,Apr,17.62892561983471,73.2603305785124,6.801652892561983
ICTMicroclimate-02,0,5,May,14.042635658914728,71.15348837209302,11.178294573643411
ICTMicroclimate-02,0,6,Jun,10.91576763485477,80.40746887966806,11.099585062240664
ICTMicroclimate-02,0,7,Jul,10.667755102040816,82.76816326530613,7.0081632653061225
ICTMicroclimate-02,0,8,Aug,11.967768595041322,77.84173553719009,11.185950413223141
ICTMicroclimate-02,0,9,Sep,13.48974358974359,70.43632478632478,3.8974358974358974
ICTMicroclimate-02,0,10,Oct,14.9,70.72064777327935,3.6963562753036436
ICTMicroclimate-02,0,11,Nov,16.351452282157677,73.92116182572614,4.79253112033195
ICTMicroclimate-02,0,12,Dec,17.962396694214874,67.73512396694215,3.1074380165289255
ICTMicroclimate-02,1,1,Jan,19.67651821862348,71.32064777327936,5.659919028340081
ICTMicroclimate-02,1,2,Feb,19.42547770700637,73.02292993630573,4.6687898089171975
ICTMicroclimate-02,1,3,Mar,19.427049180327867,75.52950819672131,4.852459016393443
ICTMicroclimate-02,1,4,Apr,17.31639344262295,74.73032786885246,6.614754098360656
ICTMicroclimate-02,1,5,May,13.648091603053436,72.27099236641222,11.580152671755725
ICTMicroclimate-02,1,6,Jun,10.663025210084035,81.61974789915966,10.781512605042018
ICTMicroclimate-02,1,7,Jul,10.48360655737705,83.14385245901639,7.922131147540983
ICTMicroclimate-02,1,8,Aug,11.675720164609054,78.76296296296297,11.777777777777779
ICTMicroclimate-02,1,9,Sep,13.200819672131148,70.44631147540984,4.040983606557377
ICTMicroclimate-02,1,10,Oct,14.476016260162602,72.1760162601626,3.597560975609756
ICTMicroclimate-02,1,11,Nov,16.005857740585775,74.58702928870292,4.686192468619247
ICTMicroclimate-02,1,12,Dec,17.63064516129032,69.33709677419354,3.3951612903225805
ICTMicroclimate-02,2,1,Jan,19.40722891566265,72.27510040160642,4.746987951807229
ICTMicroclimate-02,2,2,Feb,19.341874999999998,72.50750000000001,4.75
ICTMicroclimate-02,2,3,Mar,19.105042016806724,76.93697478991596,4.756302521008403
ICTMicroclimate-02,2,4,Apr,16.608333333333334,76.60833333333333,6.666666666666667
ICTMicroclimate-02,2,5,May,13.6,71.63787878787879,11.030303030303031
ICTMicroclimate-02,2,6,Jun,10.470124481327801,82.55186721991701,11.576763485477178
ICTMicroclimate-02,2,7,Jul,10.23413654618474,84.00160642570282,8.293172690763052
ICTMicroclimate-02,2,8,Aug,11.372540983606557,79.3922131147541,11.442622950819672
ICTMicroclimate-02,2,9,Sep,12.905462184873949,70.87941176470588,4.105042016806722
ICTMicroclimate-02,2,10,Oct,14.04518828451883,72.83305439330543,3.3598326359832638
ICTMicroclimate-02,2,11,Nov,15.722784810126583,75.61645569620252,4.286919831223629
ICTMicroclimate-02,2,12,Dec,17.25983935742972,70.08995983935743,3.2771084337349397
ICTMicroclimate-02,3,1,Jan,19.176639344262295,72.53360655737706,4.770491803278689
ICTMicroclimate-02,3,2,Feb,18.92111801242236,73.22857142857143,4.391304347826087
ICTMicroclimate-02,3,3,Mar,18.82755905511811,76.94566929133859,4.952755905511811
ICTMicroclimate-02,3,4,Apr,16.570247933884296,78.93636363636364,6.628099173553719
ICTMicroclimate-02,3,5,May,13.182442748091603,72.75419847328244,11.427480916030534
ICTMicroclimate-02,3,6,Jun,10.294444444444444,83.06965811965811,10.897435897435898
ICTMicroclimate-02,3,7,Jul,10.051428571428572,84.6734693877551,8.404081632653062
ICTMicroclimate-02,3,8,Aug,11.085943775100402,80.63734939759037,11.273092369477911
ICTMicroclimate-02,3,9,Sep,12.581171548117155,71.92301255230124,4.0
ICTMicroclimate-02,3,10,Oct,13.854032258064517,72.91733870967742,3.3870967741935485
ICTMicroclimate-02,3,11,Nov,15.543514644351465,76.77615062761507,4.7573221757322175
ICTMicroclimate-02,3,12,Dec,16.915702479338844,71.09297520661157,3.2107438016528924
ICTMicroclimate-02,4,1,Jan,18.814859437751004,74.18795180722891,4.698795180722891
ICTMicroclimate-02,4,2,Feb,18.831612903225807,73.17935483870967,4.47741935483871
ICTMicroclimate-02,4,3,Mar,18.621138211382114,78.31544715447154,5.195121951219512
ICTMicroclimate-02,4,4,Apr,16.256302521008404,80.15378151260504,6.65546218487395
ICTMicroclimate-02,4,5,May,12.868939393939394,73.63636363636364,12.219696969696969
ICTMicroclimate-02,4,6,Jun,10.02936170212766,83.95617021276595,10.86808510638298
ICTMicroclimate-02,4,7,Jul,9.875903614457831,85.37630522088354,8.46987951807229
ICTMicroclimate-02,4,8,Aug,10.8896,81.0988,10.448
ICTMicroclimate-02,4,9,Sep,12.339574468085107,72.70936170212767,3.523404255319149
ICTMicroclimate-02,4,10,Oct,13.658606557377048,72.88196721311476,3.4631147540983607
ICTMicroclimate-02,4,11,Nov,15.122457627118644,77.3292372881356,5.266949152542373
ICTMicroclimate-02,4,12,Dec,16.64612244897959,71.42897959183672,3.159183673469388
ICTMicroclimate-02,5,1,Jan,18.43536585365854,75.59430894308943,5.609756097560975
ICTMicroclimate-02,5,2,Feb,18.76024844720497,72.70496894409938,4.422360248447205
ICTMicroclimate-02,5,3,Mar,18.408943089430895,79.2650406504065,5.32520325203252
ICTMicroclimate-02,5,4,Apr,16.19090909090909,78.55123966942149,6.5041322314049586
ICTMicroclimate-02,5,5,May,12.5736,74.7,13.048
ICTMicroclimate-02,5,6,Jun,9.914522821576764,84.16431535269709,10.531120331950207
ICTMicroclimate-02,5,7,Jul,9.726016260162602,85.68252032520326,8.288617886178862
ICTMicroclimate-02,5,8,Aug,10.805714285714286,80.8208163265306,9.465306122448979
ICTMicroclimate-02,5,9,Sep,12.058091286307054,73.65684647302905,3.103734439834025
ICTMicroclimate-02,5,10,Oct,13.495934959349594,72.68048780487806,3.5934959349593494
ICTMicroclimate-02,5,11,Nov,14.779746835443039,78.75021097046414,5.70464135021097
ICTMicroclimate-02,5,12,Dec,16.43694779116466,71.62048192771084,3.1164658634538154
ICTMicroclimate-02,6,1,Jan,18.23864541832669,76.33227091633466,6.274900398406374
ICTMicroclimate-02,6,2,Feb,18.815822784810127,71.86835443037975,4.4113924050632916
ICTMicroclimate-02,6,3,Mar,18.29047619047619,79.43253968253968,5.492063492063492
ICTMicroclimate-02,6,4,Apr,16.09406779661017,77.48389830508475,7.279661016949152
ICTMicroclimate-02,6,5,May,12.315671641791045,75.43582089552238,12.447761194029852
ICTMicroclimate-02,6,6,Jun,9.653556485355647,85.14644351464435,10.640167364016737
ICTMicroclimate-02,6,7,Jul,9.631854838709677,85.82983870967742,8.53225806451613
ICTMicroclimate-02,6,8,Aug,10.570445344129554,81.80971659919028,10.080971659919028
ICTMicroclimate-02,6,9,Sep,11.873529411764705,74.34327731092438,3.176470588235294
ICTMicroclimate-02,6,10,Oct,13.326799999999999,73.58319999999999,3.668
ICTMicroclimate-02,6,11,Nov,14.634297520661157,78.63471074380165,6.169421487603306
ICTMicroclimate-02,6,12,Dec,16.338367346938774,71.8808163265306,3.2122448979591836
ICTMicroclimate-02,7,1,Jan,18.39349593495935,75.21747967479675,6.634146341463414
ICTMicroclimate-02,7,2,Feb,18.703164556962026,72.21835443037975,4.943037974683544
ICTMicroclimate-02,7,3,Mar,18.282500000000002,79.80916666666667,6.216666666666667
ICTMicroclimate-02,7,4,Apr,16.22016806722689,76.89327731092436,8.495798319327731
ICTMicroclimate-02,7,5,May,12.29624060150376,75.66165413533835,14.345864661654135
ICTMicroclimate-02,7,6,Jun,9.636134453781512,85.05546218487395,10.546218487394958
ICTMicroclimate-02,7,7,Jul,9.561044176706826,85.84538152610442,8.939759036144578
ICTMicroclimate-02,7,8,Aug,10.483196721311476,82.13155737704918,9.96311475409836
ICTMicroclimate-02,7,9,Sep,12.06125,74.01708333333333,3.1375
ICTMicroclimate-02,7,10,Oct,13.413821138211382,73.180081300813,3.9878048780487805
ICTMicroclimate-02,7,11,Nov,14.769874476987448,78.03640167364017,6.00418410041841
ICTMicroclimate-02,7,12,Dec,16.682470119521913,70.51235059760955,3.2788844621513946
ICTMicroclimate-02,8,1,Jan,19.068312757201646,72.16460905349794,7.407407407407407
ICTMicroclimate-02,8,2,Feb,19.387654320987654,69.8641975308642,5.691358024691358
ICTMicroclimate-02,8,3,Mar,18.475609756097562,78.94065040650408,6.634146341463414
ICTMicroclimate-02,8,4,Apr,16.871794871794872,73.74700854700855,8.7008547008547
ICTMicroclimate-02,8,5,May,12.760769230769231,73.51384615384615,15.307692307692308
ICTMicroclimate-02,8,6,Jun,9.667782426778242,85.30962343096235,11.104602510460252
ICTMicroclimate-02,8,7,Jul,9.682857142857143,84.76775510204081,9.130612244897959
ICTMicroclimate-02,8,8,Aug,11.141295546558705,79.43846153846154,10.975708502024291
ICTMicroclimate-02,8,9,Sep,12.847457627118644,70.5322033898305,3.156779661016949
ICTMicroclimate-02,8,10,Oct,14.020731707317072,71.10243902439025,4.126016260162602
ICTMicroclimate-02,8,11,Nov,15.450210970464134,75.0295358649789,5.746835443037975
ICTMicroclimate-02,8,12,Dec,17.645344129554655,66.92145748987853,3.1862348178137654
ICTMicroclimate-02,9,1,Jan,20.584738955823294,65.69678714859438,7.775100401606426
ICTMicroclimate-02,9,2,Feb,20.412025316455697,65.82594936708861,5.170886075949367
ICTMicroclimate-02,9,3,Mar,19.408333333333335,75.69416666666666,7.433333333333334
ICTMicroclimate-02,9,4,Apr,18.46324786324786,66.24444444444445,7.52991452991453
ICTMicroclimate-02,9,5,May,13.584444444444445,70.67481481481482,16.066666666666666
ICTMicroclimate-02,9,6,Jun,10.159832635983262,84.15774058577406,11.732217573221757
ICTMicroclimate-02,9,7,Jul,10.173061224489796,83.08081632653061,10.710204081632654
ICTMicroclimate-02,9,8,Aug,12.168312757201646,75.49588477366255,11.17283950617284
ICTMicroclimate-02,9,9,Sep,14.147107438016528,64.33595041322313,2.6363636363636362
ICTMicroclimate-02,9,10,Oct,15.03483606557377,66.40245901639345,3.487704918032787
ICTMicroclimate-02,9,11,Nov,16.63875,70.6225,5.245833333333334
ICTMicroclimate-02,9,12,Dec,19.2241935483871,60.395564516129035,3.0120967741935485
ICTMicroclimate-02,10,1,Jan,22.23534136546185,59.034538152610445,7.48995983935743
ICTMicroclimate-02,10,2,Feb,21.7,61.28451612903226,5.658064516129032
ICTMicroclimate-02,10,3,Mar,21.020833333333332,68.7375,6.5
ICTMicroclimate-02,10,4,Apr,19.197499999999998,63.718333333333334,6.983333333333333
ICTMicroclimate-02,10,5,May,14.661111111111111,66.81984126984126,13.666666666666666
ICTMicroclimate-02,10,6,Jun,11.0,81.17510548523207,12.19831223628692
ICTMicroclimate-02,10,7,Jul,10.966938775510204,80.53428571428572,10.816326530612244
ICTMicroclimate-02,10,8,Aug,12.9948,71.894,11.344
ICTMicroclimate-02,10,9,Sep,14.681434599156118,61.610970464135015,2.3417721518987342
ICTMicroclimate-02,10,10,Oct,16.414741035856576,60.981274900398404,3.1235059760956174
ICTMicroclimate-02,10,11,Nov,17.813025210084035,65.32310924369747,4.697478991596639
ICTMicroclimate-02,10,12,Dec,20.870731707317074,54.53211382113821,3.032520325203252
ICTMicroclimate-02,11,1,Jan,23.995121951219513,53.5349593495935,6.333333333333333
ICTMicroclimate-02,11,2,Feb,23.842767295597483,54.29308176100629,6.182389937106918
ICTMicroclimate-02,11,3,Mar,22.782258064516128,61.516935483870974,6.806451612903226
ICTMicroclimate-02,11,4,Apr,19.96470588235294,59.87310924369748,6.5966386554621845
ICTMicroclimate-02,11,5,May,15.864393939393938,62.58712121212121,10.25
ICTMicroclimate-02,11,6,Jun,11.8675,76.71458333333334,10.270833333333334
ICTMicroclimate-02,11,7,Jul,11.805220883534137,77.26586345381526,10.096385542168674
ICTMicroclimate-02,11,8,Aug,14.043724696356277,66.79028340080971,10.396761133603238
ICTMicroclimate-02,11,9,Sep,15.30625,58.45166666666667,3.095833333333333
ICTMicroclimate-02,11,10,Oct,17.380161943319838,57.408502024291494,3.493927125506073
ICTMicroclimate-02,11,11,Nov,19.26125,59.35541666666666,3.9291666666666667
ICTMicroclimate-02,11,12,Dec,22.006048387096776,50.52782258064516,3.846774193548387
ICTMicroclimate-02,12,1,Jan,25.190322580645162,50.362096774193546,6.57258064516129
ICTMicroclimate-02,12,2,Feb,24.926000000000002,51.094,7.426666666666667
ICTMicroclimate-02,12,3,Mar,22.88095238095238,61.23095238095238,7.253968253968254
ICTMicroclimate-02,12,4,Apr,20.845000000000002,57.76916666666667,7.275
ICTMicroclimate-02,12,5,May,16.50375939849624,60.703759398496246,9.74436090225564
ICTMicroclimate-02,12,6,Jun,12.594936708860759,73.20464135021098,11.236286919831224
ICTMicroclimate-02,12,7,Jul,12.438617886178863,73.8630081300813,12.182926829268293
ICTMicroclimate-02,12,8,Aug,14.80080971659919,63.01174089068826,9.429149797570851
ICTMicroclimate-02,12,9,Sep,16.08284518828452,56.518410041841,3.8535564853556483
ICTMicroclimate-02,12,10,Oct,18.0331983805668,54.53198380566801,4.898785425101215
ICTMicroclimate-02,12,11,Nov,19.997008547008548,57.226068376068376,5.32051282051282
ICTMicroclimate-02,12,12,Dec,23.16872427983539,47.64855967078189,4.921810699588478
ICTMicroclimate-02,13,1,Jan,26.173599999999997,47.7196,6.348
ICTMicroclimate-02,13,2,Feb,25.462987012987014,51.56038961038961,9.512987012987013
ICTMicroclimate-02,13,3,Mar,24.15666666666667,56.9,7.133333333333334
ICTMicroclimate-02,13,4,Apr,22.016666666666666,54.61416666666666,7.4
ICTMicroclimate-02,13,5,May,17.765648854961835,56.577099236641224,10.641221374045802
ICTMicroclimate-02,13,6,Jun,13.250617283950618,69.70576131687243,10.728395061728396
ICTMicroclimate-02,13,7,Jul,12.942914979757086,71.8161943319838,10.497975708502024
ICTMicroclimate-02,13,8,Aug,15.867073170731706,58.425609756097565,9.459349593495935
ICTMicroclimate-02,13,9,Sep,16.551694915254238,54.81822033898305,4.567796610169491
ICTMicroclimate-02,13,10,Oct,19.213469387755104,50.492653061224495,4.910204081632653
ICTMicroclimate-02,13,11,Nov,20.810245901639345,54.19549180327869,5.721311475409836
ICTMicroclimate-02,13,12,Dec,23.854435483870965,46.079032258064515,5.741935483870968
ICTMicroclimate-02,14,1,Jan,26.554732510288066,47.01234567901235,6.016460905349795
ICTMicroclimate-02,14,2,Feb,25.638461538461538,51.33653846153846,7.512820512820513
ICTMicroclimate-02,14,3,Mar,25.13730158730159,53.57222222222222,6.380952380952381
ICTMicroclimate-02,14,4,Apr,22.198290598290598,54.5,6.418803418803419
ICTMicroclimate-02,14,5,May,17.883211678832115,55.61094890510949,9.255474452554745
ICTMicroclimate-02,14,6,Jun,13.56234309623431,66.49414225941423,7.372384937238493
ICTMicroclimate-02,14,7,Jul,13.175806451612903,70.81008064516129,9.153225806451612
ICTMicroclimate-02,14,8,Aug,16.162348178137652,57.00769230769231,7.983805668016195
ICTMicroclimate-02,14,9,Sep,16.67310924369748,54.55672268907563,3.3823529411764706
ICTMicroclimate-02,14,10,Oct,19.299999999999997,51.01411290322581,4.137096774193548
ICTMicroclimate-02,14,11,Nov,21.11957446808511,54.174893617021276,5.268085106382979
ICTMicroclimate-02,14,12,Dec,24.397975708502024,44.86234817813765,5.109311740890688
ICTMicroclimate-02,15,1,Jan,26.538709677419355,47.303225806451614,5.584677419354839
ICTMicroclimate-02,15,2,Feb,25.308441558441558,53.15779220779221,8.279220779220779
ICTMicroclimate-02,15,3,Mar,24.404,53.778400000000005,5.72
ICTMicroclimate-02,15,4,Apr,21.710169491525424,56.2093220338983,5.313559322033898
ICTMicroclimate-02,15,5,May,17.602941176470587,57.10073529411765,8.610294117647058
ICTMicroclimate-02,15,6,Jun,13.41784232365145,67.02448132780083,6.406639004149378
ICTMicroclimate-02,15,7,Jul,13.101234567901233,71.17736625514402,7.374485596707819
ICTMicroclimate-02,15,8,Aug,15.85142857142857,58.216734693877555,5.6938775510204085
ICTMicroclimate-02,15,9,Sep,16.863786008230452,54.77654320987654,3.3209876543209877
ICTMicroclimate-02,15,10,Oct,19.756451612903227,50.13629032258064,3.100806451612903
ICTMicroclimate-02,15,11,Nov,21.189583333333335,52.783750000000005,3.9291666666666667
ICTMicroclimate-02,15,12,Dec,24.46451612903226,45.04758064516129,4.096774193548387
ICTMicroclimate-02,16,1,Jan,26.293200000000002,48.4164,4.716
ICTMicroclimate-02,16,2,Feb,25.484076433121018,51.820382165605096,9.777070063694268
ICTMicroclimate-02,16,3,Mar,24.816129032258065,53.86774193548387,5.5
ICTMicroclimate-02,16,4,Apr,21.777685950413222,56.25123966942149,5.347107438016529
ICTMicroclimate-02,16,5,May,17.35112781954887,58.725563909774436,7.842105263157895
ICTMicroclimate-02,16,6,Jun,13.199141630901288,68.57982832618026,6.103004291845494
ICTMicroclimate-02,16,7,Jul,13.0320987654321,72.0925925925926,7.580246913580247
ICTMicroclimate-02,16,8,Aug,15.71532258064516,60.19233870967742,6.237903225806452
ICTMicroclimate-02,16,9,Sep,16.646382978723405,56.11702127659574,3.021276595744681
ICTMicroclimate-02,16,10,Oct,19.74798387096774,51.09516129032258,3.1330645161290325
ICTMicroclimate-02,16,11,Nov,21.16887966804979,53.88921161825726,3.871369294605809
ICTMicroclimate-02,16,12,Dec,24.242975206611572,46.7900826446281,4.140495867768595
ICTMicroclimate-02,17,1,Jan,25.54390243902439,51.32073170731707,5.747967479674797
ICTMicroclimate-02,17,2,Feb,24.670967741935485,54.73225806451613,8.167741935483871
ICTMicroclimate-02,17,3,Mar,24.26833333333333,56.873333333333335,6.158333333333333
ICTMicroclimate-02,17,4,Apr,21.154621848739495,59.02689075630252,7.243697478991597
ICTMicroclimate-02,17,5,May,16.90072463768116,60.63695652173913,9.028985507246377
ICTMicroclimate-02,17,6,Jun,12.865833333333335,70.96583333333334,8.1625
ICTMicroclimate-02,17,7,Jul,12.646963562753037,74.17732793522266,8.34008097165992
ICTMicroclimate-02,17,8,Aug,15.203265306122448,62.70979591836735,7.587755102040816
ICTMicroclimate-02,17,9,Sep,16.14708333333333,59.92583333333334,4.333333333333333
ICTMicroclimate-02,17,10,Oct,19.041152263374485,54.36378600823045,4.037037037037037
ICTMicroclimate-02,17,11,Nov,20.61297071129707,56.524686192468614,5.041841004184101
ICTMicroclimate-02,17,12,Dec,23.489243027888445,49.51752988047809,4.756972111553785
ICTMicroclimate-02,18,1,Jan,24.608097165991904,54.84453441295547,8.59919028340081
ICTMicroclimate-02,18,2,Feb,23.803225806451614,58.02,10.393548387096773
ICTMicroclimate-02,18,3,Mar,23.642276422764226,58.88373983739837,6.7560975609756095
ICTMicroclimate-02,18,4,Apr,20.484745762711864,61.4,9.559322033898304
ICTMicroclimate-02,18,5,May,16.557462686567163,61.927611940298505,11.567164179104477
ICTMicroclimate-02,18,6,Jun,12.535537190082644,72.28719008264463,11.764462809917354
ICTMicroclimate-02,18,7,Jul,12.2868,76.8756,11.46
ICTMicroclimate-02,18,8,Aug,14.731300813008131,65.1719512195122,10.83739837398374
ICTMicroclimate-02,18,9,Sep,15.501673640167365,63.35146443514645,7.150627615062762
ICTMicroclimate-02,18,10,Oct,18.304858299595143,57.94453441295546,7.615384615384615
ICTMicroclimate-02,18,11,Nov,19.787179487179486,60.01410256410256,8.017094017094017
ICTMicroclimate-02,18,12,Dec,22.681048387096773,52.79516129032258,6.536290322580645
ICTMicroclimate-02,19,1,Jan,23.790650406504064,57.46422764227643,9.077235772357724
ICTMicroclimate-02,19,2,Feb,23.019736842105264,61.04736842105264,10.25
ICTMicroclimate-02,19,3,Mar,22.947580645161292,61.567741935483866,9.306451612903226
ICTMicroclimate-02,19,4,Apr,19.949166666666667,64.0225,9.525
ICTMicroclimate-02,19,5,May,16.00074074074074,64.7,12.807407407407407
ICTMicroclimate-02,19,6,Jun,12.228936170212767,73.91787234042553,13.6
ICTMicroclimate-02,19,7,Jul,11.910121457489879,78.14008097165991,12.578947368421053
ICTMicroclimate-02,19,8,Aug,14.297211155378486,67.15737051792829,11.904382470119522
ICTMicroclimate-02,19,9,Sep,15.09704641350211,65.42362869198313,8.405063291139241
ICTMicroclimate-02,19,10,Oct,17.53614457831325,61.237349397590364,8.261044176706827
ICTMicroclimate-02,19,11,Nov,19.360330578512396,62.77768595041323,10.057851239669422
ICTMicroclimate-02,19,12,Dec,21.699176954732508,56.695884773662556,7.567901234567901
ICTMicroclimate-02,20,1,Jan,22.874596774193545,60.55443548387097,7.5
ICTMicroclimate-02,20,2,Feb,22.497435897435896,63.6448717948718,8.801282051282051
ICTMicroclimate-02,20,3,Mar,21.847154471544712,65.0691056910569,8.308943089430894
ICTMicroclimate-02,20,4,Apr,19.335897435897436,66.51709401709402,8.487179487179487
ICTMicroclimate-02,20,5,May,15.637209302325582,67.1046511627907,12.813953488372093
ICTMicroclimate-02,20,6,Jun,11.826446280991735,76.24834710743801,12.938016528925619
ICTMicroclimate-02,20,7,Jul,11.623673469387755,79.26816326530613,11.465306122448979
ICTMicroclimate-02,20,8,Aug,13.794693877551019,69.15183673469389,12.16734693877551
ICTMicroclimate-02,20,9,Sep,14.701652892561983,67.40330578512396,7.417355371900826
ICTMicroclimate-02,20,10,Oct,16.910569105691057,63.3630081300813,7.2317073170731705
ICTMicroclimate-02,20,11,Nov,18.5701244813278,65.74854771784233,8.796680497925312
ICTMicroclimate-02,20,12,Dec,20.903643724696355,59.45910931174089,7.153846153846154
ICTMicroclimate-02,21,1,Jan,21.851020408163265,63.96857142857142,6.795918367346939
ICTMicroclimate-02,21,2,Feb,21.37548387096774,66.55096774193548,7.67741935483871
ICTMicroclimate-02,21,3,Mar,21.52809917355372,65.22148760330579,7.5041322314049586
ICTMicroclimate-02,21,4,Apr,18.818487394957984,68.80084033613446,9.168067226890756
ICTMicroclimate-02,21,5,May,15.157575757575756,68.09469696969697,10.636363636363637
ICTMicroclimate-02,21,6,Jun,11.617647058823529,77.30126050420168,11.453781512605042
ICTMicroclimate-02,21,7,Jul,11.329674796747968,80.27520325203253,9.979674796747968
ICTMicroclimate-02,21,8,Aug,13.4052,71.662,11.868
ICTMicroclimate-02,21,9,Sep,14.324583333333333,68.70583333333335,6.229166666666667
ICTMicroclimate-02,21,10,Oct,16.403673469387755,64.58530612244898,5.8612244897959185
ICTMicroclimate-02,21,11,Nov,17.794560669456065,69.23430962343096,7.02928870292887
ICTMicroclimate-02,21,12,Dec,19.992712550607287,61.787044534412956,6.242914979757085
ICTMicroclimate-02,22,1,Jan,21.1888,66.0236,4.868
ICTMicroclimate-02,22,2,Feb,20.992105263157896,68.62105263157895,5.072368421052632
ICTMicroclimate-02,22,3,Mar,20.80703125,68.1296875,5.03125
ICTMicroclimate-02,22,4,Apr,18.439166666666665,69.37083333333334,6.425
ICTMicroclimate-02,22,5,May,14.84609375,69.66640625,10.2734375
ICTMicroclimate-02,22,6,Jun,11.327731092436975,78.60840336134453,10.693277310924369
ICTMicroclimate-02,22,7,Jul,11.1104,80.9508,8.308
ICTMicroclimate-02,22,8,Aug,12.84898785425101,74.42024291497975,11.016194331983806
ICTMicroclimate-02,22,9,Sep,14.042918454935622,69.73948497854077,4.32618025751073
ICTMicroclimate-02,22,10,Oct,15.811065573770492,67.16434426229507,4.188524590163935
ICTMicroclimate-02,22,11,Nov,17.17914893617021,71.24085106382978,4.791489361702127
ICTMicroclimate-02,22,12,Dec,19.14081632653061,63.959591836734695,4.0285714285714285
ICTMicroclimate-02,23,1,Jan,20.70242914979757,67.57449392712552,5.619433198380567
ICTMicroclimate-02,23,2,Feb,20.201273885350318,70.91210191082803,4.8789808917197455
ICTMicroclimate-02,23,3,Mar,20.20483870967742,71.41612903225807,5.225806451612903
ICTMicroclimate-02,23,4,Apr,17.95982905982906,70.9008547008547,6.222222222222222
ICTMicroclimate-02,23,5,May,14.488709677419354,70.08225806451614,10.596774193548388
ICTMicroclimate-02,23,6,Jun,11.05126050420168,79.45966386554622,11.508403361344538
ICTMicroclimate-02,23,7,Jul,10.88204081632653,81.69469387755102,8.424489795918367
ICTMicroclimate-02,23,8,Aug,12.538617886178862,75.28252032520325,10.475609756097562
ICTMicroclimate-02,23,9,Sep,13.652479338842976,70.6706611570248,4.2727272727272725
ICTMicroclimate-02,23,10,Oct,15.344715447154472,68.95162601626015,3.7764227642276422
ICTMicroclimate-02,23,11,Nov,16.77659574468085,72.89531914893618,4.651063829787234
ICTMicroclimate-02,23,12,Dec,18.57016129032258,66.04354838709678,3.350806451612903
ICTMicroclimate-03,0,1,Jan,19.6832,70.89880000000001,6.04
ICTMicroclimate-03,0,2,Feb,19.552799999999998,72.1968,4.6
ICTMicroclimate-03,0,3,Mar,19.123966942148762,76.10330578512396,4.785123966942149
ICTMicroclimate-03,0,4,Apr,17.177685950413224,74.65785123966943,6.462809917355372
ICTMicroclimate-03,0,5,May,13.614728682170542,72.44031007751937,8.705426356589147
ICTMicroclimate-03,0,6,Jun,10.408510638297873,82.23489361702129,10.719148936170212
ICTMicroclimate-03,0,7,Jul,10.204098360655738,84.33073770491804,7.487704918032787
ICTMicroclimate-03,0,8,Aug,11.514344262295081,79.01844262295081,10.897540983606557
ICTMicroclimate-03,0,9,Sep,13.04149377593361,71.92572614107883,4.464730290456432
ICTMicroclimate-03,0,10,Oct,14.49233870967742,72.09274193548387,4.060483870967742
ICTMicroclimate-03,0,11,Nov,15.89409282700422,75.77088607594936,4.9789029535864975
ICTMicroclimate-03,0,12,Dec,17.48875502008032,69.79839357429718,3.0441767068273093
ICTMicroclimate-03,1,1,Jan,19.209311740890687,73.1842105263158,4.319838056680162
ICTMicroclimate-03,1,2,Feb,19.171200000000002,73.112,4.496
ICTMicroclimate-03,1,3,Mar,18.9288,76.89280000000001,4.584
ICTMicroclimate-03,1,4,Apr,16.901666666666667,76.14666666666668,5.7
ICTMicroclimate-03,1,5,May,13.22846153846154,73.56846153846153,9.784615384615385
ICTMicroclimate-03,1,6,Jun,10.201673640167364,82.89790794979079,9.874476987447698
ICTMicroclimate-03,1,7,Jul,9.96491935483871,84.77943548387097,7.721774193548387
ICTMicroclimate-03,1,8,Aug,11.203252032520325,80.1089430894309,11.308943089430894
ICTMicroclimate-03,1,9,Sep,12.786134453781512,72.02605042016808,4.474789915966387
ICTMicroclimate-03,1,10,Oct,14.019672131147543,73.69180327868852,3.8934426229508197
ICTMicroclimate-03,1,11,Nov,15.42033195020747,76.38796680497926,4.672199170124482
ICTMicroclimate-03,1,12,Dec,17.077142857142857,71.04571428571428,2.926530612244898
ICTMicroclimate-03,2,1,Jan,18.848360655737704,74.28934426229507,3.8647540983606556
ICTMicroclimate-03,2,2,Feb,18.9869918699187,73.02926829268293,4.2682926829268295
ICTMicroclimate-03,2,3,Mar,18.715447154471544,78.39186991869919,4.626016260162602
ICTMicroclimate-03,2,4,Apr,16.36639344262295,77.8860655737705,5.795081967213115
ICTMicroclimate-03,2,5,May,12.856488549618321,74.48625954198474,9.763358778625955
ICTMicroclimate-03,2,6,Jun,10.0109243697479,83.84117647058824,10.865546218487395
ICTMicroclimate-03,2,7,Jul,9.778189300411523,85.48641975308642,8.411522633744855
ICTMicroclimate-03,2,8,Aug,10.925506072874494,80.76963562753036,11.048582995951417
ICTMicroclimate-03,2,9,Sep,12.543037974683543,72.3620253164557,4.523206751054852
ICTMicroclimate-03,2,10,Oct,13.556170212765956,74.80808510638299,3.668085106382979
ICTMicroclimate-03,2,11,Nov,15.273640167364016,77.38995815899582,4.627615062761507
ICTMicroclimate-03,2,12,Dec,16.84122448979592,71.6395918367347,3.0448979591836736
ICTMicroclimate-03,3,1,Jan,18.602008032128513,74.7,3.678714859437751
ICTMicroclimate-03,3,2,Feb,18.565322580645162,73.54112903225807,3.7580645161290325
ICTMicroclimate-03,3,3,Mar,18.328225806451613,78.36693548387096,4.290322580645161
ICTMicroclimate-03,3,4,Apr,16.1017094017094,80.44615384615385,5.47008547008547
ICTMicroclimate-03,3,5,May,12.675968992248063,74.91472868217055,10.255813953488373
ICTMicroclimate-03,3,6,Jun,9.828099173553719,84.34214876033057,10.177685950413224
ICTMicroclimate-03,3,7,Jul,9.538617886178862,86.38780487804878,8.373983739837398
ICTMicroclimate-03,3,8,Aug,10.62217741935484,82.08225806451614,10.419354838709678
ICTMicroclimate-03,3,9,Sep,12.17375,73.18916666666668,4.245833333333334
ICTMicroclimate-03,3,10,Oct,13.427016129032259,74.61451612903227,3.467741935483871
ICTMicroclimate-03,3,11,Nov,15.03723849372385,77.5100418410042,4.205020920502092
ICTMicroclimate-03,3,12,Dec,16.567871485943773,72.54377510040162,2.963855421686747
ICTMicroclimate-03,4,1,Jan,18.318699186991868,76.1280487804878,3.658536585365854
ICTMicroclimate-03,4,2,Feb,18.48467741935484,74.06451612903226,3.629032258064516
ICTMicroclimate-03,4,3,Mar,18.112903225806452,79.77016129032258,4.838709677419355
ICTMicroclimate-03,4,4,Apr,15.870833333333334,81.08833333333334,5.691666666666666
ICTMicroclimate-03,4,5,May,12.322556390977445,75.3842105263158,9.436090225563909
ICTMicroclimate-03,4,6,Jun,9.596666666666666,85.08375,9.779166666666667
ICTMicroclimate-03,4,7,Jul,9.380241935483872,86.99153225806452,7.693548387096774
ICTMicroclimate-03,4,8,Aug,10.433333333333334,82.669918699187,9.83739837398374
ICTMicroclimate-03,4,9,Sep,11.860669456066946,74.04811715481172,3.6066945606694563
ICTMicroclimate-03,4,10,Oct,13.193548387096774,74.39112903225806,3.475806451612903
ICTMicroclimate-03,4,11,Nov,14.669491525423728,79.58050847457628,4.779661016949152
ICTMicroclimate-03,4,12,Dec,16.240650406504063,72.8821138211382,2.5569105691056913
ICTMicroclimate-03,5,1,Jan,17.968312757201648,77.38683127572017,4.098765432098766
ICTMicroclimate-03,5,2,Feb,18.482926829268294,73.67479674796748,3.3983739837398375
ICTMicroclimate-03,5,3,Mar,17.979338842975206,80.74462809917355,4.768595041322314
ICTMicroclimate-03,5,4,Apr,15.82457627118644,79.87372881355932,5.3559322033898304
ICTMicroclimate-03,5,5,May,12.150381679389314,76.16717557251908,10.0
ICTMicroclimate-03,5,6,Jun,9.459493670886076,85.5282700421941,9.48945147679325
ICTMicroclimate-03,5,7,Jul,9.249795918367345,87.29061224489796,7.906122448979592
ICTMicroclimate-03,5,8,Aug,10.349799196787147,82.50682730923695,8.795180722891565
ICTMicroclimate-03,5,9,Sep,11.721097046413503,74.64303797468355,3.0632911392405062
ICTMicroclimate-03,5,10,Oct,13.090763052208835,74.26064257028114,3.3453815261044175
ICTMicroclimate-03,5,11,Nov,14.408196721311475,79.7483606557377,5.032786885245901
ICTMicroclimate-03,5,12,Dec,16.09717741935484,72.76733870967742,2.379032258064516
ICTMicroclimate-03,6,1,Jan,17.814,78.0392,4.98
ICTMicroclimate-03,6,2,Feb,18.30081300813008,73.61382113821138,3.6097560975609757
ICTMicroclimate-03,6,3,Mar,17.849999999999998,81.40952380952382,4.801587301587301
ICTMicroclimate-03,6,4,Apr,15.715966386554623,78.7983193277311,6.226890756302521
ICTMicroclimate-03,6,5,May,11.942857142857143,77.02481203007518,10.19548872180451
ICTMicroclimate-03,6,6,Jun,9.305,86.09291666666667,9.229166666666666
ICTMicroclimate-03,6,7,Jul,9.232113821138212,87.2349593495935,7.939024390243903
ICTMicroclimate-03,6,8,Aug,10.236693548387096,82.86653225806452,8.90725806451613
ICTMicroclimate-03,6,9,Sep,11.58375,75.35875,2.8958333333333335
ICTMicroclimate-03,6,10,Oct,12.921632653061225,75.14408163265306,3.4285714285714284
ICTMicroclimate-03,6,11,Nov,14.244117647058824,80.32689075630252,5.0
ICTMicroclimate-03,6,12,Dec,15.965573770491803,73.12090163934427,2.6188524590163933
ICTMicroclimate-03,7,1,Jan,18.02270916334661,76.90796812749005,6.00796812749004
ICTMicroclimate-03,7,2,Feb,18.349999999999998,73.5877049180328,4.024590163934426
ICTMicroclimate-03,7,3,Mar,17.703333333333333,81.96916666666667,5.358333333333333
ICTMicroclimate-03,7,4,Apr,15.826271186440678,78.19322033898304,6.567796610169491
ICTMicroclimate-03,7,5,May,11.829007633587786,77.04809160305344,11.007633587786259
ICTMicroclimate-03,7,6,Jun,9.210970464135022,86.20126582278482,10.0
ICTMicroclimate-03,7,7,Jul,9.152049180327868,87.1344262295082,8.549180327868852
ICTMicroclimate-03,7,8,Aug,10.18530612244898,83.22734693877551,9.081632653061224
ICTMicroclimate-03,7,9,Sep,11.796265560165976,74.73360995850622,3.195020746887967
ICTMicroclimate-03,7,10,Oct,13.119200000000001,73.846,3.656
ICTMicroclimate-03,7,11,Nov,14.404149377593361,78.60622406639004,5.273858921161826
ICTMicroclimate-03,7,12,Dec,16.473599999999998,71.2012,2.74
ICTMicroclimate-03,8,1,Jan,18.82689075630252,73.02436974789916,5.525210084033613
ICTMicroclimate-03,8,2,Feb,19.0568,71.03439999999999,4.832
ICTMicroclimate-03,8,3,Mar,18.101574803149607,80.43937007874015,5.881889763779528
ICTMicroclimate-03,8,4,Apr,16.416666666666668,75.2025,7.166666666666667
ICTMicroclimate-03,8,5,May,12.277952755905511,75.18740157480315,11.433070866141732
ICTMicroclimate-03,8,6,Jun,9.400420168067228,85.75714285714287,10.1890756302521
ICTMicroclimate-03,8,7,Jul,9.3416,86.0264,8.344
ICTMicroclimate-03,8,8,Aug,10.602822580645162,81.10604838709678,10.056451612903226
ICTMicroclimate-03,8,9,Sep,12.823109243697479,70.19663865546218,3.3403361344537816
ICTMicroclimate-03,8,10,Oct,13.917073170731706,71.3260162601626,4.479674796747967
ICTMicroclimate-03,8,11,Nov,15.314345991561181,75.02995780590717,5.109704641350211
ICTMicroclimate-03,8,12,Dec,17.546747967479675,66.92154471544715,2.6097560975609757
ICTMicroclimate-03,9,1,Jan,20.109236947791164,66.94939759036146,5.959839357429719
ICTMicroclimate-03,9,2,Feb,20.0072,66.9152,4.248
ICTMicroclimate-03,9,3,Mar,19.216101694915253,76.2135593220339,5.898305084745763
ICTMicroclimate-03,9,4,Apr,17.944915254237287,68.58050847457628,6.398305084745763
ICTMicroclimate-03,9,5,May,14.146969696969697,68.1280303030303,11.5
ICTMicroclimate-03,9,6,Jun,10.405042016806723,82.08487394957983,9.760504201680673
ICTMicroclimate-03,9,7,Jul,10.359349593495935,81.9369918699187,8.94308943089431
ICTMicroclimate-03,9,8,Aug,12.26153846153846,74.60121457489879,10.016194331983806
ICTMicroclimate-03,9,9,Sep,14.17094017094017,63.74145299145299,3.1709401709401708
ICTMicroclimate-03,9,10,Oct,15.06530612244898,66.00489795918368,3.5183673469387755
ICTMicroclimate-03,9,11,Nov,16.360504201680673,70.86344537815125,4.76890756302521
ICTMicroclimate-03,9,12,Dec,18.999596774193545,60.60282258064516,2.528225806451613
ICTMicroclimate-03,10,1,Jan,21.540650406504064,61.13008130081301,5.467479674796748
ICTMicroclimate-03,10,2,Feb,21.701626016260164,59.96910569105691,4.430894308943089
ICTMicroclimate-03,10,3,Mar,20.918400000000002,68.7992,5.664
ICTMicroclimate-03,10,4,Apr,19.404999999999998,62.016666666666666,5.633333333333334
ICTMicroclimate-03,10,5,May,15.646564885496181,62.008396946564886,10.725190839694656
ICTMicroclimate-03,10,6,Jun,11.267364016736401,78.93472803347281,9.832635983263598
ICTMicroclimate-03,10,7,Jul,11.351440329218107,77.79341563786008,8.934156378600823
ICTMicroclimate-03,10,8,Aug,13.600403225806453,68.67620967741935,8.798387096774194
ICTMicroclimate-03,10,9,Sep,14.864754098360656,59.989754098360656,2.389344262295082
ICTMicroclimate-03,10,10,Oct,16.343775100401604,60.33775100401606,3.2570281124497993
ICTMicroclimate-03,10,11,Nov,17.625941422594146,65.41799163179917,4.422594142259414
ICTMicroclimate-03,10,12,Dec,20.141869918699186,56.50569105691057,2.6504065040650406
ICTMicroclimate-03,11,1,Jan,22.888663967611336,56.855465587044534,4.813765182186235
ICTMicroclimate-03,11,2,Feb,23.036,55.0904,4.6
ICTMicroclimate-03,11,3,Mar,22.01869918699187,63.364227642276425,5.308943089430894
ICTMicroclimate-03,11,4,Apr,20.5603305785124,57.81570247933884,5.355371900826446
ICTMicroclimate-03,11,5,May,16.537593984962406,59.37819548872181,7.323308270676692
ICTMicroclimate-03,11,6,Jun,12.230125523012552,74.02426778242678,8.380753138075313
ICTMicroclimate-03,11,7,Jul,12.257085020242915,74.51497975708503,8.550607287449393
ICTMicroclimate-03,11,8,Aug,14.745934959349594,62.889837398373984,7.2073170731707314
ICTMicroclimate-03,11,9,Sep,15.710504201680672,56.377731092436974,2.668067226890756
ICTMicroclimate-03,11,10,Oct,17.00530612244898,57.790612244897964,3.5183673469387755
ICTMicroclimate-03,11,11,Nov,18.677178423236512,60.59709543568464,3.900414937759336
ICTMicroclimate-03,11,12,Dec,21.198367346938777,52.67306122448979,2.910204081632653
ICTMicroclimate-03,12,1,Jan,23.602008032128513,55.14979919678714,4.734939759036145
ICTMicroclimate-03,12,2,Feb,24.029310344827586,53.16982758620689,5.5
ICTMicroclimate-03,12,3,Mar,23.0152,60.492,5.384
ICTMicroclimate-03,12,4,Apr,21.1925,56.10666666666667,5.191666666666666
ICTMicroclimate-03,12,5,May,17.0203125,58.11015625,7.09375
ICTMicroclimate-03,12,6,Jun,12.832067510548523,70.94261603375529,7.8691983122362865
ICTMicroclimate-03,12,7,Jul,12.711428571428572,71.44367346938776,9.048979591836735
ICTMicroclimate-03,12,8,Aug,15.451807228915662,59.46666666666667,7.008032128514056
ICTMicroclimate-03,12,9,Sep,16.154661016949152,55.519067796610166,3.75
ICTMicroclimate-03,12,10,Oct,17.64032258064516,54.98629032258064,4.32258064516129
ICTMicroclimate-03,12,11,Nov,19.168776371308017,58.91940928270042,4.708860759493671
ICTMicroclimate-03,12,12,Dec,21.631836734693877,51.53673469387755,3.7551020408163267
ICTMicroclimate-03,13,1,Jan,24.32612244897959,53.27591836734694,4.669387755102041
ICTMicroclimate-03,13,2,Feb,24.088429752066116,53.96115702479339,6.099173553719008
ICTMicroclimate-03,13,3,Mar,23.684552845528454,57.765040650406505,5.211382113821138
ICTMicroclimate-03,13,4,Apr,21.643103448275863,55.11120689655172,5.172413793103448
ICTMicroclimate-03,13,5,May,17.61969696969697,55.96439393939394,6.916666666666667
ICTMicroclimate-03,13,6,Jun,13.158995815899582,68.41715481171549,7.117154811715481
ICTMicroclimate-03,13,7,Jul,13.0632,70.2976,8.128
ICTMicroclimate-03,13,8,Aug,15.958870967741936,57.08951612903226,6.504032258064516
ICTMicroclimate-03,13,9,Sep,16.343096234309623,55.36401673640167,3.280334728033473
ICTMicroclimate-03,13,10,Oct,18.36,52.267755102040816,4.142857142857143
ICTMicroclimate-03,13,11,Nov,19.511203319502073,57.46970954356847,4.8962655601659755
ICTMicroclimate-03,13,12,Dec,22.24578313253012,50.075502008032124,3.7751004016064256
ICTMicroclimate-03,14,1,Jan,24.53614457831325,52.871084337349394,4.530120481927711
ICTMicroclimate-03,14,2,Feb,24.501639344262294,53.42622950819672,6.270491803278689
ICTMicroclimate-03,14,3,Mar,23.958064516129035,55.90564516129032,4.943548387096774
ICTMicroclimate-03,14,4,Apr,21.976666666666667,54.56166666666666,4.958333333333333
ICTMicroclimate-03,14,5,May,17.89851851851852,55.351851851851855,6.925925925925926
ICTMicroclimate-03,14,6,Jun,13.41625,65.88625,5.241666666666666
ICTMicroclimate-03,14,7,Jul,13.00204081632653,70.66897959183675,7.048979591836734
ICTMicroclimate-03,14,8,Aug,16.19392712550607,55.95668016194332,5.558704453441296
ICTMicroclimate-03,14,9,Sep,16.69875,54.247499999999995,3.1458333333333335
ICTMicroclimate-03,14,10,Oct,18.71004016064257,52.395983935742976,3.6867469879518073
ICTMicroclimate-03,14,11,Nov,19.872457627118642,56.39237288135593,4.716101694915254
ICTMicroclimate-03,14,12,Dec,22.52701612903226,49.685483870967744,3.6451612903225805
ICTMicroclimate-03,15,1,Jan,24.701214574898785,52.896356275303646,4.473684210526316
ICTMicroclimate-03,15,2,Feb,24.629059829059827,54.78376068376068,7.735042735042735
ICTMicroclimate-03,15,3,Mar,24.337903225806453,53.902419354838706,4.443548387096774
ICTMicroclimate-03,15,4,Apr,21.960330578512394,55.07603305785124,4.735537190082645
ICTMicroclimate-03,15,5,May,17.566666666666666,55.98478260869565,6.427536231884058
ICTMicroclimate-03,15,6,Jun,13.093248945147678,67.55105485232068,4.658227848101266
ICTMicroclimate-03,15,7,Jul,12.93008130081301,71.01910569105691,6.134146341463414
ICTMicroclimate-03,15,8,Aug,15.954655870445343,57.26599190283401,4.821862348178137
ICTMicroclimate-03,15,9,Sep,16.59746835443038,55.175105485232066,2.957805907172996
ICTMicroclimate-03,15,10,Oct,19.063967611336032,51.591497975708506,3.2753036437246963
ICTMicroclimate-03,15,11,Nov,20.34831932773109,55.18319327731093,3.9243697478991595
ICTMicroclimate-03,15,12,Dec,22.749794238683126,49.391769547325104,3.213991769547325
ICTMicroclimate-03,16,1,Jan,24.814285714285713,52.979183673469386,3.804081632653061
ICTMicroclimate-03,16,2,Feb,24.52,54.07083333333333,8.375
ICTMicroclimate-03,16,3,Mar,24.07704918032787,55.22950819672131,4.295081967213115
ICTMicroclimate-03,16,4,Apr,21.143801652892563,57.82644628099174,4.75206611570248
ICTMicroclimate-03,16,5,May,16.901503759398498,59.109022556390975,6.165413533834586
ICTMicroclimate-03,16,6,Jun,12.766666666666667,69.50500000000001,4.804166666666666
ICTMicroclimate-03,16,7,Jul,12.651219512195121,72.6308943089431,6.313008130081301
ICTMicroclimate-03,16,8,Aug,15.371255060728744,60.76113360323887,5.242914979757085
ICTMicroclimate-03,16,9,Sep,16.380334728033475,56.58995815899581,3.4435146443514646
ICTMicroclimate-03,16,10,Oct,19.004489795918367,53.33469387755102,3.2979591836734694
ICTMicroclimate-03,16,11,Nov,20.41898734177215,56.07974683544304,3.9873417721518987
ICTMicroclimate-03,16,12,Dec,22.91829268292683,50.212195121951225,3.113821138211382
ICTMicroclimate-03,17,1,Jan,24.74072580645161,54.002419354838715,4.19758064516129
ICTMicroclimate-03,17,2,Feb,24.23801652892562,55.58347107438017,8.40495867768595
ICTMicroclimate-03,17,3,Mar,23.45483870967742,59.0,5.290322580645161
ICTMicroclimate-03,17,4,Apr,20.578151260504203,60.634453781512605,6.336134453781512
ICTMicroclimate-03,17,5,May,16.420588235294115,61.95808823529411,7.9411764705882355
ICTMicroclimate-03,17,6,Jun,12.388510638297873,71.88170212765958,6.821276595744681
ICTMicroclimate-03,17,7,Jul,12.29795918367347,74.80938775510204,7.563265306122449
ICTMicroclimate-03,17,8,Aug,14.789837398373985,63.78211382113821,6.495934959349594
ICTMicroclimate-03,17,9,Sep,15.665416666666665,61.01166666666666,4.579166666666667
ICTMicroclimate-03,17,10,Oct,18.33400809716599,56.58178137651822,4.902834008097166
ICTMicroclimate-03,17,11,Nov,19.83677685950413,58.71487603305785,4.652892561983471
ICTMicroclimate-03,17,12,Dec,22.44578313253012,52.40883534136546,3.7590361445783134
ICTMicroclimate-03,18,1,Jan,23.922672064777327,56.876113360323885,5.6882591093117405
ICTMicroclimate-03,18,2,Feb,23.442735042735045,58.76239316239316,8.675213675213675
ICTMicroclimate-03,18,3,Mar,22.773387096774194,61.4483870967742,6.443548387096774
ICTMicroclimate-03,18,4,Apr,20.101666666666667,62.035,8.866666666666667
ICTMicroclimate-03,18,5,May,16.033333333333335,63.60444444444445,10.97037037037037
ICTMicroclimate-03,18,6,Jun,12.02563025210084,73.86848739495798,11.105042016806722
ICTMicroclimate-03,18,7,Jul,11.867871485943775,77.5004016064257,11.389558232931726
ICTMicroclimate-03,18,8,Aug,14.239357429718876,66.55983935742972,11.421686746987952
ICTMicroclimate-03,18,9,Sep,15.05020920502092,64.58744769874477,7.916317991631799
ICTMicroclimate-03,18,10,Oct,17.705668016194334,59.44412955465587,6.627530364372469
ICTMicroclimate-03,18,11,Nov,19.333891213389123,61.417154811715484,6.435146443514644
ICTMicroclimate-03,18,12,Dec,22.015384615384615,55.02267206477733,4.704453441295547
ICTMicroclimate-03,19,1,Jan,23.05850622406639,60.00622406639004,5.970954356846473
ICTMicroclimate-03,19,2,Feb,22.52377049180328,61.6327868852459,7.467213114754099
ICTMicroclimate-03,19,3,Mar,22.280327868852456,63.63770491803279,7.483606557377049
ICTMicroclimate-03,19,4,Apr,19.485470085470087,64.66239316239316,9.88888888888889
ICTMicroclimate-03,19,5,May,15.570802919708028,66.392700729927,12.474452554744525
ICTMicroclimate-03,19,6,Jun,11.7275,75.57541666666665,14.879166666666666
ICTMicroclimate-03,19,7,Jul,11.45289256198347,79.57148760330578,13.074380165289256
ICTMicroclimate-03,19,8,Aug,13.861943319838057,68.51133603238866,13.506072874493928
ICTMicroclimate-03,19,9,Sep,14.67375,66.75458333333333,9.058333333333334
ICTMicroclimate-03,19,10,Oct,16.900813008130083,63.265853658536585,8.252032520325203
ICTMicroclimate-03,19,11,Nov,18.510416666666668,65.13958333333333,7.7125
ICTMicroclimate-03,19,12,Dec,21.138617886178864,58.50772357723577,5.540650406504065
ICTMicroclimate-03,20,1,Jan,22.11260162601626,62.83983739837399,5.439024390243903
ICTMicroclimate-03,20,2,Feb,21.84871794871795,63.95470085470085,7.162393162393163
ICTMicroclimate-03,20,3,Mar,21.66747967479675,65.47723577235772,7.284552845528455
ICTMicroclimate-03,20,4,Apr,18.9025,68.09833333333333,10.1
ICTMicroclimate-03,20,5,May,15.077519379844961,68.96279069767442,12.51937984496124
ICTMicroclimate-03,20,6,Jun,11.371548117154813,77.736820083682,12.569037656903765
ICTMicroclimate-03,20,7,Jul,11.211290322580645,80.27459677419354,12.298387096774194
ICTMicroclimate-03,20,8,Aug,13.386746987951808,70.39357429718875,13.847389558232932
ICTMicroclimate-03,20,9,Sep,14.288333333333332,68.60458333333332,8.329166666666667
ICTMicroclimate-03,20,10,Oct,16.30040650406504,65.40081300813009,7.650406504065041
ICTMicroclimate-03,20,11,Nov,18.045378151260504,67.63067226890756,8.025210084033613
ICTMicroclimate-03,20,12,Dec,20.090283400809717,62.1246963562753,5.623481781376518
ICTMicroclimate-03,21,1,Jan,21.187550200803212,66.24939759036144,4.983935742971887
ICTMicroclimate-03,21,2,Feb,21.292561983471074,65.50413223140495,5.578512396694215
ICTMicroclimate-03,21,3,Mar,20.991129032258065,67.26451612903226,7.016129032258065
ICTMicroclimate-03,21,4,Apr,18.42892561983471,69.65289256198348,8.264462809917354
ICTMicroclimate-03,21,5,May,14.810526315789474,69.33007518796992,10.172932330827068
ICTMicroclimate-03,21,6,Jun,11.130508474576272,79.06991525423729,11.364406779661017
ICTMicroclimate-03,21,7,Jul,10.8665306122449,81.81224489795919,10.640816326530611
ICTMicroclimate-03,21,8,Aug,12.958536585365854,73.04227642276423,12.113821138211382
ICTMicroclimate-03,21,9,Sep,13.972689075630251,69.86260504201681,6.449579831932773
ICTMicroclimate-03,21,10,Oct,15.914574898785425,66.07732793522267,6.238866396761134
ICTMicroclimate-03,21,11,Nov,17.280416666666667,70.68625,6.441666666666666
ICTMicroclimate-03,21,12,Dec,19.4260162601626,63.84430894308943,5.040650406504065
ICTMicroclimate-03,22,1,Jan,20.625409836065575,68.20204918032786,3.971311475409836
ICTMicroclimate-03,22,2,Feb,20.325833333333332,70.39833333333333,5.158333333333333
ICTMicroclimate-03,22,3,Mar,20.021951219512193,71.1739837398374,4.6016260162601625
ICTMicroclimate-03,22,4,Apr,17.95508474576271,71.5906779661017,6.262711864406779
ICTMicroclimate-03,22,5,May,14.287878787878787,70.8810606060606,9.18939393939394
ICTMicroclimate-03,22,6,Jun,10.817446808510638,80.05872340425532,10.548936170212766
ICTMicroclimate-03,22,7,Jul,10.66733870967742,82.21612903225805,8.310483870967742
ICTMicroclimate-03,22,8,Aug,12.482591093117408,75.29757085020243,10.757085020242915
ICTMicroclimate-03,22,9,Sep,13.623012552301256,71.00627615062761,5.066945606694561
ICTMicroclimate-03,22,10,Oct,15.27295081967213,69.2811475409836,4.860655737704918
ICTMicroclimate-03,22,11,Nov,16.676495726495727,72.83119658119658,4.867521367521367
ICTMicroclimate-03,22,12,Dec,18.532,66.2712,3.744
ICTMicroclimate-03,23,1,Jan,20.024489795918367,70.10367346938776,4.755102040816326
ICTMicroclimate-03,23,2,Feb,19.93846153846154,71.36324786324786,4.521367521367521
ICTMicroclimate-03,23,3,Mar,19.833870967741937,72.9016129032258,4.75
ICTMicroclimate-03,23,4,Apr,17.5218487394958,72.17394957983194,5.932773109243698
ICTMicroclimate-03,23,5,May,13.883969465648855,72.13969465648854,9.938931297709924
ICTMicroclimate-03,23,6,Jun,10.59917695473251,80.97201646090535,10.469135802469136
ICTMicroclimate-03,23,7,Jul,10.409756097560976,83.1821138211382,7.926829268292683
ICTMicroclimate-03,23,8,Aug,12.080566801619433,76.80688259109311,10.319838056680162
ICTMicroclimate-03,23,9,Sep,13.323849372384938,71.73138075313807,4.652719665271967
ICTMicroclimate-03,23,10,Oct,14.902777777777779,70.35634920634921,4.253968253968254
ICTMicroclimate-03,23,11,Nov,16.21708333333333,74.9,4.820833333333334
ICTMicroclimate-03,23,12,Dec,17.9869918699187,68.17276422764228,2.9430894308943087
ICTMicroclimate-04,0,1,Jan,20.245967741935484,65.0725806451613,3.3629032258064515
ICTMicroclimate-04,0,2,Feb,20.208928571428572,66.65446428571428,5.803571428571429
ICTMicroclimate-04,0,3,Mar,19.561290322580643,69.06532258064516,6.008064516129032
ICTMicroclimate-04,0,4,Apr,17.500840336134452,67.80924369747899,6.65546218487395
ICTMicroclimate-04,0,5,May,13.435294117647059,66.97142857142858,8.747899159663865
ICTMicroclimate-04,0,6,Jun,11.695833333333333,64.77083333333333,15.166666666666666
ICTMicroclimate-04,0,9,Sep,12.766666666666666,67.33645833333334,4.458333333333333
ICTMicroclimate-04,0,10,Oct,15.131707317073172,65.85609756097561,3.3902439024390243
ICTMicroclimate-04,0,11,Nov,17.721848739495798,65.31428571428572,5.638655462184874
ICTMicroclimate-04,0,12,Dec,18.69918699186992,64.8569105691057,2.926829268292683
ICTMicroclimate-04,1,1,Jan,19.85967741935484,65.8258064516129,3.3548387096774195
ICTMicroclimate-04,1,2,Feb,19.869642857142857,67.50714285714285,5.214285714285714
ICTMicroclimate-04,1,3,Mar,19.220967741935485,69.83387096774193,4.919354838709677
ICTMicroclimate-04,1,4,Apr,17.06833333333333,69.56333333333333,6.433333333333334
ICTMicroclimate-04,1,5,May,13.048387096774194,68.16209677419356,9.193548387096774
ICTMicroclimate-04,1,6,Jun,11.2875,66.10000000000001,17.25
ICTMicroclimate-04,1,9,Sep,12.492708333333333,67.61562500000001,4.927083333333333
ICTMicroclimate-04,1,10,Oct,14.726612903225806,66.81854838709677,3.274193548387097
ICTMicroclimate-04,1,11,Nov,17.308333333333334,65.64916666666666,5.408333333333333
ICTMicroclimate-04,1,12,Dec,18.433870967741935,65.49112903225806,2.911290322580645
ICTMicroclimate-04,2,1,Jan,19.340983606557376,67.44590163934426,3.3114754098360657
ICTMicroclimate-04,2,2,Feb,19.62232142857143,67.56875,5.258928571428571
ICTMicroclimate-04,2,3,Mar,18.942276422764227,70.66829268292683,4.585365853658536
ICTMicroclimate-04,2,4,Apr,16.226612903225806,72.08225806451614,6.048387096774194
ICTMicroclimate-04,2,5,May,12.640650406504065,69.12276422764228,9.910569105691057
ICTMicroclimate-04,2,6,Jun,11.216666666666667,66.68333333333334,17.25
ICTMicroclimate-04,2,9,Sep,12.254166666666668,67.74270833333334,5.760416666666667
ICTMicroclimate-04,2,10,Oct,14.386666666666667,67.53333333333333,2.966666666666667
ICTMicroclimate-04,2,11,Nov,16.92016806722689,66.69327731092437,5.630252100840337
ICTMicroclimate-04,2,12,Dec,18.05483870967742,66.59516129032258,2.5161290322580645
ICTMicroclimate-04,3,1,Jan,19.07903225806452,67.92338709677419,3.306451612903226
ICTMicroclimate-04,3,2,Feb,19.05892857142857,69.85178571428571,5.053571428571429
ICTMicroclimate-04,3,3,Mar,18.551612903225806,72.03548387096774,4.338709677419355
ICTMicroclimate-04,3,4,Apr,16.100833333333334,73.34583333333333,6.55
ICTMicroclimate-04,3,5,May,12.483870967741936,69.02580645161291,10.0
ICTMicroclimate-04,3,6,Jun,11.41904761904762,65.68571428571428,17.857142857142858
ICTMicroclimate-04,3,9,Sep,12.005208333333334,68.50937499999999,5.916666666666667
ICTMicroclimate-04,3,10,Oct,14.053658536585365,68.42764227642277,3.008130081300813
ICTMicroclimate-04,3,11,Nov,16.725833333333334,67.67083333333333,5.716666666666667
ICTMicroclimate-04,3,12,Dec,17.718852459016393,67.16065573770491,2.69672131147541
ICTMicroclimate-04,4,1,Jan,18.237903225806452,71.84677419354838,3.2419354838709675
ICTMicroclimate-04,4,2,Feb,18.627027027027026,70.59909909909909,5.036036036036036
ICTMicroclimate-04,4,3,Mar,18.366666666666667,72.47886178861788,4.414634146341464
ICTMicroclimate-04,4,4,Apr,15.9375,73.60583333333334,5.7
ICTMicroclimate-04,4,5,May,12.165573770491804,69.36475409836065,8.450819672131148
ICTMicroclimate-04,4,6,Jun,11.415000000000001,65.91499999999999,17.25
ICTMicroclimate-04,4,9,Sep,11.782291666666666,68.9875,5.895833333333333
ICTMicroclimate-04,4,10,Oct,13.85725806451613,68.36290322580645,3.0806451612903225
ICTMicroclimate-04,4,11,Nov,16.0825,70.24916666666667,5.791666666666667
ICTMicroclimate-04,4,12,Dec,17.504878048780487,67.47642276422765,2.7642276422764227
ICTMicroclimate-04,5,1,Jan,17.98225806451613,72.06370967741935,3.3548387096774195
ICTMicroclimate-04,5,2,Feb,18.883928571428573,69.14107142857144,5.589285714285714
ICTMicroclimate-04,5,3,Mar,18.2241935483871,73.12741935483871,4.895161290322581
ICTMicroclimate-04,5,4,Apr,15.893333333333334,72.72083333333333,5.425
ICTMicroclimate-04,5,5,May,11.924590163934425,70.28360655737706,7.918032786885246
ICTMicroclimate-04,5,6,Jun,11.8625,66.03125,18.25
ICTMicroclimate-04,5,9,Sep,11.59578947368421,69.34421052631579,5.2105263157894735
ICTMicroclimate-04,5,10,Oct,13.670731707317072,68.76016260162602,3.1219512195121952
ICTMicroclimate-04,5,11,Nov,15.876666666666667,69.8575,5.375
ICTMicroclimate-04,5,12,Dec,17.247154471544714,67.81463414634148,2.707317073170732
ICTMicroclimate-04,6,1,Jan,18.096774193548388,70.6032258064516,3.596774193548387
ICTMicroclimate-04,6,2,Feb,18.978571428571428,68.19732142857143,5.803571428571429
ICTMicroclimate-04,6,3,Mar,18.16829268292683,73.40325203252033,5.284552845528455
ICTMicroclimate-04,6,4,Apr,15.877118644067796,72.22203389830509,5.745762711864407
ICTMicroclimate-04,6,5,May,11.734677419354838,70.58629032258065,7.92741935483871
ICTMicroclimate-04,6,6,Jun,12.0,67.03125,18.25
ICTMicroclimate-04,6,9,Sep,11.497916666666667,69.11145833333333,5.90625
ICTMicroclimate-04,6,10,Oct,13.541129032258064,69.46209677419354,3.0403225806451615
ICTMicroclimate-04,6,11,Nov,15.9725,69.08416666666668,4.908333333333333
ICTMicroclimate-04,6,12,Dec,17.209756097560977,67.94471544715448,2.7398373983739837
ICTMicroclimate-04,7,1,Jan,18.604032258064517,68.02903225806452,3.806451612903226
ICTMicroclimate-04,7,2,Feb,19.2,67.3709090909091,6.036363636363636
ICTMicroclimate-04,7,3,Mar,17.966129032258067,74.22983870967742,4.790322580645161
ICTMicroclimate-04,7,4,Apr,16.06416666666667,70.79166666666667,5.891666666666667
ICTMicroclimate-04,7,5,May,11.663709677419355,70.50645161290322,7.935483870967742
ICTMicroclimate-04,7,6,Jun,12.047058823529412,65.02352941176471,18.176470588235293
ICTMicroclimate-04,7,9,Sep,12.090625000000001,67.05208333333333,5.864583333333333
ICTMicroclimate-04,7,10,Oct,13.754032258064516,69.22741935483872,3.225806451612903
ICTMicroclimate-04,7,11,Nov,16.273333333333333,68.83500000000001,4.883333333333334
ICTMicroclimate-04,7,12,Dec,18.026829268292683,65.73170731707317,2.682926829268293
ICTMicroclimate-04,8,1,Jan,19.529268292682925,64.29512195121951,3.796747967479675
ICTMicroclimate-04,8,2,Feb,19.730357142857144,65.91517857142857,5.598214285714286
ICTMicroclimate-04,8,3,Mar,18.506451612903227,72.86774193548388,4.580645161290323
ICTMicroclimate-04,8,4,Apr,17.161344537815125,67.26386554621848,6.025210084033613
ICTMicroclimate-04,8,5,May,12.850000000000001,67.5241935483871,7.935483870967742
ICTMicroclimate-04,8,6,Jun,11.415999999999999,65.392,15.08
ICTMicroclimate-04,8,7,Jul,9.766666666666666,72.83333333333333,2.0
ICTMicroclimate-04,8,9,Sep,13.517999999999999,62.178000000000004,5.7
ICTMicroclimate-04,8,10,Oct,14.808064516129033,66.20241935483871,3.661290322580645
ICTMicroclimate-04,8,11,Nov,17.392436974789913,66.03109243697479,5.579831932773109
ICTMicroclimate-04,8,12,Dec,19.179032258064513,62.178225806451614,2.6693548387096775
ICTMicroclimate-04,9,1,Jan,21.203252032520325,58.83577235772358,3.7804878048780486
ICTMicroclimate-04,9,2,Feb,21.1125,61.738392857142856,5.0625
ICTMicroclimate-04,9,3,Mar,19.93821138211382,68.24634146341462,4.617886178861789
ICTMicroclimate-04,9,4,Apr,19.180833333333332,60.357499999999995,6.133333333333334
ICTMicroclimate-04,9,5,May,15.661290322580646,59.0758064516129,8.42741935483871
ICTMicroclimate-04,9,6,Jun,13.272,60.956,18.6
ICTMicroclimate-04,9,9,Sep,14.679,57.893,5.72
ICTMicroclimate-04,9,10,Oct,16.120967741935484,61.281451612903226,4.056451612903226
ICTMicroclimate-04,9,11,Nov,18.657500000000002,61.961666666666666,5.833333333333333
ICTMicroclimate-04,9,12,Dec,20.868548387096773,56.73225806451613,2.7338709677419355
ICTMicroclimate-04,10,1,Jan,22.174999999999997,55.601612903225806,3.6129032258064515
ICTMicroclimate-04,10,2,Feb,22.291071428571428,57.848214285714285,4.946428571428571
ICTMicroclimate-04,10,3,Mar,21.336290322580645,63.12016129032258,5.07258064516129
ICTMicroclimate-04,10,4,Apr,20.389166666666664,56.3075,5.475
ICTMicroclimate-04,10,5,May,17.141463414634146,54.58292682926829,9.463414634146341
ICTMicroclimate-04,10,6,Jun,14.230434782608697,56.28695652173913,17.782608695652176
ICTMicroclimate-04,10,9,Sep,15.372,56.265,5.12
ICTMicroclimate-04,10,10,Oct,17.35241935483871,57.08709677419355,4.120967741935484
ICTMicroclimate-04,10,11,Nov,19.765546218487394,59.036974789915966,5.369747899159663
ICTMicroclimate-04,10,12,Dec,21.903225806451612,53.553225806451614,2.7983870967741935
ICTMicroclimate-04,11,1,Jan,23.35241935483871,52.99112903225806,3.435483870967742
ICTMicroclimate-04,11,2,Feb,23.799107142857142,54.122321428571425,4.910714285714286
ICTMicroclimate-04,11,3,Mar,23.159349593495936,57.63821138211382,5.016260162601626
ICTMicroclimate-04,11,4,Apr,21.0875,54.417500000000004,5.408333333333333
ICTMicroclimate-04,11,5,May,16.56048387096774,56.567741935483866,9.17741935483871
ICTMicroclimate-04,11,6,Jun,14.243478260869566,55.58695652173913,17.782608695652176
ICTMicroclimate-04,11,9,Sep,15.816161616161615,54.72121212121212,2.9494949494949494
ICTMicroclimate-04,11,10,Oct,18.357723577235774,54.51219512195122,4.0
ICTMicroclimate-04,11,11,Nov,20.87,55.79666666666667,5.125
ICTMicroclimate-04,11,12,Dec,22.856451612903225,50.28709677419355,2.911290322580645
ICTMicroclimate-04,12,1,Jan,23.867479674796748,52.75691056910569,3.5121951219512195
ICTMicroclimate-04,12,2,Feb,24.564285714285713,52.651785714285715,5.258928571428571
ICTMicroclimate-04,12,3,Mar,23.76666666666667,56.146341463414636,4.934959349593496
ICTMicroclimate-04,12,4,Apr,21.235,54.22166666666667,5.391666666666667
ICTMicroclimate-04,12,5,May,16.921311475409837,55.68606557377049,8.62295081967213
ICTMicroclimate-04,12,6,Jun,14.408695652173913,54.85217391304347,17.782608695652176
ICTMicroclimate-04,12,9,Sep,16.182653061224492,53.83061224489796,2.642857142857143
ICTMicroclimate-04,12,10,Oct,18.77950819672131,52.854918032786884,3.6885245901639343
ICTMicroclimate-04,12,11,Nov,20.928333333333335,55.2825,5.55
ICTMicroclimate-04,12,12,Dec,23.23333333333333,49.37886178861789,2.910569105691057
ICTMicroclimate-04,13,1,Jan,24.280645161290323,51.53548387096774,3.338709677419355
ICTMicroclimate-04,13,2,Feb,24.629464285714285,53.247321428571425,5.6875
ICTMicroclimate-04,13,3,Mar,23.650406504065042,55.916260162601624,4.804878048780488
ICTMicroclimate-04,13,4,Apr,21.6375,53.406666666666666,4.691666666666666
ICTMicroclimate-04,13,5,May,17.4968,54.556,8.376
ICTMicroclimate-04,13,6,Jun,15.221739130434784,52.02608695652174,13.956521739130435
ICTMicroclimate-04,13,9,Sep,16.373267326732673,53.4,1.9108910891089108
ICTMicroclimate-04,13,10,Oct,19.04308943089431,51.890243902439025,3.5284552845528454
ICTMicroclimate-04,13,11,Nov,21.38,54.380833333333335,5.433333333333334
ICTMicroclimate-04,13,12,Dec,23.791935483870965,47.60645161290322,2.9596774193548385
ICTMicroclimate-04,14,1,Jan,24.649193548387096,50.708064516129035,3.225806451612903
ICTMicroclimate-04,14,2,Feb,24.82882882882883,52.84144144144144,4.8108108108108105
ICTMicroclimate-04,14,3,Mar,23.906451612903226,54.61290322580645,4.774193548387097
ICTMicroclimate-04,14,4,Apr,21.831932773109244,53.568907563025206,5.092436974789916
ICTMicroclimate-04,14,5,May,17.7112,54.227199999999996,8.448
ICTMicroclimate-04,14,6,Jun,15.563636363636363,50.99090909090909,14.454545454545455
ICTMicroclimate-04,14,9,Sep,16.53333333333333,53.326262626262626,1.878787878787879
ICTMicroclimate-04,14,10,Oct,19.07177419354839,53.059677419354834,3.225806451612903
ICTMicroclimate-04,14,11,Nov,21.5875,53.641666666666666,5.175
ICTMicroclimate-04,14,12,Dec,24.486290322580647,46.33064516129032,2.911290322580645
ICTMicroclimate-04,15,1,Jan,24.741129032258065,50.63225806451613,3.0725806451612905
ICTMicroclimate-04,15,2,Feb,24.82767857142857,53.793749999999996,5.375
ICTMicroclimate-04,15,3,Mar,24.025,53.69435483870967,4.725806451612903
ICTMicroclimate-04,15,4,Apr,21.70840336134454,54.029411764705884,5.159663865546219
ICTMicroclimate-04,15,5,May,17.6984375,53.97734375,8.78125
ICTMicroclimate-04,15,6,Jun,15.395454545454545,51.440909090909095,12.136363636363637
ICTMicroclimate-04,15,9,Sep,16.338,54.49,1.5
ICTMicroclimate-04,15,10,Oct,19.261290322580646,53.37096774193548,3.1693548387096775
ICTMicroclimate-04,15,11,Nov,22.008403361344538,52.88235294117647,5.19327731092437
ICTMicroclimate-04,15,12,Dec,24.50650406504065,47.15609756097561,2.6097560975609757
ICTMicroclimate-04,16,1,Jan,25.068548387096776,49.98467741935484,2.774193548387097
ICTMicroclimate-04,16,2,Feb,25.063963963963964,52.925225225225226,6.198198198198198
ICTMicroclimate-04,16,3,Mar,23.800806451612903,55.01532258064516,4.620967741935484
ICTMicroclimate-04,16,4,Apr,21.239166666666666,55.05333333333333,4.458333333333333
ICTMicroclimate-04,16,5,May,17.139200000000002,56.248,8.288
ICTMicroclimate-04,16,6,Jun,15.069999999999999,51.515,11.2
ICTMicroclimate-04,16,9,Sep,16.108,56.238,1.28
ICTMicroclimate-04,16,10,Oct,19.13739837398374,54.552845528455286,3.008130081300813
ICTMicroclimate-04,16,11,Nov,22.4625,52.524166666666666,5.133333333333334
ICTMicroclimate-04,16,12,Dec,24.999193548387098,46.612096774193546,2.1048387096774195
ICTMicroclimate-04,17,1,Jan,25.042276422764225,50.39837398373984,2.926829268292683
ICTMicroclimate-04,17,2,Feb,24.743750000000002,53.888392857142854,5.776785714285714
ICTMicroclimate-04,17,3,Mar,23.08225806451613,57.894354838709674,7.032258064516129
ICTMicroclimate-04,17,4,Apr,20.67310924369748,57.33445378151261,4.445378151260504
ICTMicroclimate-04,17,5,May,16.666666666666668,58.0910569105691,8.333333333333334
ICTMicroclimate-04,17,6,Jun,14.4,52.10526315789474,10.736842105263158
ICTMicroclimate-04,17,9,Sep,15.593,59.292,1.93
ICTMicroclimate-04,17,10,Oct,18.187096774193545,57.70241935483871,3.032258064516129
ICTMicroclimate-04,17,11,Nov,21.571428571428573,55.345378151260505,4.983193277310924
ICTMicroclimate-04,17,12,Dec,24.490322580645163,48.86129032258064,1.9193548387096775
ICTMicroclimate-04,18,1,Jan,23.69516129032258,54.09596774193548,2.975806451612903
ICTMicroclimate-04,18,2,Feb,23.635714285714283,57.22678571428571,6.5625
ICTMicroclimate-04,18,3,Mar,22.661290322580644,59.211290322580645,7.137096774193548
ICTMicroclimate-04,18,4,Apr,20.121666666666666,58.89083333333333,4.408333333333333
ICTMicroclimate-04,18,5,May,16.29758064516129,58.96209677419355,8.451612903225806
ICTMicroclimate-04,18,6,Jun,13.757142857142856,54.542857142857144,9.714285714285714
ICTMicroclimate-04,18,9,Sep,14.876,62.567,3.95
ICTMicroclimate-04,18,10,Oct,17.553658536585367,59.881300813008124,2.707317073170732
ICTMicroclimate-04,18,11,Nov,20.624166666666667,58.693333333333335,4.983333333333333
ICTMicroclimate-04,18,12,Dec,23.14274193548387,53.748387096774195,2.1129032258064515
ICTMicroclimate-04,19,1,Jan,23.285365853658536,55.78943089430894,3.097560975609756
ICTMicroclimate-04,19,2,Feb,23.099999999999998,59.017857142857146,7.026785714285714
ICTMicroclimate-04,19,3,Mar,22.09349593495935,60.80406504065041,5.585365853658536
ICTMicroclimate-04,19,4,Apr,19.678333333333335,60.635,5.175
ICTMicroclimate-04,19,5,May,15.799180327868852,61.307377049180324,8.221311475409836
ICTMicroclimate-04,19,6,Jun,13.419999999999998,54.975,10.2
ICTMicroclimate-04,19,9,Sep,14.504000000000001,63.801,4.07
ICTMicroclimate-04,19,10,Oct,17.08225806451613,60.52258064516129,2.975806451612903
ICTMicroclimate-04,19,11,Nov,20.082352941176474,60.471428571428575,4.92436974789916
ICTMicroclimate-04,19,12,Dec,22.552845528455286,55.68130081300813,2.252032520325203
ICTMicroclimate-04,20,1,Jan,22.358064516129033,58.08790322580645,3.306451612903226
ICTMicroclimate-04,20,2,Feb,22.337500000000002,61.20982142857143,6.946428571428571
ICTMicroclimate-04,20,3,Mar,21.646774193548385,62.25645161290323,5.064516129032258
ICTMicroclimate-04,20,4,Apr,19.114166666666666,63.025,5.933333333333334
ICTMicroclimate-04,20,5,May,15.285,63.47833333333333,8.325
ICTMicroclimate-04,20,6,Jun,13.035,56.35,10.2
ICTMicroclimate-04,20,9,Sep,14.023,66.108,4.17
ICTMicroclimate-04,20,10,Oct,16.40650406504065,62.53983739837398,3.097560975609756
ICTMicroclimate-04,20,11,Nov,19.559166666666666,61.844166666666666,5.658333333333333
ICTMicroclimate-04,20,12,Dec,21.280645161290323,58.623387096774195,2.3548387096774195
ICTMicroclimate-04,21,1,Jan,21.635483870967743,60.13145161290323,3.2983870967741935
ICTMicroclimate-04,21,2,Feb,21.742342342342344,62.45585585585586,5.81981981981982
ICTMicroclimate-04,21,3,Mar,21.088617886178863,63.03658536585366,6.138211382113822
ICTMicroclimate-04,21,4,Apr,18.570833333333333,64.52916666666667,6.191666666666666
ICTMicroclimate-04,21,5,May,14.757142857142856,65.18487394957984,8.260504201680673
ICTMicroclimate-04,21,6,Jun,12.889473684210527,57.49473684210527,10.736842105263158
ICTMicroclimate-04,21,9,Sep,13.763,66.855,4.21
ICTMicroclimate-04,21,10,Oct,16.130645161290325,62.652419354838706,3.338709677419355
ICTMicroclimate-04,21,11,Nov,19.095833333333335,62.8225,5.75
ICTMicroclimate-04,21,12,Dec,20.378225806451614,61.16209677419355,2.6451612903225805
ICTMicroclimate-04,22,1,Jan,21.157258064516128,62.18064516129032,3.3225806451612905
ICTMicroclimate-04,22,2,Feb,21.083928571428572,65.36428571428571,6.0
ICTMicroclimate-04,22,3,Mar,20.362903225806452,65.74032258064516,6.17741935483871
ICTMicroclimate-04,22,4,Apr,18.122314049586777,65.73884297520661,6.214876033057851
ICTMicroclimate-04,22,5,May,14.235000000000001,65.9575,8.791666666666666
ICTMicroclimate-04,22,6,Jun,12.43,59.39,10.2
ICTMicroclimate-04,22,9,Sep,13.506060606060606,66.71212121212122,4.343434343434343
ICTMicroclimate-04,22,10,Oct,15.781451612903227,63.46774193548387,3.435483870967742
ICTMicroclimate-04,22,11,Nov,18.677310924369745,63.64537815126051,5.80672268907563
ICTMicroclimate-04,22,12,Dec,19.563414634146344,63.62032520325204,2.926829268292683
ICTMicroclimate-04,23,1,Jan,20.690322580645162,63.24032258064516,3.2903225806451615
ICTMicroclimate-04,23,2,Feb,20.654054054054054,66.51261261261261,6.297297297297297
ICTMicroclimate-04,23,3,Mar,19.864516129032257,67.66209677419356,6.088709677419355
ICTMicroclimate-04,23,4,Apr,17.7975,66.25333333333333,6.341666666666667
ICTMicroclimate-04,23,5,May,13.795867768595041,66.64132231404959,9.933884297520661
ICTMicroclimate-04,23,6,Jun,12.129999999999999,60.705,10.2
ICTMicroclimate-04,23,9,Sep,13.095,66.958,4.39
ICTMicroclimate-04,23,10,Oct,15.445967741935483,64.57661290322581,3.411290322580645
ICTMicroclimate-04,23,11,Nov,18.315,64.625,5.716666666666667
ICTMicroclimate-04,23,12,Dec,19.051219512195125,63.96747967479675,2.951219512195122
ICTMicroclimate-05,0,1,Jan,20.23815261044177,71.4417670682731,6.445783132530121
ICTMicroclimate-05,0,2,Feb,19.986029411764704,72.00294117647059,4.889705882352941
ICTMicroclimate-05,0,3,Mar,19.79016393442623,76.05819672131148,5.270491803278689
ICTMicroclimate-05,0,4,Apr,17.566666666666666,75.95416666666667,7.025
ICTMicroclimate-05,0,5,May,13.378333333333334,75.95416666666667,10.941666666666666
ICTMicroclimate-05,0,6,Jun,10.626050420168067,83.99327731092437,13.193277310924369
ICTMicroclimate-05,0,7,Jul,10.502307692307692,83.7623076923077,7.561538461538461
ICTMicroclimate-05,0,8,Aug,10.644166666666667,82.59750000000001,10.808333333333334
ICTMicroclimate-05,0,9,Sep,13.052023121387283,74.87398843930636,3.820809248554913
ICTMicroclimate-05,0,10,Oct,14.695081967213115,71.80409836065574,3.3852459016393444
ICTMicroclimate-05,0,11,Nov,16.184662576687117,81.04539877300613,4.865030674846626
ICTMicroclimate-05,0,12,Dec,18.030364372469634,70.55344129554656,3.3238866396761133
ICTMicroclimate-05,1,1,Jan,19.86748971193416,72.98230452674898,5.382716049382716
ICTMicroclimate-05,1,2,Feb,19.70514705882353,73.32941176470588,4.786764705882353
ICTMicroclimate-05,1,3,Mar,19.435772357723575,77.15691056910569,5.1138211382113825
ICTMicroclimate-05,1,4,Apr,17.171666666666667,78.03416666666666,6.783333333333333
ICTMicroclimate-05,1,5,May,13.043442622950819,77.08934426229509,11.311475409836065
ICTMicroclimate-05,1,6,Jun,10.23781512605042,85.60504201680672,12.798319327731093
ICTMicroclimate-05,1,7,Jul,10.3,84.57519379844962,7.705426356589148
ICTMicroclimate-05,1,8,Aug,10.160330578512397,84.21735537190082,11.12396694214876
ICTMicroclimate-05,1,9,Sep,12.827906976744186,74.95116279069768,4.151162790697675
ICTMicroclimate-05,1,10,Oct,14.134677419354839,75.01935483870967,3.3306451612903225
ICTMicroclimate-05,1,11,Nov,15.853048780487805,82.34207317073171,4.829268292682927
ICTMicroclimate-05,1,12,Dec,17.754285714285714,71.42857142857143,3.183673469387755
ICTMicroclimate-05,2,1,Jan,19.546370967741936,74.33790322580644,4.596774193548387
ICTMicroclimate-05,2,2,Feb,19.4375,73.49926470588235,4.75
ICTMicroclimate-05,2,3,Mar,19.15,78.5491935483871,4.887096774193548
ICTMicroclimate-05,2,4,Apr,16.60081300813008,79.8821138211382,7.308943089430894
ICTMicroclimate-05,2,5,May,12.723387096774195,78.01612903225806,11.879032258064516
ICTMicroclimate-05,2,6,Jun,10.226446280991736,85.40578512396695,11.909090909090908
ICTMicroclimate-05,2,7,Jul,10.0375,85.3140625,7.8984375
ICTMicroclimate-05,2,8,Aug,9.747154471544716,85.00162601626018,13.439024390243903
ICTMicroclimate-05,2,9,Sep,12.587134502923977,75.02280701754385,4.292397660818714
ICTMicroclimate-05,2,10,Oct,13.53,76.2425,3.3666666666666667
ICTMicroclimate-05,2,11,Nov,15.568902439024392,83.13414634146342,4.5060975609756095
ICTMicroclimate-05,2,12,Dec,17.39591836734694,72.3791836734694,3.240816326530612
ICTMicroclimate-05,3,1,Jan,19.214112903225807,75.1633064516129,4.556451612903226
ICTMicroclimate-05,3,2,Feb,19.061481481481483,74.01925925925926,4.688888888888889
ICTMicroclimate-05,3,3,Mar,18.824590163934424,79.23196721311474,4.770491803278689
ICTMicroclimate-05,3,4,Apr,16.340833333333332,82.06166666666667,6.791666666666667
ICTMicroclimate-05,3,5,May,12.42741935483871,78.65967741935484,12.57258064516129
ICTMicroclimate-05,3,6,Jun,10.133613445378153,85.17394957983194,10.84873949579832
ICTMicroclimate-05,3,7,Jul,9.884920634920634,85.82857142857142,7.714285714285714
ICTMicroclimate-05,3,8,Aug,9.55483870967742,84.87822580645161,12.153225806451612
ICTMicroclimate-05,3,9,Sep,12.28139534883721,75.98779069767441,4.087209302325581
ICTMicroclimate-05,3,10,Oct,13.461788617886178,74.7951219512195,3.1707317073170733
ICTMicroclimate-05,3,11,Nov,15.288414634146342,83.68109756097562,4.737804878048781
ICTMicroclimate-05,3,12,Dec,17.027125506072874,73.6089068825911,3.1862348178137654
ICTMicroclimate-05,4,1,Jan,18.939430894308945,76.13821138211382,4.536585365853658
ICTMicroclimate-05,4,2,Feb,18.865671641791046,74.95970149253732,4.529850746268656
ICTMicroclimate-05,4,3,Mar,18.71693548387097,79.6741935483871,5.588709677419355
ICTMicroclimate-05,4,4,Apr,16.096638655462186,82.94957983193277,7.184873949579832
ICTMicroclimate-05,4,5,May,12.069354838709677,79.54435483870968,12.370967741935484
ICTMicroclimate-05,4,6,Jun,10.014999999999999,84.84416666666667,11.083333333333334
ICTMicroclimate-05,4,7,Jul,9.6265625,86.325,7.6328125
ICTMicroclimate-05,4,8,Aug,9.350000000000001,85.26532258064516,12.137096774193548
ICTMicroclimate-05,4,9,Sep,12.010059171597634,77.30710059171598,3.6745562130177514
ICTMicroclimate-05,4,10,Oct,13.28130081300813,74.59024390243903,3.2764227642276422
ICTMicroclimate-05,4,11,Nov,15.122560975609755,84.39878048780487,4.975609756097561
ICTMicroclimate-05,4,12,Dec,16.754655870445344,73.94655870445344,3.182186234817814
ICTMicroclimate-05,5,1,Jan,18.550202429149795,78.02793522267207,5.194331983805668
ICTMicroclimate-05,5,2,Feb,18.772592592592595,74.95925925925926,4.644444444444445
ICTMicroclimate-05,5,3,Mar,18.43252032520325,81.29918699186992,5.520325203252033
ICTMicroclimate-05,5,4,Apr,15.919999999999998,82.50833333333334,7.308333333333334
ICTMicroclimate-05,5,5,May,11.733870967741936,81.1008064516129,12.693548387096774
ICTMicroclimate-05,5,6,Jun,9.83529411764706,85.60252100840337,10.579831932773109
ICTMicroclimate-05,5,7,Jul,9.51171875,86.76328125,6.953125
ICTMicroclimate-05,5,8,Aug,9.19672131147541,85.67868852459016,10.62295081967213
ICTMicroclimate-05,5,9,Sep,11.968387096774192,77.73354838709677,3.464516129032258
ICTMicroclimate-05,5,10,Oct,13.1464,74.58319999999999,3.336
ICTMicroclimate-05,5,11,Nov,14.811656441717792,85.02883435582822,4.58282208588957
ICTMicroclimate-05,5,12,Dec,16.529838709677417,74.44516129032259,3.092741935483871
ICTMicroclimate-05,6,1,Jan,18.32834008097166,78.79514170040487,6.060728744939271
ICTMicroclimate-05,6,2,Feb,18.576470588235296,75.22205882352942,4.713235294117647
ICTMicroclimate-05,6,3,Mar,18.240322580645163,82.26532258064516,5.959677419354839
ICTMicroclimate-05,6,4,Apr,15.888235294117647,81.44705882352942,8.3109243697479
ICTMicroclimate-05,6,5,May,11.56532258064516,81.80564516129031,13.32258064516129
ICTMicroclimate-05,6,6,Jun,9.705,86.29916666666666,9.733333333333333
ICTMicroclimate-05,6,7,Jul,9.55390625,86.84140625,6.8671875
ICTMicroclimate-05,6,8,Aug,8.963709677419354,86.7491935483871,10.701612903225806
ICTMicroclimate-05,6,9,Sep,11.918543046357616,78.03046357615894,3.4304635761589406
ICTMicroclimate-05,6,10,Oct,13.13225806451613,73.97419354838709,3.467741935483871
ICTMicroclimate-05,6,11,Nov,14.653987730061349,85.37484662576688,4.736196319018405
ICTMicroclimate-05,6,12,Dec,16.471138211382115,74.52845528455285,3.5121951219512195
ICTMicroclimate-05,7,1,Jan,18.62267206477733,76.97044534412956,6.2145748987854255
ICTMicroclimate-05,7,2,Feb,18.731617647058822,74.85000000000001,5.198529411764706
ICTMicroclimate-05,7,3,Mar,17.964227642276423,83.69186991869918,6.170731707317073
ICTMicroclimate-05,7,4,Apr,16.12666666666667,79.77749999999999,8.758333333333333
ICTMicroclimate-05,7,5,May,11.446774193548388,81.84274193548387,14.169354838709678
ICTMicroclimate-05,7,6,Jun,9.664166666666667,86.60333333333332,9.266666666666667
ICTMicroclimate-05,7,7,Jul,9.470229007633588,86.71603053435113,7.3893129770992365
ICTMicroclimate-05,7,8,Aug,8.968292682926828,86.64878048780487,11.073170731707316
ICTMicroclimate-05,7,9,Sep,12.396385542168677,75.855421686747,3.5542168674698793
ICTMicroclimate-05,7,10,Oct,13.68048780487805,71.22032520325203,3.6097560975609757
ICTMicroclimate-05,7,11,Nov,15.298757763975155,82.71925465838508,4.869565217391305
ICTMicroclimate-05,7,12,Dec,17.002822580645162,72.20161290322581,3.310483870967742
ICTMicroclimate-05,8,1,Jan,20.224489795918366,70.00653061224489,6.461224489795918
ICTMicroclimate-05,8,2,Feb,20.23970588235294,68.65735294117647,5.411764705882353
ICTMicroclimate-05,8,3,Mar,19.208870967741937,78.65725806451613,6.580645161290323
ICTMicroclimate-05,8,4,Apr,17.125833333333333,75.14916666666666,8.4
ICTMicroclimate-05,8,5,May,11.933333333333334,79.78130081300813,14.845528455284553
ICTMicroclimate-05,8,6,Jun,9.809322033898304,86.0457627118644,9.271186440677965
ICTMicroclimate-05,8,7,Jul,9.703030303030303,86.18181818181819,8.068181818181818
ICTMicroclimate-05,8,8,Aug,9.655645161290321,83.66532258064517,11.85483870967742
ICTMicroclimate-05,8,9,Sep,13.686285714285713,69.34742857142857,3.257142857142857
ICTMicroclimate-05,8,10,Oct,15.105645161290322,65.47661290322581,3.596774193548387
ICTMicroclimate-05,8,11,Nov,16.757317073170732,75.93048780487806,4.804878048780488
ICTMicroclimate-05,8,12,Dec,19.093522267206477,63.94858299595141,2.866396761133603
ICTMicroclimate-05,9,1,Jan,21.98137651821862,62.9336032388664,6.65587044534413
ICTMicroclimate-05,9,2,Feb,22.20294117647059,61.13529411764706,4.588235294117647
ICTMicroclimate-05,9,3,Mar,20.92822580645161,71.38467741935484,6.798387096774194
ICTMicroclimate-05,9,4,Apr,18.758823529411767,67.44285714285714,7.218487394957983
ICTMicroclimate-05,9,5,May,13.511290322580646,73.5209677419355,14.903225806451612
ICTMicroclimate-05,9,6,Jun,10.389999999999999,84.28666666666666,10.216666666666667
ICTMicroclimate-05,9,7,Jul,10.55151515151515,83.00984848484848,8.196969696969697
ICTMicroclimate-05,9,8,Aug,11.016,79.5264,10.888
ICTMicroclimate-05,9,9,Sep,14.745505617977527,64.27865168539326,2.550561797752809
ICTMicroclimate-05,9,10,Oct,16.108,61.4152,2.704
ICTMicroclimate-05,9,11,Nov,17.53312883435583,72.6515337423313,4.361963190184049
ICTMicroclimate-05,9,12,Dec,20.401219512195123,58.69471544715447,2.532520325203252
ICTMicroclimate-05,10,1,Jan,22.725203252032518,59.49715447154471,6.223577235772358
ICTMicroclimate-05,10,2,Feb,23.174814814814813,57.04962962962963,4.518518518518518
ICTMicroclimate-05,10,3,Mar,22.329268292682926,65.4739837398374,6.219512195121951
ICTMicroclimate-05,10,4,Apr,19.433333333333334,64.4375,6.591666666666667
ICTMicroclimate-05,10,5,May,14.960975609756098,67.68048780487806,12.699186991869919
ICTMicroclimate-05,10,6,Jun,11.398333333333333,79.64333333333335,9.091666666666667
ICTMicroclimate-05,10,7,Jul,11.706923076923077,78.20384615384616,7.315384615384615
ICTMicroclimate-05,10,8,Aug,12.056451612903226,74.81532258064516,10.088709677419354
ICTMicroclimate-05,10,9,Sep,15.101092896174864,62.18469945355191,2.158469945355191
ICTMicroclimate-05,10,10,Oct,17.02786885245902,58.25983606557377,2.0737704918032787
ICTMicroclimate-05,10,11,Nov,18.20245398773006,69.69938650306749,3.791411042944785
ICTMicroclimate-05,10,12,Dec,20.89717741935484,57.2241935483871,2.975806451612903
ICTMicroclimate-05,11,1,Jan,23.742914979757085,56.315384615384616,4.874493927125506
ICTMicroclimate-05,11,2,Feb,24.125925925925927,54.12222222222222,4.985185185185185
ICTMicroclimate-05,11,3,Mar,23.05483870967742,62.58870967741935,5.741935483870968
ICTMicroclimate-05,11,4,Apr,20.19747899159664,61.686554621848735,5.915966386554622
ICTMicroclimate-05,11,5,May,15.783870967741937,64.75967741935484,8.685483870967742
ICTMicroclimate-05,11,6,Jun,12.119491525423728,75.7364406779661,8.271186440677965
ICTMicroclimate-05,11,7,Jul,12.287878787878787,75.51439393939394,5.848484848484849
ICTMicroclimate-05,11,8,Aug,13.017886178861788,70.12439024390244,8.073170731707316
ICTMicroclimate-05,11,9,Sep,16.04491978609626,57.88556149732621,1.946524064171123
ICTMicroclimate-05,11,10,Oct,17.6232,56.088800000000006,2.528
ICTMicroclimate-05,11,11,Nov,19.131288343558282,64.99509202453989,3.5092024539877302
ICTMicroclimate-05,11,12,Dec,21.715447154471544,53.87276422764228,3.2113821138211383
ICTMicroclimate-05,12,1,Jan,24.45673469387755,55.068571428571424,4.922448979591837
ICTMicroclimate-05,12,2,Feb,24.77923076923077,52.90153846153846,5.430769230769231
ICTMicroclimate-05,12,3,Mar,23.57903225806452,60.76854838709678,5.693548387096774
ICTMicroclimate-05,12,4,Apr,21.714166666666664,57.02916666666667,5.291666666666667
ICTMicroclimate-05,12,5,May,16.620325203252033,62.43008130081301,6.829268292682927
ICTMicroclimate-05,12,6,Jun,12.705882352941176,72.91764705882353,7.411764705882353
ICTMicroclimate-05,12,7,Jul,12.92290076335878,71.27557251908397,5.015267175572519
ICTMicroclimate-05,12,8,Aug,14.563709677419356,63.189516129032256,7.314516129032258
ICTMicroclimate-05,12,9,Sep,16.60691489361702,56.48510638297873,2.521276595744681
ICTMicroclimate-05,12,10,Oct,18.064227642276425,54.23170731707317,2.5365853658536586
ICTMicroclimate-05,12,11,Nov,19.73090909090909,61.86909090909091,4.2303030303030305
ICTMicroclimate-05,12,12,Dec,22.38825910931174,52.245748987854256,3.4615384615384617
ICTMicroclimate-05,13,1,Jan,25.125819672131147,53.11270491803279,4.971311475409836
ICTMicroclimate-05,13,2,Feb,24.874242424242425,53.67045454545455,6.037878787878788
ICTMicroclimate-05,13,3,Mar,24.341463414634145,57.96666666666666,5.300813008130081
ICTMicroclimate-05,13,4,Apr,21.846610169491527,56.69576271186441,5.220338983050848
ICTMicroclimate-05,13,5,May,16.79516129032258,61.84112903225807,7.57258064516129
ICTMicroclimate-05,13,6,Jun,13.046280991735536,70.70495867768595,5.793388429752066
ICTMicroclimate-05,13,7,Jul,13.26439393939394,69.31969696969698,4.924242424242424
ICTMicroclimate-05,13,8,Aug,14.322764227642276,63.38048780487805,7.373983739837398
ICTMicroclimate-05,13,9,Sep,16.849479166666665,55.80677083333333,2.546875
ICTMicroclimate-05,13,10,Oct,18.70806451612903,52.24354838709677,2.5806451612903225
ICTMicroclimate-05,13,11,Nov,20.160240963855422,60.61325301204819,3.9698795180722892
ICTMicroclimate-05,13,12,Dec,22.930364372469636,50.708906882591094,3.54251012145749
ICTMicroclimate-05,14,1,Jan,25.326209677419353,52.9266129032258,4.830645161290323
ICTMicroclimate-05,14,2,Feb,25.265648854961835,53.07251908396947,6.221374045801527
ICTMicroclimate-05,14,3,Mar,24.68951612903226,55.86129032258064,5.209677419354839
ICTMicroclimate-05,14,4,Apr,21.71916666666667,57.729166666666664,5.441666666666666
ICTMicroclimate-05,14,5,May,17.10327868852459,61.47459016393442,6.0
ICTMicroclimate-05,14,6,Jun,13.325,68.75916666666667,4.341666666666667
ICTMicroclimate-05,14,7,Jul,13.335384615384614,69.53769230769231,4.623076923076923
ICTMicroclimate-05,14,8,Aug,14.392561983471074,62.957024793388435,6.3884297520661155
ICTMicroclimate-05,14,9,Sep,16.843915343915345,55.715873015873015,2.417989417989418
ICTMicroclimate-05,14,10,Oct,19.11209677419355,50.79435483870968,2.475806451612903
ICTMicroclimate-05,14,11,Nov,20.422754491017965,60.6,4.508982035928144
ICTMicroclimate-05,14,12,Dec,23.158704453441295,50.36356275303643,3.668016194331984
ICTMicroclimate-05,15,1,Jan,25.36285714285714,53.44571428571429,4.755102040816326
ICTMicroclimate-05,15,2,Feb,25.191603053435113,53.88167938931298,7.236641221374046
ICTMicroclimate-05,15,3,Mar,24.247540983606555,56.459836065573775,4.967213114754099
ICTMicroclimate-05,15,4,Apr,21.51779661016949,58.4864406779661,5.127118644067797
ICTMicroclimate-05,15,5,May,17.128688524590164,60.87049180327869,6.19672131147541
ICTMicroclimate-05,15,6,Jun,13.345762711864406,68.45169491525424,3.7288135593220337
ICTMicroclimate-05,15,7,Jul,13.475,69.26287878787879,4.401515151515151
ICTMicroclimate-05,15,8,Aug,14.2327868852459,64.70655737704918,5.729508196721311
ICTMicroclimate-05,15,9,Sep,16.869109947643977,56.273298429319375,2.4607329842931938
ICTMicroclimate-05,15,10,Oct,19.58225806451613,49.06935483870968,2.217741935483871
ICTMicroclimate-05,15,11,Nov,20.638922155688622,60.41976047904192,3.730538922155689
ICTMicroclimate-05,15,12,Dec,23.321370967741935,50.4508064516129,3.286290322580645
ICTMicroclimate-05,16,1,Jan,25.26991869918699,53.65569105691057,4.048780487804878
ICTMicroclimate-05,16,2,Feb,24.966153846153844,54.12923076923077,9.23076923076923
ICTMicroclimate-05,16,3,Mar,24.31693548387097,57.21935483870968,4.693548387096774
ICTMicroclimate-05,16,4,Apr,21.16638655462185,59.92773109243697,4.8655462184873945
ICTMicroclimate-05,16,5,May,16.929268292682927,61.948780487804875,6.008130081300813
ICTMicroclimate-05,16,6,Jun,13.090833333333334,69.975,4.55
ICTMicroclimate-05,16,7,Jul,13.38030303030303,69.81363636363636,4.068181818181818
ICTMicroclimate-05,16,8,Aug,14.134426229508197,65.56311475409836,5.008196721311475
ICTMicroclimate-05,16,9,Sep,16.54973821989529,58.57853403141361,2.2460732984293195
ICTMicroclimate-05,16,10,Oct,19.429268292682927,50.81056910569106,2.203252032520325
ICTMicroclimate-05,16,11,Nov,20.7169696969697,60.69272727272727,3.2303030303030305
ICTMicroclimate-05,16,12,Dec,23.403292181069958,50.82798353909465,3.3333333333333335
ICTMicroclimate-05,17,1,Jan,25.14233870967742,54.733467741935485,4.314516129032258
ICTMicroclimate-05,17,2,Feb,24.58939393939394,55.336363636363636,7.515151515151516
ICTMicroclimate-05,17,3,Mar,23.91965811965812,60.33931623931624,4.863247863247863
ICTMicroclimate-05,17,4,Apr,20.643697478991594,62.47478991596638,5.630252100840337
ICTMicroclimate-05,17,5,May,16.608333333333334,63.495,7.075
ICTMicroclimate-05,17,6,Jun,12.6175,72.77916666666667,5.875
ICTMicroclimate-05,17,7,Jul,13.006153846153845,72.28076923076924,5.230769230769231
ICTMicroclimate-05,17,8,Aug,13.657723577235773,68.15528455284553,5.32520325203252
ICTMicroclimate-05,17,9,Sep,15.872826086956522,63.12989130434782,2.7880434782608696
ICTMicroclimate-05,17,10,Oct,19.041463414634144,53.417886178861785,2.8048780487804876
ICTMicroclimate-05,17,11,Nov,20.310909090909092,62.32666666666667,3.8848484848484848
ICTMicroclimate-05,17,12,Dec,23.173387096774192,52.502419354838715,3.375
ICTMicroclimate-05,18,1,Jan,24.302834008097168,57.711740890688255,5.481781376518219
ICTMicroclimate-05,18,2,Feb,23.958333333333332,57.84166666666667,7.409090909090909
ICTMicroclimate-05,18,3,Mar,22.894354838709678,63.145967741935486,5.201612903225806
ICTMicroclimate-05,18,4,Apr,20.309166666666666,63.46083333333333,8.308333333333334
ICTMicroclimate-05,18,5,May,16.262096774193548,64.58951612903226,8.612903225806452
ICTMicroclimate-05,18,6,Jun,12.348333333333333,74.50333333333333,8.7
ICTMicroclimate-05,18,7,Jul,12.553787878787878,75.6219696969697,7.5
ICTMicroclimate-05,18,8,Aug,13.193548387096774,71.24032258064516,7.758064516129032
ICTMicroclimate-05,18,9,Sep,15.245652173913042,66.30923913043478,3.7717391304347827
ICTMicroclimate-05,18,10,Oct,18.3008064516129,57.67983870967742,3.064516129032258
ICTMicroclimate-05,18,11,Nov,19.700591715976334,65.18639053254438,4.6923076923076925
ICTMicroclimate-05,18,12,Dec,22.59469387755102,55.07020408163265,3.7551020408163267
ICTMicroclimate-05,19,1,Jan,23.52016129032258,60.44637096774194,5.737903225806452
ICTMicroclimate-05,19,2,Feb,23.01590909090909,60.86893939393939,6.4772727272727275
ICTMicroclimate-05,19,3,Mar,22.31935483870968,65.46693548387097,6.330645161290323
ICTMicroclimate-05,19,4,Apr,19.71764705882353,66.36134453781513,9.109243697478991
ICTMicroclimate-05,19,5,May,15.725806451612904,67.64193548387097,9.346774193548388
ICTMicroclimate-05,19,6,Jun,12.105084745762712,75.28389830508475,10.203389830508474
ICTMicroclimate-05,19,7,Jul,12.145801526717557,77.91984732824427,8.618320610687023
ICTMicroclimate-05,19,8,Aug,12.938709677419356,71.975,8.67741935483871
ICTMicroclimate-05,19,9,Sep,14.766298342541436,68.88508287292818,4.3259668508287294
ICTMicroclimate-05,19,10,Oct,17.27886178861789,63.97560975609756,4.495934959349594
ICTMicroclimate-05,19,11,Nov,18.888484848484847,68.70666666666666,5.624242424242424
ICTMicroclimate-05,19,12,Dec,21.632113821138212,59.10121951219512,4.361788617886178
ICTMicroclimate-05,20,1,Jan,22.568016194331985,63.47813765182186,5.2145748987854255
ICTMicroclimate-05,20,2,Feb,22.2030534351145,64.51908396946565,6.236641221374046
ICTMicroclimate-05,20,3,Mar,21.770967741935483,67.48467741935484,6.951612903225806
ICTMicroclimate-05,20,4,Apr,19.09831932773109,69.79663865546217,8.016806722689076
ICTMicroclimate-05,20,5,May,15.205882352941176,70.66974789915967,10.336134453781513
ICTMicroclimate-05,20,6,Jun,11.693277310924369,78.33529411764705,11.042016806722689
ICTMicroclimate-05,20,7,Jul,11.80381679389313,78.53969465648855,8.564885496183207
ICTMicroclimate-05,20,8,Aug,12.576422764227644,73.7048780487805,9.59349593495935
ICTMicroclimate-05,20,9,Sep,14.366111111111111,71.11777777777777,4.572222222222222
ICTMicroclimate-05,20,10,Oct,16.871774193548386,65.01048387096775,4.661290322580645
ICTMicroclimate-05,20,11,Nov,18.34457831325301,71.60481927710843,5.463855421686747
ICTMicroclimate-05,20,12,Dec,20.65910931174089,62.30364372469636,4.668016194331984
ICTMicroclimate-05,21,1,Jan,21.706854838709678,66.50846774193548,5.068548387096774
ICTMicroclimate-05,21,2,Feb,21.529545454545456,66.55151515151515,5.386363636363637
ICTMicroclimate-05,21,3,Mar,21.301626016260162,68.29918699186992,5.934959349593496
ICTMicroclimate-05,21,4,Apr,18.587394957983193,72.0109243697479,7.663865546218488
ICTMicroclimate-05,21,5,May,14.733333333333333,72.97166666666666,9.583333333333334
ICTMicroclimate-05,21,6,Jun,11.403333333333334,79.84166666666667,10.716666666666667
ICTMicroclimate-05,21,7,Jul,11.468939393939394,80.23939393939395,7.840909090909091
ICTMicroclimate-05,21,8,Aug,12.125806451612902,76.99354838709678,9.92741935483871
ICTMicroclimate-05,21,9,Sep,13.98491620111732,72.48715083798884,4.441340782122905
ICTMicroclimate-05,21,10,Oct,16.534146341463416,65.7479674796748,3.902439024390244
ICTMicroclimate-05,21,11,Nov,17.545508982035926,75.79101796407186,4.820359281437126
ICTMicroclimate-05,21,12,Dec,19.856275303643724,64.94372469635627,5.0
ICTMicroclimate-05,22,1,Jan,21.258536585365857,68.13617886178862,4.483739837398374
ICTMicroclimate-05,22,2,Feb,20.852272727272727,69.97045454545454,4.924242424242424
ICTMicroclimate-05,22,3,Mar,20.559836065573773,71.53196721311475,5.442622950819672
ICTMicroclimate-05,22,4,Apr,18.196666666666665,73.19,6.866666666666666
ICTMicroclimate-05,22,5,May,14.149579831932773,74.68319327731092,11.445378151260504
ICTMicroclimate-05,22,6,Jun,11.16890756302521,80.89579831932774,11.487394957983193
ICTMicroclimate-05,22,7,Jul,11.242424242424242,80.5719696969697,7.151515151515151
ICTMicroclimate-05,22,8,Aug,11.703252032520325,78.82926829268293,9.772357723577235
ICTMicroclimate-05,22,9,Sep,13.678089887640448,73.40112359550561,3.904494382022472
ICTMicroclimate-05,22,10,Oct,15.760483870967741,68.89112903225806,3.443548387096774
ICTMicroclimate-05,22,11,Nov,17.048214285714284,77.525,4.244047619047619
ICTMicroclimate-05,22,12,Dec,19.125101214574897,66.54372469635628,3.8299595141700404
ICTMicroclimate-05,23,1,Jan,20.725203252032518,69.65040650406505,5.0528455284552845
ICTMicroclimate-05,23,2,Feb,20.426515151515154,71.47500000000001,4.636363636363637
ICTMicroclimate-05,23,3,Mar,20.07016129032258,74.12741935483871,5.758064516129032
ICTMicroclimate-05,23,4,Apr,17.854166666666668,74.21000000000001,6.891666666666667
ICTMicroclimate-05,23,5,May,13.723529411764705,75.28067226890757,12.252100840336135
ICTMicroclimate-05,23,6,Jun,10.84201680672269,82.31764705882352,11.798319327731093
ICTMicroclimate-05,23,7,Jul,10.862878787878788,82.20606060606062,7.696969696969697
ICTMicroclimate-05,23,8,Aug,11.261788617886179,80.07886178861789,9.325203252032521
ICTMicroclimate-05,23,9,Sep,13.348863636363637,74.32443181818182,3.659090909090909
ICTMicroclimate-05,23,10,Oct,15.348780487804877,70.05853658536586,3.097560975609756
ICTMicroclimate-05,23,11,Nov,16.47590361445783,79.93313253012047,4.650602409638554
ICTMicroclimate-05,23,12,Dec,18.506477732793524,68.63238866396762,3.437246963562753
ICTMicroclimate-06,0,1,Jan,19.658299595141703,65.9914979757085,6.615384615384615
ICTMicroclimate-06,0,2,Feb,19.540441176470587,66.34485294117647,4.411764705882353
ICTMicroclimate-06,0,3,Mar,19.075806451612905,70.29758064516129,4.217741935483871
ICTMicroclimate-06,0,4,Apr,16.69747899159664,70.65126050420169,5.512605042016807
ICTMicroclimate-06,0,5,May,12.5671875,71.28125,9.3515625
ICTMicroclimate-06,0,6,Jun,9.811715481171548,77.03556485355648,7.7907949790794975
ICTMicroclimate-06,0,7,Jul,9.714754098360656,78.39795081967212,7.266393442622951
ICTMicroclimate-06,0,8,Aug,10.818442622950819,74.73032786885246,5.959016393442623
ICTMicroclimate-06,0,9,Sep,12.963598326359833,66.61673640167363,1.4811715481171548
ICTMicroclimate-06,0,10,Oct,14.282186234817813,67.28542510121457,2.396761133603239
ICTMicroclimate-06,0,11,Nov,15.892436974789916,69.65378151260504,3.1260504201680672
ICTMicroclimate-06,0,12,Dec,17.46275303643725,64.95587044534413,2.0080971659919027
ICTMicroclimate-06,1,1,Jan,19.115040650406506,67.78170731707317,6.536585365853658
ICTMicroclimate-06,1,2,Feb,19.147058823529413,67.58970588235294,4.4338235294117645
ICTMicroclimate-06,1,3,Mar,18.588617886178863,71.86178861788618,4.195121951219512
ICTMicroclimate-06,1,4,Apr,16.234166666666667,72.445,5.133333333333334
ICTMicroclimate-06,1,5,May,12.213740458015268,71.76412213740458,9.870229007633588
ICTMicroclimate-06,1,6,Jun,9.632635983263597,77.75146443514643,8.150627615062762
ICTMicroclimate-06,1,7,Jul,9.527935222672065,78.58785425101215,7.388663967611336
ICTMicroclimate-06,1,8,Aug,10.440573770491802,75.87868852459017,6.262295081967213
ICTMicroclimate-06,1,9,Sep,12.712083333333334,66.63291666666666,1.5291666666666666
ICTMicroclimate-06,1,10,Oct,13.84274193548387,68.60967741935484,2.4153225806451615
ICTMicroclimate-06,1,11,Nov,15.45625,70.9525,3.075
ICTMicroclimate-06,1,12,Dec,17.035222672064776,66.10728744939271,1.9352226720647774
ICTMicroclimate-06,2,1,Jan,18.65528455284553,69.3890243902439,6.459349593495935
ICTMicroclimate-06,2,2,Feb,18.723529411764705,68.56029411764706,4.382352941176471
ICTMicroclimate-06,2,3,Mar,18.273983739837398,73.2130081300813,3.967479674796748
ICTMicroclimate-06,2,4,Apr,15.575806451612904,74.83467741935483,5.32258064516129
ICTMicroclimate-06,2,5,May,11.899242424242425,72.28030303030303,10.0
ICTMicroclimate-06,2,6,Jun,9.332500000000001,78.82458333333334,8.541666666666666
ICTMicroclimate-06,2,7,Jul,9.316532258064516,78.95120967741936,7.544354838709677
ICTMicroclimate-06,2,8,Aug,10.139112903225806,76.41895161290323,6.564516129032258
ICTMicroclimate-06,2,9,Sep,12.47866108786611,66.72677824267782,1.7573221757322175
ICTMicroclimate-06,2,10,Oct,13.328333333333335,69.855,2.254166666666667
ICTMicroclimate-06,2,11,Nov,15.132635983263597,71.93682008368201,3.100418410041841
ICTMicroclimate-06,2,12,Dec,16.640485829959513,67.3404858299595,1.9109311740890689
ICTMicroclimate-06,3,1,Jan,18.376612903225805,70.01612903225806,6.463709677419355
ICTMicroclimate-06,3,2,Feb,18.30962962962963,69.4088888888889,3.859259259259259
ICTMicroclimate-06,3,3,Mar,17.891869918699186,74.0390243902439,3.83739837398374
ICTMicroclimate-06,3,4,Apr,15.351666666666667,76.37083333333334,5.15
ICTMicroclimate-06,3,5,May,11.529770992366412,72.85419847328244,10.099236641221374
ICTMicroclimate-06,3,6,Jun,9.116666666666667,79.235,8.570833333333333
ICTMicroclimate-06,3,7,Jul,9.138617886178862,79.5609756097561,7.439024390243903
ICTMicroclimate-06,3,8,Aug,9.863821138211382,77.230081300813,7.008130081300813
ICTMicroclimate-06,3,9,Sep,12.107916666666666,67.73625,1.7625
ICTMicroclimate-06,3,10,Oct,13.090650406504066,70.3890243902439,2.4186991869918697
ICTMicroclimate-06,3,11,Nov,14.845606694560669,72.64058577405856,3.2426778242677825
ICTMicroclimate-06,3,12,Dec,16.30322580645161,68.17016129032258,2.024193548387097
ICTMicroclimate-06,4,1,Jan,18.04274193548387,71.13145161290322,6.463709677419355
ICTMicroclimate-06,4,2,Feb,18.18074074074074,69.66222222222223,3.762962962962963
ICTMicroclimate-06,4,3,Mar,17.638709677419353,74.79677419354839,3.4838709677419355
ICTMicroclimate-06,4,4,Apr,15.097478991596638,77.29579831932774,5.319327731092437
ICTMicroclimate-06,4,5,May,11.193181818181818,73.7189393939394,10.06060606060606
ICTMicroclimate-06,4,6,Jun,8.8925,79.81291666666667,8.491666666666667
ICTMicroclimate-06,4,7,Jul,8.895564516129031,80.27943548387097,7.673387096774194
ICTMicroclimate-06,4,8,Aug,9.714574898785425,77.54453441295547,7.421052631578948
ICTMicroclimate-06,4,9,Sep,11.750833333333333,68.74791666666667,1.9833333333333334
ICTMicroclimate-06,4,10,Oct,12.850806451612904,70.38225806451612,2.2338709677419355
ICTMicroclimate-06,4,11,Nov,14.5125,73.84208333333332,3.283333333333333
ICTMicroclimate-06,4,12,Dec,16.00201612903226,68.60927419354839,2.0524193548387095
ICTMicroclimate-06,5,1,Jan,17.769354838709678,71.8375,6.391129032258065
ICTMicroclimate-06,5,2,Feb,18.054411764705883,69.63308823529412,3.801470588235294
ICTMicroclimate-06,5,3,Mar,17.41290322580645,75.77903225806452,3.5725806451612905
ICTMicroclimate-06,5,4,Apr,14.870000000000001,77.155,5.45
ICTMicroclimate-06,5,5,May,10.943181818181818,74.60303030303031,9.893939393939394
ICTMicroclimate-06,5,6,Jun,8.702916666666665,79.99541666666667,8.4125
ICTMicroclimate-06,5,7,Jul,8.793089430894309,80.63170731707318,7.658536585365853
ICTMicroclimate-06,5,8,Aug,9.51290322580645,77.89516129032258,7.516129032258065
ICTMicroclimate-06,5,9,Sep,11.451680672268907,69.66008403361344,2.0
ICTMicroclimate-06,5,10,Oct,12.659274193548388,70.5100806451613,2.2056451612903225
ICTMicroclimate-06,5,11,Nov,14.178661087866107,74.36317991631799,3.2510460251046025
ICTMicroclimate-06,5,12,Dec,15.753658536585366,68.82682926829268,2.097560975609756
ICTMicroclimate-06,6,1,Jan,17.724596774193547,72.00967741935484,6.451612903225806
ICTMicroclimate-06,6,2,Feb,18.049629629629628,69.08148148148148,3.7777777777777777
ICTMicroclimate-06,6,3,Mar,17.249193548387098,76.49274193548388,3.4838709677419355
ICTMicroclimate-06,6,4,Apr,14.80420168067227,76.20336134453783,5.831932773109243
ICTMicroclimate-06,6,5,May,10.803030303030303,74.8409090909091,9.31060606060606
ICTMicroclimate-06,6,6,Jun,8.530125523012552,80.37405857740586,8.251046025104603
ICTMicroclimate-06,6,7,Jul,8.7625,80.8225806451613,7.266129032258065
ICTMicroclimate-06,6,8,Aug,9.391129032258064,78.23266129032258,7.580645161290323
ICTMicroclimate-06,6,9,Sep,11.417499999999999,69.70625,2.05
ICTMicroclimate-06,6,10,Oct,12.512195121951219,70.9760162601626,2.2113821138211383
ICTMicroclimate-06,6,11,Nov,14.117083333333333,74.3725,3.4208333333333334
ICTMicroclimate-06,6,12,Dec,15.965991902834007,68.06356275303644,2.064777327935223
ICTMicroclimate-06,7,1,Jan,18.559109311740894,69.0748987854251,6.765182186234818
ICTMicroclimate-06,7,2,Feb,18.268382352941178,68.3625,3.514705882352941
ICTMicroclimate-06,7,3,Mar,17.096747967479676,77.07642276422764,3.6991869918699187
ICTMicroclimate-06,7,4,Apr,15.3225,74.41083333333333,6.891666666666667
ICTMicroclimate-06,7,5,May,10.76439393939394,74.86363636363636,9.545454545454545
ICTMicroclimate-06,7,6,Jun,8.504583333333333,80.31958333333334,8.204166666666667
ICTMicroclimate-06,7,7,Jul,8.704032258064515,80.78548387096774,7.69758064516129
ICTMicroclimate-06,7,8,Aug,9.547755102040815,77.80448979591836,7.8
ICTMicroclimate-06,7,9,Sep,12.15126050420168,67.6029411764706,2.2100840336134455
ICTMicroclimate-06,7,10,Oct,13.278947368421052,68.48421052631578,2.1578947368421053
ICTMicroclimate-06,7,11,Nov,15.054237288135594,71.32627118644068,3.9152542372881354
ICTMicroclimate-06,7,12,Dec,17.316734693877553,63.57551020408163,2.253061224489796
ICTMicroclimate-06,8,1,Jan,20.03821138211382,63.44146341463415,7.195121951219512
ICTMicroclimate-06,8,2,Feb,19.86470588235294,63.18088235294118,3.5
ICTMicroclimate-06,8,3,Mar,18.28211382113821,73.63739837398374,4.512195121951219
ICTMicroclimate-06,8,4,Apr,17.086554621848737,68.0764705882353,7.470588235294118
ICTMicroclimate-06,8,5,May,12.289393939393939,70.33863636363637,10.333333333333334
ICTMicroclimate-06,8,6,Jun,9.045922746781114,79.30257510729614,8.472103004291846
ICTMicroclimate-06,8,7,Jul,9.229098360655739,79.18360655737705,7.950819672131147
ICTMicroclimate-06,8,8,Aug,10.760082304526748,73.7551440329218,8.452674897119342
ICTMicroclimate-06,8,9,Sep,13.608474576271187,62.550423728813556,2.2584745762711864
ICTMicroclimate-06,8,10,Oct,14.946781115879828,62.67339055793991,2.3991416309012874
ICTMicroclimate-06,8,11,Nov,16.328699551569507,66.83677130044843,4.179372197309417
ICTMicroclimate-06,8,12,Dec,18.754065040650406,58.5650406504065,2.065040650406504
ICTMicroclimate-06,9,1,Jan,21.959349593495936,57.00813008130081,7.065040650406504
ICTMicroclimate-06,9,2,Feb,21.541176470588233,57.44117647058823,3.801470588235294
ICTMicroclimate-06,9,3,Mar,20.21693548387097,67.0491935483871,4.758064516129032
ICTMicroclimate-06,9,4,Apr,18.889166666666664,60.61416666666666,7.125
ICTMicroclimate-06,9,5,May,14.31230769230769,63.20923076923077,10.907692307692308
ICTMicroclimate-06,9,6,Jun,10.462551440329218,74.90699588477366,9.411522633744855
ICTMicroclimate-06,9,7,Jul,10.409638554216867,75.56666666666666,8.068273092369479
ICTMicroclimate-06,9,8,Aug,12.455020080321287,68.28192771084338,8.357429718875501
ICTMicroclimate-06,9,9,Sep,14.828750000000001,57.619166666666665,2.1958333333333333
ICTMicroclimate-06,9,10,Oct,16.1344,58.280800000000006,2.732
ICTMicroclimate-06,9,11,Nov,17.631836734693877,62.58326530612245,3.963265306122449
ICTMicroclimate-06,9,12,Dec,20.431983805668015,53.4331983805668,1.805668016194332
ICTMicroclimate-06,10,1,Jan,23.537959183673472,52.17551020408163,6.453061224489796
ICTMicroclimate-06,10,2,Feb,23.027407407407406,52.52444444444445,3.5703703703703704
ICTMicroclimate-06,10,3,Mar,21.885365853658538,60.730894308943085,4.739837398373984
ICTMicroclimate-06,10,4,Apr,20.2125,56.068333333333335,6.108333333333333
ICTMicroclimate-06,10,5,May,16.40152671755725,56.88931297709924,11.648854961832061
ICTMicroclimate-06,10,6,Jun,11.8025,70.54416666666665,8.558333333333334
ICTMicroclimate-06,10,7,Jul,11.788211382113822,71.05813008130082,7.776422764227642
ICTMicroclimate-06,10,8,Aug,14.06260162601626,62.78455284552845,8.272357723577235
ICTMicroclimate-06,10,9,Sep,15.634873949579832,54.87857142857143,1.995798319327731
ICTMicroclimate-06,10,10,Oct,17.204858299595145,54.37935222672065,2.6558704453441297
ICTMicroclimate-06,10,11,Nov,18.7210970464135,59.0210970464135,3.978902953586498
ICTMicroclimate-06,10,12,Dec,21.631048387096776,50.068548387096776,1.778225806451613
ICTMicroclimate-06,11,1,Jan,24.755465587044537,49.179352226720646,6.1417004048583
ICTMicroclimate-06,11,2,Feb,24.331818181818182,49.15909090909091,3.0984848484848486
ICTMicroclimate-06,11,3,Mar,23.13951612903226,56.53790322580645,5.395161290322581
ICTMicroclimate-06,11,4,Apr,21.513333333333332,52.11416666666666,4.591666666666667
ICTMicroclimate-06,11,5,May,17.584615384615386,53.276153846153846,9.861538461538462
ICTMicroclimate-06,11,6,Jun,12.97125,66.24333333333333,8.016666666666667
ICTMicroclimate-06,11,7,Jul,12.858870967741936,67.0008064516129,7.782258064516129
ICTMicroclimate-06,11,8,Aug,15.464112903225805,57.38951612903226,7.826612903225806
ICTMicroclimate-06,11,9,Sep,16.468333333333334,51.90125,2.0125
ICTMicroclimate-06,11,10,Oct,17.934677419354838,52.44758064516129,2.443548387096774
ICTMicroclimate-06,11,11,Nov,19.60878661087866,55.393723849372385,3.3640167364016738
ICTMicroclimate-06,11,12,Dec,22.438306451612902,47.72056451612904,1.8387096774193548
ICTMicroclimate-06,12,1,Jan,25.475609756097562,47.77723577235773,5.134146341463414
ICTMicroclimate-06,12,2,Feb,25.191666666666666,47.41590909090909,2.9318181818181817
ICTMicroclimate-06,12,3,Mar,23.927419354838708,54.41048387096774,5.016129032258065
ICTMicroclimate-06,12,4,Apr,22.318487394957984,50.59495798319328,4.285714285714286
ICTMicroclimate-06,12,5,May,17.987218045112783,52.597744360902254,9.458646616541353
ICTMicroclimate-06,12,6,Jun,13.610504201680673,63.12436974789916,7.953781512605042
ICTMicroclimate-06,12,7,Jul,13.451012145748988,64.40485829959515,7.7854251012145745
ICTMicroclimate-06,12,8,Aug,16.26910569105691,54.0979674796748,7.2073170731707314
ICTMicroclimate-06,12,9,Sep,16.881589958158994,51.13556485355648,1.6903765690376569
ICTMicroclimate-06,12,10,Oct,18.640243902439025,50.229268292682924,2.272357723577236
ICTMicroclimate-06,12,11,Nov,20.03125,54.01625,2.5125
ICTMicroclimate-06,12,12,Dec,23.156967213114754,45.98647540983607,1.9180327868852458
ICTMicroclimate-06,13,1,Jan,25.91290322580645,47.10766129032258,4.689516129032258
ICTMicroclimate-06,13,2,Feb,25.38473282442748,48.51450381679389,3.5419847328244276
ICTMicroclimate-06,13,3,Mar,24.67642276422764,52.14878048780488,3.991869918699187
ICTMicroclimate-06,13,4,Apr,22.700847457627116,49.954237288135594,3.7966101694915255
ICTMicroclimate-06,13,5,May,18.481060606060606,51.157575757575756,8.712121212121213
ICTMicroclimate-06,13,6,Jun,13.973949579831933,61.010504201680675,7.584033613445378
ICTMicroclimate-06,13,7,Jul,13.651821862348179,63.59676113360324,7.08502024291498
ICTMicroclimate-06,13,8,Aug,16.72258064516129,52.281048387096774,6.665322580645161
ICTMicroclimate-06,13,9,Sep,17.13041666666667,50.65291666666667,1.4375
ICTMicroclimate-06,13,10,Oct,19.253688524590164,48.0483606557377,2.1639344262295084
ICTMicroclimate-06,13,11,Nov,20.51291666666667,52.721250000000005,2.4291666666666667
ICTMicroclimate-06,13,12,Dec,23.590612244897958,45.17551020408163,2.0
ICTMicroclimate-06,14,1,Jan,26.336363636363636,46.400826446280995,4.871900826446281
ICTMicroclimate-06,14,2,Feb,25.709090909090907,47.90378787878788,3.5833333333333335
ICTMicroclimate-06,14,3,Mar,25.052799999999998,50.768,3.392
ICTMicroclimate-06,14,4,Apr,22.820869565217393,50.14086956521739,4.3304347826086955
ICTMicroclimate-06,14,5,May,18.626119402985076,50.76268656716418,7.67910447761194
ICTMicroclimate-06,14,6,Jun,14.119166666666667,59.2875,6.179166666666666
ICTMicroclimate-06,14,7,Jul,13.573170731707316,63.9369918699187,6.7317073170731705
ICTMicroclimate-06,14,8,Aug,16.86341463414634,51.56544715447155,6.105691056910569
ICTMicroclimate-06,14,9,Sep,17.383966244725737,50.11350210970464,1.1898734177215189
ICTMicroclimate-06,14,10,Oct,19.680737704918034,48.09795081967213,2.0327868852459017
ICTMicroclimate-06,14,11,Nov,21.007594936708863,51.8379746835443,2.388185654008439
ICTMicroclimate-06,14,12,Dec,23.983606557377048,44.851229508196724,2.151639344262295
ICTMicroclimate-06,15,1,Jan,26.356275303643724,46.911740890688264,4.923076923076923
ICTMicroclimate-06,15,2,Feb,25.696946564885497,48.62290076335878,3.885496183206107
ICTMicroclimate-06,15,3,Mar,25.23821138211382,49.26260162601626,3.430894308943089
ICTMicroclimate-06,15,4,Apr,22.425833333333333,51.223333333333336,3.9166666666666665
ICTMicroclimate-06,15,5,May,18.22074074074074,51.754074074074076,6.688888888888889
ICTMicroclimate-06,15,6,Jun,13.720762711864406,60.5271186440678,5.63135593220339
ICTMicroclimate-06,15,7,Jul,13.539430894308943,63.87317073170731,6.2926829268292686
ICTMicroclimate-06,15,8,Aug,16.54736842105263,52.721862348178135,5.6882591093117405
ICTMicroclimate-06,15,9,Sep,17.20622406639004,50.97593360995851,1.1535269709543567
ICTMicroclimate-06,15,10,Oct,19.979591836734695,47.63142857142857,1.7836734693877552
ICTMicroclimate-06,15,11,Nov,21.35531914893617,51.12297872340425,2.8468085106382977
ICTMicroclimate-06,15,12,Dec,24.175102040816324,44.91755102040816,2.073469387755102
ICTMicroclimate-06,16,1,Jan,26.452916666666667,46.842083333333335,4.9125
ICTMicroclimate-06,16,2,Feb,25.61287878787879,48.49545454545454,6.21969696969697
ICTMicroclimate-06,16,3,Mar,24.93821138211382,50.73170731707317,3.6016260162601625
ICTMicroclimate-06,16,4,Apr,21.921008403361345,52.88235294117647,3.7394957983193278
ICTMicroclimate-06,16,5,May,17.396268656716416,54.40149253731344,6.097014925373134
ICTMicroclimate-06,16,6,Jun,13.14375,62.930416666666666,5.254166666666666
ICTMicroclimate-06,16,7,Jul,13.044354838709678,65.85524193548387,6.326612903225806
ICTMicroclimate-06,16,8,Aug,15.931726907630521,55.80642570281124,5.63855421686747
ICTMicroclimate-06,16,9,Sep,16.913389121338913,52.48535564853557,1.1422594142259415
ICTMicroclimate-06,16,10,Oct,19.732530120481925,48.901204819277105,1.6827309236947792
ICTMicroclimate-06,16,11,Nov,21.258649789029537,51.604219409282706,2.7552742616033754
ICTMicroclimate-06,16,12,Dec,24.1932,45.7368,1.96
ICTMicroclimate-06,17,1,Jan,26.2239837398374,48.068292682926824,4.821138211382114
ICTMicroclimate-06,17,2,Feb,25.361832061068704,49.361068702290076,6.038167938931298
ICTMicroclimate-06,17,3,Mar,24.40330578512397,53.280165289256196,3.115702479338843
ICTMicroclimate-06,17,4,Apr,21.032500000000002,55.95916666666667,4.283333333333333
ICTMicroclimate-06,17,5,May,16.443703703703704,58.535555555555554,5.17037037037037
ICTMicroclimate-06,17,6,Jun,12.43807531380753,66.43012552301255,5.334728033472803
ICTMicroclimate-06,17,7,Jul,12.369635627530364,68.96842105263158,6.2591093117408905
ICTMicroclimate-06,17,8,Aug,14.966530612244899,59.20979591836735,4.857142857142857
ICTMicroclimate-06,17,9,Sep,16.07310924369748,56.27016806722689,1.134453781512605
ICTMicroclimate-06,17,10,Oct,19.039591836734694,51.89755102040816,1.8081632653061224
ICTMicroclimate-06,17,11,Nov,20.761344537815127,53.27731092436975,2.668067226890756
ICTMicroclimate-06,17,12,Dec,23.797530864197533,47.36954732510288,1.868312757201646
ICTMicroclimate-06,18,1,Jan,25.280566801619432,50.47246963562753,4.947368421052632
ICTMicroclimate-06,18,2,Feb,24.287022900763358,52.49618320610687,3.969465648854962
ICTMicroclimate-06,18,3,Mar,23.475609756097562,56.00650406504065,2.886178861788618
ICTMicroclimate-06,18,4,Apr,20.16916666666667,58.21333333333334,5.2
ICTMicroclimate-06,18,5,May,15.480597014925374,62.02164179104477,5.365671641791045
ICTMicroclimate-06,18,6,Jun,11.970833333333333,68.39,5.379166666666666
ICTMicroclimate-06,18,7,Jul,11.768292682926829,71.83130081300813,5.979674796747967
ICTMicroclimate-06,18,8,Aug,14.11604938271605,62.804115226337444,5.234567901234568
ICTMicroclimate-06,18,9,Sep,15.257627118644068,59.67330508474576,1.1398305084745763
ICTMicroclimate-06,18,10,Oct,18.250202429149798,54.97651821862348,1.7206477732793521
ICTMicroclimate-06,18,11,Nov,20.13193277310924,55.78781512605042,2.8403361344537816
ICTMicroclimate-06,18,12,Dec,23.22782258064516,49.417741935483875,1.8306451612903225
ICTMicroclimate-06,19,1,Jan,24.217499999999998,53.56916666666667,5.316666666666666
ICTMicroclimate-06,19,2,Feb,23.4206106870229,54.69312977099237,4.091603053435114
ICTMicroclimate-06,19,3,Mar,22.539024390243902,58.694308943089425,3.186991869918699
ICTMicroclimate-06,19,4,Apr,19.294117647058822,61.60252100840336,4.4033613445378155
ICTMicroclimate-06,19,5,May,14.73014705882353,64.74705882352941,6.073529411764706
ICTMicroclimate-06,19,6,Jun,11.542857142857143,69.88225108225107,5.70995670995671
ICTMicroclimate-06,19,7,Jul,11.349583333333333,73.51666666666667,5.566666666666666
ICTMicroclimate-06,19,8,Aug,13.400833333333333,65.395,5.2125
ICTMicroclimate-06,19,9,Sep,14.66828193832599,62.53303964757709,1.1277533039647578
ICTMicroclimate-06,19,10,Oct,17.383796296296296,58.07592592592592,1.8194444444444444
ICTMicroclimate-06,19,11,Nov,19.270403587443948,59.323766816143504,3.1838565022421523
ICTMicroclimate-06,19,12,Dec,21.855510204081636,53.402857142857144,1.8653061224489795
ICTMicroclimate-06,20,1,Jan,22.659670781893006,57.479835390946505,5.559670781893004
ICTMicroclimate-06,20,2,Feb,22.191538461538464,58.40153846153846,3.5615384615384613
ICTMicroclimate-06,20,3,Mar,21.62066115702479,61.33140495867769,3.603305785123967
ICTMicroclimate-06,20,4,Apr,18.508474576271187,64.51186440677965,5.11864406779661
ICTMicroclimate-06,20,5,May,13.986614173228347,67.32913385826771,6.881889763779528
ICTMicroclimate-06,20,6,Jun,11.069868995633188,71.9829694323144,6.048034934497816
ICTMicroclimate-06,20,7,Jul,10.96,74.36083333333333,6.095833333333333
ICTMicroclimate-06,20,8,Aug,12.889711934156377,67.21152263374485,5.399176954732511
ICTMicroclimate-06,20,9,Sep,14.264102564102565,64.11752136752136,1.1752136752136753
ICTMicroclimate-06,20,10,Oct,16.532701421800947,60.03744075829384,1.8767772511848342
ICTMicroclimate-06,20,11,Nov,18.201785714285712,62.614285714285714,3.0580357142857144
ICTMicroclimate-06,20,12,Dec,20.524193548387096,57.10685483870968,2.0483870967741935
ICTMicroclimate-06,21,1,Jan,21.427016129032257,61.04435483870968,6.205645161290323
ICTMicroclimate-06,21,2,Feb,21.40692307692308,61.06153846153846,3.7
ICTMicroclimate-06,21,3,Mar,20.935245901639345,62.81803278688525,3.5901639344262297
ICTMicroclimate-06,21,4,Apr,17.990909090909092,66.5495867768595,5.619834710743802
ICTMicroclimate-06,21,5,May,13.64436090225564,69.39022556390977,7.473684210526316
ICTMicroclimate-06,21,6,Jun,10.681115879828326,73.7274678111588,6.266094420600858
ICTMicroclimate-06,21,7,Jul,10.582186234817815,75.54372469635628,5.7894736842105265
ICTMicroclimate-06,21,8,Aug,12.494399999999999,69.0168,5.76
ICTMicroclimate-06,21,9,Sep,13.885344827586207,65.29008620689655,1.3448275862068966
ICTMicroclimate-06,21,10,Oct,16.067811158798285,61.75965665236051,2.3090128755364807
ICTMicroclimate-06,21,11,Nov,17.425862068965518,65.66724137931034,2.956896551724138
ICTMicroclimate-06,21,12,Dec,19.484426229508195,59.52827868852459,1.9467213114754098
ICTMicroclimate-06,22,1,Jan,20.809274193548386,63.17903225806452,4.758064516129032
ICTMicroclimate-06,22,2,Feb,20.54732824427481,63.76106870229008,3.984732824427481
ICTMicroclimate-06,22,3,Mar,20.050806451612903,66.05887096774194,3.5403225806451615
ICTMicroclimate-06,22,4,Apr,17.34,68.52333333333333,6.158333333333333
ICTMicroclimate-06,22,5,May,13.295454545454545,70.34848484848484,7.606060606060606
ICTMicroclimate-06,22,6,Jun,10.304255319148936,75.08468085106384,6.723404255319149
ICTMicroclimate-06,22,7,Jul,10.35668016194332,76.16518218623482,5.246963562753036
ICTMicroclimate-06,22,8,Aug,11.928744939271255,71.29878542510122,5.906882591093117
ICTMicroclimate-06,22,9,Sep,13.581742738589211,66.21659751037343,1.3526970954356847
ICTMicroclimate-06,22,10,Oct,15.309387755102042,64.0065306122449,2.3877551020408165
ICTMicroclimate-06,22,11,Nov,16.848953974895398,66.96820083682009,2.912133891213389
ICTMicroclimate-06,22,12,Dec,18.542276422764225,61.78333333333334,2.1260162601626016
ICTMicroclimate-06,23,1,Jan,20.22217741935484,64.65161290322581,4.411290322580645
ICTMicroclimate-06,23,2,Feb,19.98939393939394,65.51818181818182,4.196969696969697
ICTMicroclimate-06,23,3,Mar,19.469354838709677,68.26854838709677,3.7338709677419355
ICTMicroclimate-06,23,4,Apr,17.03613445378151,69.13529411764706,5.4789915966386555
ICTMicroclimate-06,23,5,May,12.850381679389313,70.99541984732824,8.541984732824428
ICTMicroclimate-06,23,6,Jun,10.028033472803347,75.90669456066946,7.129707112970712
ICTMicroclimate-06,23,7,Jul,10.009274193548388,77.2084677419355,6.169354838709677
ICTMicroclimate-06,23,8,Aug,11.51290322580645,72.58064516129032,5.919354838709677
ICTMicroclimate-06,23,9,Sep,13.26,66.71,1.4208333333333334
ICTMicroclimate-06,23,10,Oct,14.927822580645161,65.22137096774193,2.495967741935484
ICTMicroclimate-06,23,11,Nov,16.33625,68.55333333333333,3.1416666666666666
ICTMicroclimate-06,23,12,Dec,17.933870967741935,63.436290322580646,2.0080645161290325
ICTMicroclimate-07,0,1,Jan,19.87560975609756,65.10081300813007,3.4552845528455283
ICTMicroclimate-07,0,2,Feb,19.653676470588238,65.89485294117648,2.9779411764705883
ICTMicroclimate-07,0,3,Mar,19.20081300813008,69.79268292682927,2.9186991869918697
ICTMicroclimate-07,0,4,Apr,16.847899159663868,69.8890756302521,5.319327731092437
ICTMicroclimate-07,0,5,May,12.654761904761905,70.73333333333333,9.84920634920635
ICTMicroclimate-07,0,6,Jun,9.843333333333334,76.88708333333334,7.154166666666667
ICTMicroclimate-07,0,7,Jul,9.738524590163934,78.1077868852459,6.19672131147541
ICTMicroclimate-07,0,8,Aug,10.834156378600822,74.55637860082305,8.11522633744856
ICTMicroclimate-07,0,9,Sep,12.994166666666667,66.39833333333334,2.4875
ICTMicroclimate-07,0,10,Oct,14.376518218623481,66.84534412955465,2.5668016194331984
ICTMicroclimate-07,0,11,Nov,15.984388185654009,69.24683544303798,3.540084388185654
ICTMicroclimate-07,0,12,Dec,17.626315789473683,64.23157894736842,3.360323886639676
ICTMicroclimate-07,1,1,Jan,19.311290322580643,66.9584677419355,3.568548387096774
ICTMicroclimate-07,1,2,Feb,19.25925925925926,67.01037037037037,2.977777777777778
ICTMicroclimate-07,1,3,Mar,18.794354838709676,71.27822580645162,2.967741935483871
ICTMicroclimate-07,1,4,Apr,16.376923076923077,71.97521367521368,5.6752136752136755
ICTMicroclimate-07,1,5,May,12.362878787878788,70.90984848484848,10.378787878787879
ICTMicroclimate-07,1,6,Jun,9.630833333333333,77.70416666666667,7.5
ICTMicroclimate-07,1,7,Jul,9.549797570850203,78.37773279352227,6.323886639676114
ICTMicroclimate-07,1,8,Aug,10.45983606557377,75.73032786885246,8.15983606557377
ICTMicroclimate-07,1,9,Sep,12.749790794979079,66.3397489539749,2.5606694560669454
ICTMicroclimate-07,1,10,Oct,13.904453441295546,68.39878542510121,2.4817813765182186
ICTMicroclimate-07,1,11,Nov,15.572803347280335,70.5539748953975,3.5523012552301254
ICTMicroclimate-07,1,12,Dec,17.21133603238866,65.48623481781377,3.331983805668016
ICTMicroclimate-07,2,1,Jan,18.928861788617887,68.29146341463415,3.5284552845528454
ICTMicroclimate-07,2,2,Feb,18.89485294117647,67.79485294117647,3.2573529411764706
ICTMicroclimate-07,2,3,Mar,18.44193548387097,72.39274193548388,3.5161290322580645
ICTMicroclimate-07,2,4,Apr,15.715447154471544,73.90406504065041,5.2926829268292686
ICTMicroclimate-07,2,5,May,11.970454545454544,71.6719696969697,9.659090909090908
ICTMicroclimate-07,2,6,Jun,9.359832635983263,78.64351464435146,7.564853556485356
ICTMicroclimate-07,2,7,Jul,9.351821862348178,78.64736842105263,6.647773279352227
ICTMicroclimate-07,2,8,Aug,10.191935483870967,75.99354838709678,8.274193548387096
ICTMicroclimate-07,2,9,Sep,12.464705882352941,66.64243697478992,2.172268907563025
ICTMicroclimate-07,2,10,Oct,13.380416666666667,69.5075,2.433333333333333
ICTMicroclimate-07,2,11,Nov,15.230962343096234,71.57698744769876,3.5313807531380754
ICTMicroclimate-07,2,12,Dec,16.815447154471546,66.4369918699187,3.2886178861788617
ICTMicroclimate-07,3,1,Jan,18.58225806451613,69.15685483870968,3.625
ICTMicroclimate-07,3,2,Feb,18.507407407407406,68.85777777777777,3.466666666666667
ICTMicroclimate-07,3,3,Mar,18.07016129032258,73.17096774193548,3.806451612903226
ICTMicroclimate-07,3,4,Apr,15.495798319327731,75.6655462184874,5.773109243697479
ICTMicroclimate-07,3,5,May,11.643939393939394,72.21439393939393,10.363636363636363
ICTMicroclimate-07,3,6,Jun,9.149999999999999,79.04285714285714,7.735294117647059
ICTMicroclimate-07,3,7,Jul,9.108502024291498,79.47044534412956,7.113360323886639
ICTMicroclimate-07,3,8,Aug,9.92983870967742,76.77540322580644,8.487903225806452
ICTMicroclimate-07,3,9,Sep,12.120000000000001,67.55749999999999,2.0375
ICTMicroclimate-07,3,10,Oct,13.145934959349594,69.75243902439024,2.459349593495935
ICTMicroclimate-07,3,11,Nov,14.941666666666666,72.33666666666666,3.566666666666667
ICTMicroclimate-07,3,12,Dec,16.417004048582996,67.53360323886639,3.3522267206477734
ICTMicroclimate-07,4,1,Jan,18.241295546558707,70.24615384615385,3.591093117408907
ICTMicroclimate-07,4,2,Feb,18.24264705882353,69.39264705882353,3.7794117647058822
ICTMicroclimate-07,4,3,Mar,17.75725806451613,74.28951612903225,4.201612903225806
ICTMicroclimate-07,4,4,Apr,15.12436974789916,76.78571428571429,5.857142857142857
ICTMicroclimate-07,4,5,May,11.314503816793893,73.09007633587785,10.450381679389313
ICTMicroclimate-07,4,6,Jun,8.890833333333335,79.54625,8.079166666666667
ICTMicroclimate-07,4,7,Jul,8.875806451612902,80.23467741935484,6.94758064516129
ICTMicroclimate-07,4,8,Aug,9.742105263157896,77.1157894736842,8.902834008097166
ICTMicroclimate-07,4,9,Sep,11.739495798319327,68.55126050420168,2.3445378151260505
ICTMicroclimate-07,4,10,Oct,12.906854838709679,69.85161290322581,2.471774193548387
ICTMicroclimate-07,4,11,Nov,14.590794979079497,73.48953974895397,3.589958158995816
ICTMicroclimate-07,4,12,Dec,16.14898785425101,67.93522267206478,3.3927125506072873
ICTMicroclimate-07,5,1,Jan,17.931451612903224,71.18225806451613,3.568548387096774
ICTMicroclimate-07,5,2,Feb,18.162222222222223,69.44814814814815,4.051851851851852
ICTMicroclimate-07,5,3,Mar,17.521311475409835,75.39344262295081,4.450819672131147
ICTMicroclimate-07,5,4,Apr,15.0075,76.31166666666667,6.283333333333333
ICTMicroclimate-07,5,5,May,11.025757575757577,73.91818181818182,10.25
ICTMicroclimate-07,5,6,Jun,8.688702928870292,79.82301255230126,8.347280334728033
ICTMicroclimate-07,5,7,Jul,8.777016129032257,80.64354838709677,7.112903225806452
ICTMicroclimate-07,5,8,Aug,9.504048582995951,77.71943319838057,8.813765182186234
ICTMicroclimate-07,5,9,Sep,11.51213389121339,69.2949790794979,2.5481171548117154
ICTMicroclimate-07,5,10,Oct,12.697975708502025,70.12105263157895,2.619433198380567
ICTMicroclimate-07,5,11,Nov,14.254393305439331,74.04560669456068,3.573221757322176
ICTMicroclimate-07,5,12,Dec,15.884615384615385,68.31457489878542,3.2186234817813766
ICTMicroclimate-07,6,1,Jan,17.813414634146344,71.38170731707318,3.886178861788618
ICTMicroclimate-07,6,2,Feb,18.11044776119403,68.81492537313433,4.126865671641791
ICTMicroclimate-07,6,3,Mar,17.352845528455287,75.92276422764228,4.536585365853658
ICTMicroclimate-07,6,4,Apr,14.87310924369748,75.6,6.487394957983193
ICTMicroclimate-07,6,5,May,10.919847328244275,74.08931297709924,10.366412213740459
ICTMicroclimate-07,6,6,Jun,8.549159663865547,80.07058823529411,8.415966386554622
ICTMicroclimate-07,6,7,Jul,8.75241935483871,80.67620967741935,7.233870967741935
ICTMicroclimate-07,6,8,Aug,9.400403225806452,77.87741935483871,8.693548387096774
ICTMicroclimate-07,6,9,Sep,11.410878661087866,69.58828451882844,2.6401673640167362
ICTMicroclimate-07,6,10,Oct,12.597950819672132,70.49631147540983,2.5450819672131146
ICTMicroclimate-07,6,11,Nov,14.134309623430962,74.01715481171547,3.585774058577406
ICTMicroclimate-07,6,12,Dec,15.843951612903227,68.1516129032258,2.685483870967742
ICTMicroclimate-07,7,1,Jan,18.338617886178863,69.3910569105691,4.154471544715447
ICTMicroclimate-07,7,2,Feb,18.25111111111111,68.31777777777778,4.274074074074074
ICTMicroclimate-07,7,3,Mar,17.2,76.43414634146342,4.829268292682927
ICTMicroclimate-07,7,4,Apr,15.25,74.13916666666667,6.508333333333334
ICTMicroclimate-07,7,5,May,10.746969696969696,74.3810606060606,10.416666666666666
ICTMicroclimate-07,7,6,Jun,8.459166666666667,80.09458333333333,8.520833333333334
ICTMicroclimate-07,7,7,Jul,8.646963562753037,80.81174089068826,7.230769230769231
ICTMicroclimate-07,7,8,Aug,9.50204081632653,77.62897959183672,8.808163265306122
ICTMicroclimate-07,7,9,Sep,11.868487394957983,68.18151260504202,2.676470588235294
ICTMicroclimate-07,7,10,Oct,13.096311475409836,68.7733606557377,2.6188524590163933
ICTMicroclimate-07,7,11,Nov,14.741596638655462,72.0764705882353,3.7563025210084033
ICTMicroclimate-07,7,12,Dec,16.810569105691055,64.81422764227642,2.7804878048780486
ICTMicroclimate-07,8,1,Jan,19.607723577235774,64.83739837398375,4.069105691056911
ICTMicroclimate-07,8,2,Feb,19.420588235294115,64.44264705882354,4.544117647058823
ICTMicroclimate-07,8,3,Mar,17.909599999999998,74.336,4.608
ICTMicroclimate-07,8,4,Apr,16.635833333333334,68.90166666666667,6.65
ICTMicroclimate-07,8,5,May,11.470542635658916,71.9093023255814,10.434108527131784
ICTMicroclimate-07,8,6,Jun,8.777824267782426,79.68702928870293,8.510460251046025
ICTMicroclimate-07,8,7,Jul,8.983805668016194,79.57773279352227,7.230769230769231
ICTMicroclimate-07,8,8,Aug,10.317004048582996,74.90445344129556,8.793522267206479
ICTMicroclimate-07,8,9,Sep,13.284937238493724,63.33430962343096,2.8535564853556483
ICTMicroclimate-07,8,10,Oct,14.389754098360655,64.58073770491804,2.6147540983606556
ICTMicroclimate-07,8,11,Nov,15.910416666666666,68.07416666666667,3.9833333333333334
ICTMicroclimate-07,8,12,Dec,18.247154471544714,60.08861788617886,2.5284552845528454
ICTMicroclimate-07,9,1,Jan,21.255102040816325,58.97877551020408,4.053061224489796
ICTMicroclimate-07,9,2,Feb,21.113235294117647,58.63161764705882,4.345588235294118
ICTMicroclimate-07,9,3,Mar,19.85,67.79596774193548,4.233870967741935
ICTMicroclimate-07,9,4,Apr,18.9175,60.0525,6.358333333333333
ICTMicroclimate-07,9,5,May,14.031818181818181,63.86060606060607,10.348484848484848
ICTMicroclimate-07,9,6,Jun,10.162343096234311,75.82217573221757,8.585774058577407
ICTMicroclimate-07,9,7,Jul,10.144308943089431,76.11178861788618,7.219512195121951
ICTMicroclimate-07,9,8,Aug,12.213306451612903,68.61854838709678,8.97983870967742
ICTMicroclimate-07,9,9,Sep,14.651250000000001,58.09708333333333,2.7708333333333335
ICTMicroclimate-07,9,10,Oct,15.860330578512396,59.40826446280992,2.4545454545454546
ICTMicroclimate-07,9,11,Nov,17.249159663865548,63.702521008403366,4.088235294117647
ICTMicroclimate-07,9,12,Dec,19.79551020408163,55.276326530612245,2.4693877551020407
ICTMicroclimate-07,10,1,Jan,22.875403225806455,53.898387096774194,4.173387096774194
ICTMicroclimate-07,10,2,Feb,22.84285714285714,53.054135338345866,4.203007518796992
ICTMicroclimate-07,10,3,Mar,21.839837398373984,60.80975609756098,4.333333333333333
ICTMicroclimate-07,10,4,Apr,20.31833333333333,55.406666666666666,6.416666666666667
ICTMicroclimate-07,10,5,May,16.38854961832061,56.50916030534351,10.50381679389313
ICTMicroclimate-07,10,6,Jun,11.792050209205021,70.30083682008369,8.552301255230125
ICTMicroclimate-07,10,7,Jul,11.723481781376517,70.93441295546559,7.425101214574899
ICTMicroclimate-07,10,8,Aug,13.991497975708503,62.582995951417004,8.842105263157896
ICTMicroclimate-07,10,9,Sep,15.521702127659575,55.0863829787234,2.3148936170212764
ICTMicroclimate-07,10,10,Oct,17.06761133603239,54.72388663967611,2.3684210526315788
ICTMicroclimate-07,10,11,Nov,18.47991631799163,59.74769874476988,3.8661087866108788
ICTMicroclimate-07,10,12,Dec,21.1625,51.59798387096774,2.528225806451613
ICTMicroclimate-07,11,1,Jan,24.269354838709678,50.41209677419355,4.096774193548387
ICTMicroclimate-07,11,2,Feb,24.444274809160305,48.906106870229,4.030534351145038
ICTMicroclimate-07,11,3,Mar,23.39516129032258,55.704032258064515,4.080645161290323
ICTMicroclimate-07,11,4,Apr,21.69831932773109,51.252100840336134,6.142857142857143
ICTMicroclimate-07,11,5,May,17.46030534351145,53.35496183206107,11.511450381679388
ICTMicroclimate-07,11,6,Jun,12.947698744769875,66.181589958159,8.364016736401673
ICTMicroclimate-07,11,7,Jul,12.681854838709677,67.53104838709677,7.318548387096774
ICTMicroclimate-07,11,8,Aug,15.456275303643723,57.0165991902834,8.080971659919028
ICTMicroclimate-07,11,9,Sep,16.32995780590717,52.26540084388186,2.0970464135021096
ICTMicroclimate-07,11,10,Oct,18.025609756097563,52.19593495934959,2.2886178861788617
ICTMicroclimate-07,11,11,Nov,19.529707112970712,55.98326359832636,3.598326359832636
ICTMicroclimate-07,11,12,Dec,22.159016393442624,48.80491803278689,2.7049180327868854
ICTMicroclimate-07,12,1,Jan,24.981147540983606,49.204918032786885,4.110655737704918
ICTMicroclimate-07,12,2,Feb,25.527272727272727,46.73409090909091,4.0
ICTMicroclimate-07,12,3,Mar,24.385483870967743,53.016935483870974,3.8225806451612905
ICTMicroclimate-07,12,4,Apr,22.506666666666668,49.876666666666665,6.141666666666667
ICTMicroclimate-07,12,5,May,18.074045801526715,52.15419847328244,11.267175572519085
ICTMicroclimate-07,12,6,Jun,13.733054393305439,62.86485355648536,7.811715481171548
ICTMicroclimate-07,12,7,Jul,13.491463414634147,64.23008130081301,7.300813008130081
ICTMicroclimate-07,12,8,Aug,16.32016129032258,53.71814516129032,7.600806451612903
ICTMicroclimate-07,12,9,Sep,16.78655462184874,51.57899159663865,1.9621848739495797
ICTMicroclimate-07,12,10,Oct,18.7748987854251,50.06599190283401,2.3643724696356276
ICTMicroclimate-07,12,11,Nov,20.075527426160335,54.15738396624472,3.5780590717299576
ICTMicroclimate-07,12,12,Dec,22.9246963562753,47.08016194331984,2.720647773279352
ICTMicroclimate-07,13,1,Jan,25.828799999999998,47.5772,3.972
ICTMicroclimate-07,13,2,Feb,25.74885496183206,47.64580152671756,3.83206106870229
ICTMicroclimate-07,13,3,Mar,25.22983870967742,50.862096774193546,3.7903225806451615
ICTMicroclimate-07,13,4,Apr,23.058620689655175,48.891379310344824,6.293103448275862
ICTMicroclimate-07,13,5,May,18.59242424242424,50.97045454545455,10.825757575757576
ICTMicroclimate-07,13,6,Jun,14.122689075630252,60.694117647058825,7.415966386554622
ICTMicroclimate-07,13,7,Jul,13.661847389558234,63.78755020080322,7.27710843373494
ICTMicroclimate-07,13,8,Aug,16.73467741935484,52.288709677419355,7.237903225806452
ICTMicroclimate-07,13,9,Sep,17.15313807531381,50.67907949790795,1.99163179916318
ICTMicroclimate-07,13,10,Oct,19.413709677419355,48.16048387096774,2.318548387096774
ICTMicroclimate-07,13,11,Nov,20.744769874476987,52.380334728033475,3.3430962343096233
ICTMicroclimate-07,13,12,Dec,23.66437246963563,45.570040485829956,2.8421052631578947
ICTMicroclimate-07,14,1,Jan,26.364754098360656,46.54631147540983,4.024590163934426
ICTMicroclimate-07,14,2,Feb,26.293893129770993,46.77175572519084,3.6946564885496183
ICTMicroclimate-07,14,3,Mar,25.81935483870968,48.7008064516129,3.7983870967741935
ICTMicroclimate-07,14,4,Apr,23.292241379310347,48.8198275862069,6.094827586206897
ICTMicroclimate-07,14,5,May,18.885925925925925,50.086666666666666,9.274074074074074
ICTMicroclimate-07,14,6,Jun,14.302074688796681,58.93651452282158,7.261410788381743
ICTMicroclimate-07,14,7,Jul,13.678600823045269,63.68600823045268,7.1440329218107
ICTMicroclimate-07,14,8,Aug,16.9834008097166,51.32995951417004,7.4089068825910935
ICTMicroclimate-07,14,9,Sep,17.452100840336136,50.01974789915967,2.100840336134454
ICTMicroclimate-07,14,10,Oct,19.940080971659917,47.833603238866395,2.3198380566801617
ICTMicroclimate-07,14,11,Nov,21.324786324786324,50.86666666666666,3.034188034188034
ICTMicroclimate-07,14,12,Dec,24.073469387755104,44.76122448979592,2.938775510204082
ICTMicroclimate-07,15,1,Jan,26.534146341463412,46.58983739837399,3.934959349593496
ICTMicroclimate-07,15,2,Feb,26.359848484848484,47.04924242424242,4.734848484848484
ICTMicroclimate-07,15,3,Mar,25.87560975609756,47.36666666666667,3.772357723577236
ICTMicroclimate-07,15,4,Apr,22.80666666666667,50.204166666666666,5.45
ICTMicroclimate-07,15,5,May,18.41470588235294,50.91838235294117,8.014705882352942
ICTMicroclimate-07,15,6,Jun,13.898326359832636,60.06234309623431,6.535564853556485
ICTMicroclimate-07,15,7,Jul,13.654838709677419,63.63145161290323,6.82258064516129
ICTMicroclimate-07,15,8,Aug,16.632113821138212,52.6609756097561,7.17479674796748
ICTMicroclimate-07,15,9,Sep,17.19831932773109,51.02142857142857,1.8823529411764706
ICTMicroclimate-07,15,10,Oct,20.340650406504064,46.74959349593496,2.182926829268293
ICTMicroclimate-07,15,11,Nov,21.69237288135593,50.094067796610176,2.940677966101695
ICTMicroclimate-07,15,12,Dec,24.437751004016064,44.549397590361444,2.9919678714859437
ICTMicroclimate-07,16,1,Jan,26.40931174089069,47.1412955465587,4.113360323886639
ICTMicroclimate-07,16,2,Feb,26.25267175572519,47.103053435114504,4.557251908396947
ICTMicroclimate-07,16,3,Mar,25.47258064516129,49.153225806451616,3.7983870967741935
ICTMicroclimate-07,16,4,Apr,21.95126050420168,52.94789915966387,5.26890756302521
ICTMicroclimate-07,16,5,May,17.40740740740741,54.46888888888889,7.466666666666667
ICTMicroclimate-07,16,6,Jun,13.233749999999999,62.56041666666667,5.616666666666666
ICTMicroclimate-07,16,7,Jul,13.080161943319839,65.62793522267206,6.425101214574899
ICTMicroclimate-07,16,8,Aug,15.797983870967743,56.10201612903226,7.060483870967742
ICTMicroclimate-07,16,9,Sep,16.81213389121339,52.9234309623431,1.782426778242678
ICTMicroclimate-07,16,10,Oct,19.922764227642276,48.462195121951225,2.024390243902439
ICTMicroclimate-07,16,11,Nov,21.68227848101266,50.58227848101266,2.818565400843882
ICTMicroclimate-07,16,12,Dec,24.452226720647772,45.35263157894737,2.8582995951417005
ICTMicroclimate-07,17,1,Jan,26.011693548387097,48.38951612903226,3.7903225806451615
ICTMicroclimate-07,17,2,Feb,25.396923076923077,49.21076923076923,4.684615384615385
ICTMicroclimate-07,17,3,Mar,24.253658536585366,53.457723577235775,3.6504065040650406
ICTMicroclimate-07,17,4,Apr,21.00593220338983,55.85084745762712,5.203389830508475
ICTMicroclimate-07,17,5,May,16.530882352941177,57.76397058823529,7.169117647058823
ICTMicroclimate-07,17,6,Jun,12.466101694915254,66.3635593220339,5.262711864406779
ICTMicroclimate-07,17,7,Jul,12.381300813008131,68.9430894308943,5.333333333333333
ICTMicroclimate-07,17,8,Aug,15.036065573770493,58.985245901639345,7.040983606557377
ICTMicroclimate-07,17,9,Sep,16.065833333333334,56.29416666666667,1.8375
ICTMicroclimate-07,17,10,Oct,19.133744855967077,51.65432098765432,1.9670781893004115
ICTMicroclimate-07,17,11,Nov,20.946638655462184,53.022268907563024,2.588235294117647
ICTMicroclimate-07,17,12,Dec,23.59595141700405,47.666396761133605,2.7530364372469633
ICTMicroclimate-07,18,1,Jan,24.713821138211383,51.92845528455285,3.7764227642276422
ICTMicroclimate-07,18,2,Feb,24.540458015267177,51.65190839694656,4.572519083969466
ICTMicroclimate-07,18,3,Mar,23.635483870967743,55.3233870967742,3.7983870967741935
ICTMicroclimate-07,18,4,Apr,20.345833333333335,57.57166666666667,5.208333333333333
ICTMicroclimate-07,18,5,May,15.685074626865672,61.31119402985075,7.373134328358209
ICTMicroclimate-07,18,6,Jun,12.02970711297071,68.14435146443515,4.97907949790795
ICTMicroclimate-07,18,7,Jul,11.776209677419354,71.80766129032257,5.181451612903226
ICTMicroclimate-07,18,8,Aug,14.162096774193548,62.424596774193546,6.112903225806452
ICTMicroclimate-07,18,9,Sep,15.337130801687763,59.290717299578056,1.8101265822784811
ICTMicroclimate-07,18,10,Oct,18.41902834008097,54.14412955465587,1.9230769230769231
ICTMicroclimate-07,18,11,Nov,20.184615384615384,55.909401709401706,2.5598290598290596
ICTMicroclimate-07,18,12,Dec,22.819512195121952,50.299186991869924,2.959349593495935
ICTMicroclimate-07,19,1,Jan,23.84136546184739,54.11124497991968,3.8835341365461846
ICTMicroclimate-07,19,2,Feb,23.485496183206106,54.394656488549614,4.526717557251908
ICTMicroclimate-07,19,3,Mar,22.67016129032258,57.976612903225806,3.6048387096774195
ICTMicroclimate-07,19,4,Apr,19.481512605042017,60.66638655462185,5.2100840336134455
ICTMicroclimate-07,19,5,May,14.907299270072992,64.42116788321168,7.357664233576642
ICTMicroclimate-07,19,6,Jun,11.57531380753138,69.82008368200837,4.97071129707113
ICTMicroclimate-07,19,7,Jul,11.354251012145749,73.21214574898787,4.9757085020242915
ICTMicroclimate-07,19,8,Aug,13.55241935483871,64.8508064516129,5.923387096774194
ICTMicroclimate-07,19,9,Sep,14.823236514522822,61.548962655601656,1.7012448132780082
ICTMicroclimate-07,19,10,Oct,17.356048387096774,57.73830645161291,2.0
ICTMicroclimate-07,19,11,Nov,19.322881355932203,58.815677966101696,2.635593220338983
ICTMicroclimate-07,19,12,Dec,21.857085020242913,53.33643724696356,3.0040485829959516
ICTMicroclimate-07,20,1,Jan,22.700404858299596,56.97246963562753,4.182186234817814
ICTMicroclimate-07,20,2,Feb,22.391603053435116,57.566412213740456,4.198473282442748
ICTMicroclimate-07,20,3,Mar,21.759349593495937,60.66341463414634,3.5853658536585367
ICTMicroclimate-07,20,4,Apr,18.733898305084747,63.405084745762714,5.5
ICTMicroclimate-07,20,5,May,14.22121212121212,67.06666666666666,7.348484848484849
ICTMicroclimate-07,20,6,Jun,11.107112970711297,71.95188284518828,5.7405857740585775
ICTMicroclimate-07,20,7,Jul,10.952822580645162,74.41129032258064,5.326612903225806
ICTMicroclimate-07,20,8,Aug,13.035887096774195,66.5733870967742,5.870967741935484
ICTMicroclimate-07,20,9,Sep,14.324686192468619,63.865271966527196,1.9079497907949792
ICTMicroclimate-07,20,10,Oct,16.57439024390244,60.108536585365854,2.0772357723577235
ICTMicroclimate-07,20,11,Nov,18.41196581196581,61.914957264957266,2.9444444444444446
ICTMicroclimate-07,20,12,Dec,20.682113821138213,56.431707317073176,3.073170731707317
ICTMicroclimate-07,21,1,Jan,21.609349593495935,60.4020325203252,4.2926829268292686
ICTMicroclimate-07,21,2,Feb,21.541666666666668,59.96515151515151,3.0984848484848486
ICTMicroclimate-07,21,3,Mar,21.07016129032258,61.946774193548386,3.6129032258064515
ICTMicroclimate-07,21,4,Apr,18.083333333333332,66.0075,5.341666666666667
ICTMicroclimate-07,21,5,May,13.790151515151514,68.64696969696969,7.098484848484849
ICTMicroclimate-07,21,6,Jun,10.715062761506276,73.65271966527196,5.874476987447698
ICTMicroclimate-07,21,7,Jul,10.592307692307694,75.5578947368421,5.77327935222672
ICTMicroclimate-07,21,8,Aug,12.514574898785424,68.8076923076923,6.097165991902834
ICTMicroclimate-07,21,9,Sep,13.908438818565402,65.0704641350211,2.080168776371308
ICTMicroclimate-07,21,10,Oct,16.060323886639676,61.2246963562753,2.222672064777328
ICTMicroclimate-07,21,11,Nov,17.60847457627119,65.05889830508474,3.2245762711864407
ICTMicroclimate-07,21,12,Dec,19.66122448979592,58.795918367346935,2.938775510204082
ICTMicroclimate-07,22,1,Jan,20.943724696356277,62.263967611336035,4.097165991902834
ICTMicroclimate-07,22,2,Feb,20.716030534351148,63.112213740458024,2.5267175572519083
ICTMicroclimate-07,22,3,Mar,20.17377049180328,65.16475409836066,3.442622950819672
ICTMicroclimate-07,22,4,Apr,17.52268907563025,67.69243697478991,5.243697478991597
ICTMicroclimate-07,22,5,May,13.450757575757576,69.28636363636363,7.378787878787879
ICTMicroclimate-07,22,6,Jun,10.35672268907563,74.8453781512605,6.684873949579832
ICTMicroclimate-07,22,7,Jul,10.383467741935483,76.00604838709677,6.891129032258065
ICTMicroclimate-07,22,8,Aug,11.994331983805667,70.89797570850202,6.331983805668016
ICTMicroclimate-07,22,9,Sep,13.609583333333335,66.12416666666667,2.066666666666667
ICTMicroclimate-07,22,10,Oct,15.425806451612903,63.564112903225805,2.443548387096774
ICTMicroclimate-07,22,11,Nov,16.953617021276596,66.78978723404255,3.4680851063829787
ICTMicroclimate-07,22,12,Dec,18.82967479674797,60.614227642276425,3.158536585365854
ICTMicroclimate-07,23,1,Jan,20.39230769230769,63.759919028340086,3.8137651821862346
ICTMicroclimate-07,23,2,Feb,20.179545454545455,64.58560606060605,2.522727272727273
ICTMicroclimate-07,23,3,Mar,19.624193548387098,67.2991935483871,3.185483870967742
ICTMicroclimate-07,23,4,Apr,17.133333333333333,68.62916666666666,5.333333333333333
ICTMicroclimate-07,23,5,May,13.006870229007633,70.27862595419847,8.48091603053435
ICTMicroclimate-07,23,6,Jun,10.09539748953975,75.67196652719664,6.828451882845188
ICTMicroclimate-07,23,7,Jul,10.031983805668016,77.10283400809718,6.838056680161944
ICTMicroclimate-07,23,8,Aug,11.54089068825911,72.30364372469636,6.680161943319838
ICTMicroclimate-07,23,9,Sep,13.284166666666666,66.34833333333333,2.129166666666667
ICTMicroclimate-07,23,10,Oct,15.000404858299595,64.77935222672065,2.57085020242915
ICTMicroclimate-07,23,11,Nov,16.455833333333334,68.04166666666667,3.533333333333333
ICTMicroclimate-07,23,12,Dec,18.117813765182188,62.770850202429145,3.348178137651822
ICTMicroclimate-08,0,1,Jan,19.886831275720166,65.01522633744857,5.909465020576132
ICTMicroclimate-08,0,2,Feb,19.716296296296296,65.22222222222223,4.977777777777778
ICTMicroclimate-08,0,3,Mar,19.33467741935484,69.03629032258064,7.443548387096774
ICTMicroclimate-08,0,4,Apr,17.02016806722689,69.55546218487395,10.092436974789916
ICTMicroclimate-08,0,5,May,12.983464566929134,69.7,10.622047244094489
ICTMicroclimate-08,0,6,Jun,10.352100840336135,74.02605042016808,11.903361344537815
ICTMicroclimate-08,0,7,Jul,10.136585365853659,75.91951219512195,8.33739837398374
ICTMicroclimate-08,0,8,Aug,11.364489795918368,72.1865306122449,10.473469387755102
ICTMicroclimate-08,0,9,Sep,13.244769874476987,65.25774058577406,5.920502092050209
ICTMicroclimate-08,0,10,Oct,14.608467741935485,65.7116935483871,4.862903225806452
ICTMicroclimate-08,0,11,Nov,16.056485355648537,68.49372384937239,5.707112970711297
ICTMicroclimate-08,0,12,Dec,17.638056680161945,64.16396761133603,3.9757085020242915
ICTMicroclimate-08,1,1,Jan,19.35748987854251,66.83562753036438,6.931174089068826
ICTMicroclimate-08,1,2,Feb,19.35255474452555,66.43795620437956,5.591240875912408
ICTMicroclimate-08,1,3,Mar,18.88951612903226,70.59354838709677,6.532258064516129
ICTMicroclimate-08,1,4,Apr,16.591735537190083,71.17190082644628,10.074380165289256
ICTMicroclimate-08,1,5,May,12.6,70.28030303030303,9.946969696969697
ICTMicroclimate-08,1,6,Jun,10.051882845188285,75.34602510460252,11.719665271966527
ICTMicroclimate-08,1,7,Jul,9.896341463414634,76.35934959349593,8.398373983739837
ICTMicroclimate-08,1,8,Aug,10.888524590163936,73.64262295081967,11.352459016393443
ICTMicroclimate-08,1,9,Sep,12.907916666666667,65.59708333333333,5.129166666666666
ICTMicroclimate-08,1,10,Oct,14.154878048780487,67.0829268292683,4.817073170731708
ICTMicroclimate-08,1,11,Nov,15.685416666666667,69.43416666666667,5.304166666666666
ICTMicroclimate-08,1,12,Dec,17.26733870967742,65.16290322580645,3.9516129032258065
ICTMicroclimate-08,2,1,Jan,18.941869918699187,68.35731707317073,8.0
ICTMicroclimate-08,2,2,Feb,18.90294117647059,67.57279411764705,5.485294117647059
ICTMicroclimate-08,2,3,Mar,18.477235772357723,72.230081300813,6.430894308943089
ICTMicroclimate-08,2,4,Apr,16.04516129032258,72.4266129032258,9.92741935483871
ICTMicroclimate-08,2,5,May,12.295419847328244,70.93893129770993,10.274809160305344
ICTMicroclimate-08,2,6,Jun,9.887083333333333,75.73,12.3375
ICTMicroclimate-08,2,7,Jul,9.644354838709678,76.91411290322581,7.891129032258065
ICTMicroclimate-08,2,8,Aug,10.517408906882592,74.5080971659919,11.040485829959515
ICTMicroclimate-08,2,9,Sep,12.692050209205021,65.44728033472803,4.937238493723849
ICTMicroclimate-08,2,10,Oct,13.615481171548117,68.36443514644351,4.2468619246861925
ICTMicroclimate-08,2,11,Nov,15.27310924369748,70.7390756302521,5.495798319327731
ICTMicroclimate-08,2,12,Dec,16.87813765182186,65.92591093117409,3.769230769230769
ICTMicroclimate-08,3,1,Jan,18.60524193548387,69.32620967741936,7.891129032258065
ICTMicroclimate-08,3,2,Feb,18.52794117647059,68.46911764705882,5.4338235294117645
ICTMicroclimate-08,3,3,Mar,18.212903225806453,72.58709677419354,6.266129032258065
ICTMicroclimate-08,3,4,Apr,15.761666666666667,74.58083333333335,10.308333333333334
ICTMicroclimate-08,3,5,May,11.98091603053435,71.53969465648855,10.946564885496183
ICTMicroclimate-08,3,6,Jun,9.625416666666666,76.40166666666667,12.591666666666667
ICTMicroclimate-08,3,7,Jul,9.436437246963564,77.62874493927126,7.708502024291498
ICTMicroclimate-08,3,8,Aug,10.294736842105264,75.23036437246964,10.404858299595142
ICTMicroclimate-08,3,9,Sep,12.295798319327732,66.47899159663865,4.647058823529412
ICTMicroclimate-08,3,10,Oct,13.389837398373984,68.7280487804878,4.2317073170731705
ICTMicroclimate-08,3,11,Nov,15.072803347280335,71.61506276150628,5.456066945606694
ICTMicroclimate-08,3,12,Dec,16.59068825910931,66.76801619433199,3.8502024291497974
ICTMicroclimate-08,4,1,Jan,18.282661290322583,70.31814516129033,7.899193548387097
ICTMicroclimate-08,4,2,Feb,18.28455882352941,69.09705882352942,4.977941176470588
ICTMicroclimate-08,4,3,Mar,17.975609756097562,73.37235772357722,5.723577235772358
ICTMicroclimate-08,4,4,Apr,15.389999999999999,75.71916666666667,10.4
ICTMicroclimate-08,4,5,May,11.690909090909091,71.83863636363637,11.265151515151516
ICTMicroclimate-08,4,6,Jun,9.41470588235294,76.85756302521008,12.714285714285714
ICTMicroclimate-08,4,7,Jul,9.225101214574899,78.12105263157895,7.97165991902834
ICTMicroclimate-08,4,8,Aug,10.091902834008096,75.54777327935223,10.878542510121457
ICTMicroclimate-08,4,9,Sep,12.0744769874477,66.96359832635983,4.7531380753138075
ICTMicroclimate-08,4,10,Oct,13.173387096774194,68.6008064516129,4.157258064516129
ICTMicroclimate-08,4,11,Nov,14.735833333333334,72.45708333333333,5.208333333333333
ICTMicroclimate-08,4,12,Dec,16.309677419354838,67.06612903225808,3.495967741935484
ICTMicroclimate-08,5,1,Jan,17.98582995951417,71.03238866396761,7.825910931174089
ICTMicroclimate-08,5,2,Feb,18.208888888888886,68.57555555555557,5.17037037037037
ICTMicroclimate-08,5,3,Mar,17.74390243902439,74.51463414634146,5.520325203252033
ICTMicroclimate-08,5,4,Apr,15.216806722689075,75.49579831932773,10.378151260504202
ICTMicroclimate-08,5,5,May,11.352272727272727,73.02045454545456,11.128787878787879
ICTMicroclimate-08,5,6,Jun,9.245416666666667,77.16666666666667,12.770833333333334
ICTMicroclimate-08,5,7,Jul,9.124096385542169,78.62971887550201,8.566265060240964
ICTMicroclimate-08,5,8,Aug,9.972983870967743,75.7633064516129,11.116935483870968
ICTMicroclimate-08,5,9,Sep,11.815899581589958,67.73640167364017,4.577405857740586
ICTMicroclimate-08,5,10,Oct,12.964516129032257,68.9758064516129,3.721774193548387
ICTMicroclimate-08,5,11,Nov,14.473529411764705,72.88739495798319,4.642857142857143
ICTMicroclimate-08,5,12,Dec,16.04008097165992,67.59554655870444,3.2064777327935223
ICTMicroclimate-08,6,1,Jan,18.00242914979757,70.68137651821863,7.724696356275303
ICTMicroclimate-08,6,2,Feb,18.223529411764705,68.33970588235294,5.205882352941177
ICTMicroclimate-08,6,3,Mar,17.59430894308943,74.9130081300813,6.065040650406504
ICTMicroclimate-08,6,4,Apr,15.31,74.06166666666667,10.2
ICTMicroclimate-08,6,5,May,11.203053435114503,73.34809160305343,10.65648854961832
ICTMicroclimate-08,6,6,Jun,9.154393305439331,77.36694560669456,12.309623430962343
ICTMicroclimate-08,6,7,Jul,9.190243902439025,78.5260162601626,7.987804878048781
ICTMicroclimate-08,6,8,Aug,9.875102040816326,75.98489795918367,10.93061224489796
ICTMicroclimate-08,6,9,Sep,11.779411764705882,67.80714285714286,4.516806722689076
ICTMicroclimate-08,6,10,Oct,12.929149797570851,69.03805668016194,3.5303643724696356
ICTMicroclimate-08,6,11,Nov,14.5025,72.54625,5.475
ICTMicroclimate-08,6,12,Dec,16.27258064516129,66.66854838709678,3.129032258064516
ICTMicroclimate-08,7,1,Jan,18.630864197530865,68.32098765432099,7.510288065843621
ICTMicroclimate-08,7,2,Feb,18.588805970149256,66.94253731343284,5.485074626865671
ICTMicroclimate-08,7,3,Mar,17.46363636363636,75.85785123966942,6.462809917355372
ICTMicroclimate-08,7,4,Apr,15.650847457627119,72.4186440677966,9.76271186440678
ICTMicroclimate-08,7,5,May,11.210526315789474,72.96466165413533,11.864661654135338
ICTMicroclimate-08,7,6,Jun,9.100840336134453,77.23991596638655,12.222689075630251
ICTMicroclimate-08,7,7,Jul,9.11625,78.26458333333333,7.5875
ICTMicroclimate-08,7,8,Aug,9.835983263598328,75.8439330543933,11.430962343096235
ICTMicroclimate-08,7,9,Sep,12.19276595744681,66.72382978723404,4.5574468085106385
ICTMicroclimate-08,7,10,Oct,13.4675,67.01333333333334,3.3208333333333333
ICTMicroclimate-08,7,11,Nov,15.159493670886077,70.05147679324895,5.654008438818566
ICTMicroclimate-08,7,12,Dec,17.25506072874494,63.12591093117409,3.0364372469635628
ICTMicroclimate-08,8,1,Jan,19.777215189873417,64.18059071729958,7.451476793248945
ICTMicroclimate-08,8,2,Feb,19.67709923664122,63.80916030534351,5.320610687022901
ICTMicroclimate-08,8,3,Mar,18.181818181818183,73.29917355371902,6.289256198347108
ICTMicroclimate-08,8,4,Apr,16.714406779661015,68.42372881355932,9.61864406779661
ICTMicroclimate-08,8,5,May,12.104918032786886,70.4139344262295,12.28688524590164
ICTMicroclimate-08,8,6,Jun,9.344144144144144,77.07342342342342,11.693693693693694
ICTMicroclimate-08,8,7,Jul,9.316346153846153,77.13557692307693,7.3125
ICTMicroclimate-08,8,8,Aug,10.787214611872146,73.05433789954338,10.69406392694064
ICTMicroclimate-08,8,9,Sep,13.434313725490195,62.616176470588236,4.338235294117647
ICTMicroclimate-08,8,10,Oct,14.794930875576037,62.436866359447,3.2442396313364057
ICTMicroclimate-08,8,11,Nov,16.04607843137255,66.88235294117646,5.367647058823529
ICTMicroclimate-08,8,12,Dec,18.468907563025212,59.08949579831933,2.995798319327731
ICTMicroclimate-08,9,1,Jan,21.16975806451613,59.068145161290325,7.201612903225806
ICTMicroclimate-08,9,2,Feb,21.204347826086956,58.23695652173913,6.086956521739131
ICTMicroclimate-08,9,3,Mar,19.9175,67.855,7.716666666666667
ICTMicroclimate-08,9,4,Apr,18.46470588235294,61.7453781512605,8.932773109243698
ICTMicroclimate-08,9,5,May,13.775968992248062,64.84496124031008,11.992248062015504
ICTMicroclimate-08,9,6,Jun,10.251666666666667,74.50083333333333,11.825
ICTMicroclimate-08,9,7,Jul,10.440079365079365,74.21984126984128,7.309523809523809
ICTMicroclimate-08,9,8,Aug,12.496707818930041,67.26213991769548,10.345679012345679
ICTMicroclimate-08,9,9,Sep,14.68148148148148,57.57942386831275,3.934156378600823
ICTMicroclimate-08,9,10,Oct,15.798744769874478,58.53807531380753,3.711297071129707
ICTMicroclimate-08,9,11,Nov,17.51063829787234,62.5668085106383,5.182978723404255
ICTMicroclimate-08,9,12,Dec,19.79676113360324,54.630364372469636,2.8299595141700404
ICTMicroclimate-08,10,1,Jan,22.576923076923077,54.82388663967611,7.659919028340081
ICTMicroclimate-08,10,2,Feb,22.497794117647057,53.84264705882353,5.852941176470588
ICTMicroclimate-08,10,3,Mar,21.330894308943087,62.20243902439024,8.008130081300813
ICTMicroclimate-08,10,4,Apr,19.6781512605042,57.522689075630254,7.899159663865547
ICTMicroclimate-08,10,5,May,15.547692307692309,59.25692307692307,13.023076923076923
ICTMicroclimate-08,10,6,Jun,11.441596638655462,70.92310924369748,11.731092436974789
ICTMicroclimate-08,10,7,Jul,11.540816326530612,70.80163265306123,7.444897959183673
ICTMicroclimate-08,10,8,Aug,13.910699588477367,62.61810699588478,10.518518518518519
ICTMicroclimate-08,10,9,Sep,15.512605042016807,54.92773109243697,3.722689075630252
ICTMicroclimate-08,10,10,Oct,16.971848739495798,55.10504201680672,3.6092436974789917
ICTMicroclimate-08,10,11,Nov,18.447257383966246,59.22489451476793,5.1308016877637135
ICTMicroclimate-08,10,12,Dec,21.082448979591835,51.3130612244898,2.636734693877551
ICTMicroclimate-08,11,1,Jan,23.653629032258067,52.04072580645161,7.661290322580645
ICTMicroclimate-08,11,2,Feb,23.68167938931298,50.757251908396945,5.687022900763359
ICTMicroclimate-08,11,3,Mar,22.537398373983738,58.23739837398374,7.7560975609756095
ICTMicroclimate-08,11,4,Apr,20.829661016949153,54.07203389830509,7.372881355932203
ICTMicroclimate-08,11,5,May,16.978787878787877,54.698484848484846,12.946969696969697
ICTMicroclimate-08,11,6,Jun,12.73076923076923,66.01538461538462,11.931623931623932
ICTMicroclimate-08,11,7,Jul,12.720081967213114,66.45778688524591,6.979508196721311
ICTMicroclimate-08,11,8,Aug,15.215447154471544,57.7630081300813,10.369918699186991
ICTMicroclimate-08,11,9,Sep,16.390677966101695,51.880932203389825,3.5635593220338984
ICTMicroclimate-08,11,10,Oct,17.705263157894738,52.82429149797571,3.6437246963562755
ICTMicroclimate-08,11,11,Nov,19.28987341772152,56.14978902953587,5.232067510548523
ICTMicroclimate-08,11,12,Dec,21.9208,49.058800000000005,2.948
ICTMicroclimate-08,12,1,Jan,24.440485829959513,50.7246963562753,7.461538461538462
ICTMicroclimate-08,12,2,Feb,24.654545454545456,48.93181818181818,5.696969696969697
ICTMicroclimate-08,12,3,Mar,23.54634146341463,55.37479674796748,8.40650406504065
ICTMicroclimate-08,12,4,Apr,21.695575221238936,52.36548672566372,7.504424778761062
ICTMicroclimate-08,12,5,May,17.60909090909091,53.55378787878788,12.583333333333334
ICTMicroclimate-08,12,6,Jun,13.431304347826087,63.396521739130435,10.956521739130435
ICTMicroclimate-08,12,7,Jul,13.48361344537815,63.50252100840336,6.7521008403361344
ICTMicroclimate-08,12,8,Aug,15.997008547008548,54.7474358974359,9.85897435897436
ICTMicroclimate-08,12,9,Sep,16.849568965517243,51.25431034482759,3.5948275862068964
ICTMicroclimate-08,12,10,Oct,18.444978165938863,50.647161572052404,3.8034934497816595
ICTMicroclimate-08,12,11,Nov,19.81991341991342,54.02640692640693,4.995670995670996
ICTMicroclimate-08,12,12,Dec,22.59423868312757,47.665432098765436,2.7983539094650207
ICTMicroclimate-08,13,1,Jan,25.054032258064513,49.350806451612904,7.770161290322581
ICTMicroclimate-08,13,2,Feb,24.90153846153846,49.77,5.276923076923077
ICTMicroclimate-08,13,3,Mar,24.209756097560977,53.71788617886179,6.967479674796748
ICTMicroclimate-08,13,4,Apr,22.15982142857143,51.71160714285714,7.758928571428571
ICTMicroclimate-08,13,5,May,18.209923664122137,51.61832061068702,12.664122137404581
ICTMicroclimate-08,13,6,Jun,13.857327586206896,61.044396551724134,10.056034482758621
ICTMicroclimate-08,13,7,Jul,13.604761904761904,62.85757575757576,7.259740259740259
ICTMicroclimate-08,13,8,Aug,16.627916666666668,52.373333333333335,9.354166666666666
ICTMicroclimate-08,13,9,Sep,17.08189655172414,50.5728448275862,3.6594827586206895
ICTMicroclimate-08,13,10,Oct,18.93723849372385,48.98786610878661,4.543933054393306
ICTMicroclimate-08,13,11,Nov,20.22826086956522,53.380434782608695,5.126086956521739
ICTMicroclimate-08,13,12,Dec,22.89758064516129,47.18266129032258,2.8024193548387095
ICTMicroclimate-08,14,1,Jan,25.378367346938774,48.77877551020408,6.893877551020408
ICTMicroclimate-08,14,2,Feb,25.231578947368423,49.06917293233082,5.2706766917293235
ICTMicroclimate-08,14,3,Mar,24.767213114754096,50.82786885245902,6.549180327868853
ICTMicroclimate-08,14,4,Apr,22.203508771929823,52.05789473684211,7.412280701754386
ICTMicroclimate-08,14,5,May,18.348507462686566,51.474626865671645,11.977611940298507
ICTMicroclimate-08,14,6,Jun,14.19237668161435,59.08026905829596,8.865470852017937
ICTMicroclimate-08,14,7,Jul,13.70379746835443,62.8873417721519,6.628691983122363
ICTMicroclimate-08,14,8,Aug,16.714754098360658,52.05040983606557,8.78688524590164
ICTMicroclimate-08,14,9,Sep,17.483898305084747,49.844067796610176,3.7754237288135593
ICTMicroclimate-08,14,10,Oct,19.549557522123894,48.34778761061947,4.8584070796460175
ICTMicroclimate-08,14,11,Nov,20.769527896995708,52.22017167381974,4.879828326180258
ICTMicroclimate-08,14,12,Dec,23.4239837398374,46.16869918699187,3.0813008130081303
ICTMicroclimate-08,15,1,Jan,25.682377049180328,48.39754098360656,5.713114754098361
ICTMicroclimate-08,15,2,Feb,25.21363636363636,49.78030303030303,5.484848484848484
ICTMicroclimate-08,15,3,Mar,24.89333333333333,50.13166666666667,6.216666666666667
ICTMicroclimate-08,15,4,Apr,22.365000000000002,51.475,6.675
ICTMicroclimate-08,15,5,May,18.190151515151513,51.61515151515152,11.166666666666666
ICTMicroclimate-08,15,6,Jun,13.854708520179372,59.662780269058295,8.417040358744394
ICTMicroclimate-08,15,7,Jul,13.777777777777779,62.758796296296296,6.226851851851852
ICTMicroclimate-08,15,8,Aug,16.6117903930131,52.53886462882096,8.318777292576419
ICTMicroclimate-08,15,9,Sep,17.452155172413793,50.16681034482759,3.706896551724138
ICTMicroclimate-08,15,10,Oct,19.81659574468085,47.89531914893617,4.153191489361702
ICTMicroclimate-08,15,11,Nov,21.07894736842105,51.271929824561404,4.5131578947368425
ICTMicroclimate-08,15,12,Dec,23.550826446280993,46.3095041322314,3.553719008264463
ICTMicroclimate-08,16,1,Jan,25.81038961038961,48.381385281385285,5.748917748917749
ICTMicroclimate-08,16,2,Feb,25.3528,48.9576,5.048
ICTMicroclimate-08,16,3,Mar,24.982905982905983,51.13076923076923,6.196581196581197
ICTMicroclimate-08,16,4,Apr,21.764406779661016,53.204237288135594,6.5423728813559325
ICTMicroclimate-08,16,5,May,17.376296296296296,54.61037037037037,9.703703703703704
ICTMicroclimate-08,16,6,Jun,13.29954954954955,62.56666666666666,8.058558558558559
ICTMicroclimate-08,16,7,Jul,13.355760368663594,63.99861751152074,6.04147465437788
ICTMicroclimate-08,16,8,Aug,15.94066985645933,55.6578947368421,8.148325358851675
ICTMicroclimate-08,16,9,Sep,17.180888888888887,51.656,3.671111111111111
ICTMicroclimate-08,16,10,Oct,19.911842105263155,48.74342105263158,4.25
ICTMicroclimate-08,16,11,Nov,20.937727272727273,51.42818181818182,3.4681818181818183
ICTMicroclimate-08,16,12,Dec,23.58791666666667,46.995,3.3208333333333333
ICTMicroclimate-08,17,1,Jan,25.64439655172414,49.28103448275862,5.512931034482759
ICTMicroclimate-08,17,2,Feb,24.9484126984127,50.11666666666667,5.158730158730159
ICTMicroclimate-08,17,3,Mar,24.2625,53.644999999999996,6.083333333333333
ICTMicroclimate-08,17,4,Apr,20.974999999999998,56.119827586206895,6.853448275862069
ICTMicroclimate-08,17,5,May,16.675396825396824,57.553174603174604,8.88888888888889
ICTMicroclimate-08,17,6,Jun,12.80365296803653,64.72831050228311,8.123287671232877
ICTMicroclimate-08,17,7,Jul,12.821827411167513,66.53197969543147,6.974619289340102
ICTMicroclimate-08,17,8,Aug,15.019897959183673,59.35,7.086734693877551
ICTMicroclimate-08,17,9,Sep,16.216990291262135,55.9504854368932,3.6553398058252426
ICTMicroclimate-08,17,10,Oct,19.07417840375587,51.184507042253514,4.028169014084507
ICTMicroclimate-08,17,11,Nov,20.59090909090909,53.625757575757575,4.085858585858586
ICTMicroclimate-08,17,12,Dec,23.04396551724138,49.001293103448276,3.435344827586207
ICTMicroclimate-08,18,1,Jan,24.80168776371308,51.64641350210971,5.8734177215189876
ICTMicroclimate-08,18,2,Feb,24.302307692307693,52.40461538461539,5.7615384615384615
ICTMicroclimate-08,18,3,Mar,23.6328,55.524,7.496
ICTMicroclimate-08,18,4,Apr,20.343103448275862,57.758620689655174,7.189655172413793
ICTMicroclimate-08,18,5,May,16.13984962406015,59.88421052631579,8.781954887218046
ICTMicroclimate-08,18,6,Jun,12.480701754385965,66.19342105263158,8.096491228070175
ICTMicroclimate-08,18,7,Jul,12.264035087719298,69.29912280701755,7.5394736842105265
ICTMicroclimate-08,18,8,Aug,14.465000000000002,60.80227272727273,6.009090909090909
ICTMicroclimate-08,18,9,Sep,15.768202764976957,57.73778801843318,4.299539170506913
ICTMicroclimate-08,18,10,Oct,18.437974683544304,54.35105485232068,4.69620253164557
ICTMicroclimate-08,18,11,Nov,20.22876712328767,56.10319634703197,5.164383561643835
ICTMicroclimate-08,18,12,Dec,22.866386554621847,50.034873949579826,3.222689075630252
ICTMicroclimate-08,19,1,Jan,23.815040650406505,54.28536585365854,5.943089430894309
ICTMicroclimate-08,19,2,Feb,23.463846153846156,54.80307692307692,5.907692307692308
ICTMicroclimate-08,19,3,Mar,22.609401709401713,57.957264957264954,7.641025641025641
ICTMicroclimate-08,19,4,Apr,19.60252100840336,60.425210084033615,8.663865546218487
ICTMicroclimate-08,19,5,May,15.476470588235296,62.215441176470584,9.669117647058824
ICTMicroclimate-08,19,6,Jun,12.067699115044249,67.6216814159292,7.761061946902655
ICTMicroclimate-08,19,7,Jul,11.865665236051502,70.47038626609441,7.652360515021459
ICTMicroclimate-08,19,8,Aug,13.921028037383177,63.36588785046729,6.588785046728972
ICTMicroclimate-08,19,9,Sep,15.031081081081082,60.616216216216216,5.193693693693693
ICTMicroclimate-08,19,10,Oct,17.44581497797357,57.91145374449339,5.101321585903084
ICTMicroclimate-08,19,11,Nov,19.129545454545454,59.160000000000004,4.7318181818181815
ICTMicroclimate-08,19,12,Dec,21.739591836734693,53.68408163265306,3.779591836734694
ICTMicroclimate-08,20,1,Jan,22.559183673469388,57.45265306122449,5.922448979591837
ICTMicroclimate-08,20,2,Feb,22.20530303030303,58.03484848484849,5.681818181818182
ICTMicroclimate-08,20,3,Mar,21.713821138211383,60.921951219512195,7.829268292682927
ICTMicroclimate-08,20,4,Apr,18.9975,62.5775,9.575
ICTMicroclimate-08,20,5,May,14.606201550387597,65.74263565891472,10.643410852713178
ICTMicroclimate-08,20,6,Jun,11.628193832599118,69.17488986784142,9.145374449339206
ICTMicroclimate-08,20,7,Jul,11.423140495867768,72.00909090909092,8.359504132231406
ICTMicroclimate-08,20,8,Aug,13.405381165919282,64.55067264573991,7.466367713004484
ICTMicroclimate-08,20,9,Sep,14.66036036036036,62.26891891891892,6.1441441441441444
ICTMicroclimate-08,20,10,Oct,16.639823008849557,60.58849557522124,5.721238938053097
ICTMicroclimate-08,20,11,Nov,18.416814159292034,61.53407079646018,4.911504424778761
ICTMicroclimate-08,20,12,Dec,20.617479674796748,56.97845528455285,4.109756097560975
ICTMicroclimate-08,21,1,Jan,21.522267206477732,60.61012145748988,5.923076923076923
ICTMicroclimate-08,21,2,Feb,21.53181818181818,60.53030303030303,5.606060606060606
ICTMicroclimate-08,21,3,Mar,21.078861788617886,62.16422764227642,7.609756097560975
ICTMicroclimate-08,21,4,Apr,18.219658119658117,65.47094017094017,9.564102564102564
ICTMicroclimate-08,21,5,May,14.292424242424241,66.83939393939393,10.787878787878787
ICTMicroclimate-08,21,6,Jun,11.275652173913043,71.01391304347827,9.104347826086956
ICTMicroclimate-08,21,7,Jul,11.062083333333334,73.02624999999999,8.620833333333334
ICTMicroclimate-08,21,8,Aug,12.980487804878049,66.76178861788618,7.41869918699187
ICTMicroclimate-08,21,9,Sep,14.139565217391304,63.826956521739135,5.739130434782608
ICTMicroclimate-08,21,10,Oct,16.162025316455697,61.39535864978903,6.10126582278481
ICTMicroclimate-08,21,11,Nov,17.62541666666667,64.7375,5.425
ICTMicroclimate-08,21,12,Dec,19.65083333333333,58.700833333333335,4.0
ICTMicroclimate-08,22,1,Jan,20.958704453441296,62.32307692307692,5.659919028340081
ICTMicroclimate-08,22,2,Feb,20.76412213740458,63.08549618320611,5.763358778625954
ICTMicroclimate-08,22,3,Mar,20.172727272727272,65.52231404958678,7.6115702479338845
ICTMicroclimate-08,22,4,Apr,17.580672268907563,67.86302521008403,10.07563025210084
ICTMicroclimate-08,22,5,May,13.856488549618321,67.99007633587787,10.83206106870229
ICTMicroclimate-08,22,6,Jun,10.880590717299578,72.04767932489452,9.561181434599156
ICTMicroclimate-08,22,7,Jul,10.821544715447153,73.55040650406505,8.630081300813009
ICTMicroclimate-08,22,8,Aug,12.44297520661157,68.6599173553719,7.599173553719008
ICTMicroclimate-08,22,9,Sep,13.862869198312236,64.65822784810126,5.69620253164557
ICTMicroclimate-08,22,10,Oct,15.510526315789473,63.00647773279352,5.979757085020243
ICTMicroclimate-08,22,11,Nov,16.94058577405858,66.1560669456067,5.527196652719665
ICTMicroclimate-08,22,12,Dec,18.76586345381526,60.941767068273094,4.341365461847389
ICTMicroclimate-08,23,1,Jan,20.378629032258065,63.76048387096775,5.657258064516129
ICTMicroclimate-08,23,2,Feb,20.21363636363636,64.30984848484849,5.840909090909091
ICTMicroclimate-08,23,3,Mar,19.72741935483871,67.03790322580646,7.185483870967742
ICTMicroclimate-08,23,4,Apr,17.363333333333333,67.86333333333333,10.108333333333333
ICTMicroclimate-08,23,5,May,13.35681818181818,68.87651515151515,13.159090909090908
ICTMicroclimate-08,23,6,Jun,10.58326359832636,72.91757322175732,10.217573221757322
ICTMicroclimate-08,23,7,Jul,10.452016129032257,74.6741935483871,8.495967741935484
ICTMicroclimate-08,23,8,Aug,11.973170731707317,70.16869918699187,8.55691056910569
ICTMicroclimate-08,23,9,Sep,13.5025,65.32,6.079166666666667
ICTMicroclimate-08,23,10,Oct,15.148987854251013,63.983805668016196,5.3076923076923075
ICTMicroclimate-08,23,11,Nov,16.394936708860758,67.77974683544304,5.2405063291139244
ICTMicroclimate-08,23,12,Dec,18.185416666666665,62.318333333333335,4.2125
ICTMicroclimate-09,0,1,Jan,19.789112903225806,65.53629032258064,5.951612903225806
ICTMicroclimate-09,0,2,Feb,19.34869109947644,67.14188481675393,5.0732984293193715
ICTMicroclimate-09,0,3,Mar,19.300806451612903,69.3225806451613,4.459677419354839
ICTMicroclimate-09,0,4,Apr,17.264166666666664,68.09,5.341666666666667
ICTMicroclimate-09,0,5,May,13.51496062992126,66.66929133858268,49.70866141732284
ICTMicroclimate-09,0,6,Jun,10.606417112299466,73.01604278074866,4.679144385026738
ICTMicroclimate-09,0,7,Jul,10.019166666666667,77.49916666666667,9.033333333333333
ICTMicroclimate-09,0,8,Aug,12.687022900763358,69.2496183206107,7.221374045801527
ICTMicroclimate-09,0,9,Sep,13.098319327731092,65.80084033613446,1.3109243697478992
ICTMicroclimate-09,0,10,Oct,14.576923076923077,65.62348178137651,1.7408906882591093
ICTMicroclimate-09,0,11,Nov,15.941666666666666,68.86333333333333,4.091666666666667
ICTMicroclimate-09,0,12,Dec,17.616666666666667,64.1520325203252,2.894308943089431
ICTMicroclimate-09,1,1,Jan,19.383870967741935,66.70362903225806,4.685483870967742
ICTMicroclimate-09,1,2,Feb,19.06020942408377,68.05706806282723,5.225130890052356
ICTMicroclimate-09,1,3,Mar,19.04032258064516,70.04596774193548,4.0
ICTMicroclimate-09,1,4,Apr,16.939495798319328,69.63865546218487,5.831932773109243
ICTMicroclimate-09,1,5,May,13.19,67.1253846153846,45.59230769230769
ICTMicroclimate-09,1,6,Jun,10.371505376344086,73.98064516129033,4.645161290322581
ICTMicroclimate-09,1,7,Jul,9.81219512195122,77.99349593495936,8.682926829268293
ICTMicroclimate-09,1,8,Aug,12.515625,70.02734375,6.984375
ICTMicroclimate-09,1,9,Sep,12.865,65.50416666666666,1.3958333333333333
ICTMicroclimate-09,1,10,Oct,14.09838056680162,67.07449392712552,1.834008097165992
ICTMicroclimate-09,1,11,Nov,15.60836820083682,69.67782426778243,3.786610878661088
ICTMicroclimate-09,1,12,Dec,17.243548387096773,65.14274193548387,2.870967741935484
ICTMicroclimate-09,2,1,Jan,19.04717741935484,67.52016129032258,4.05241935483871
ICTMicroclimate-09,2,2,Feb,18.81780104712042,68.03612565445026,5.162303664921466
ICTMicroclimate-09,2,3,Mar,18.79516129032258,70.58145161290322,4.524193548387097
ICTMicroclimate-09,2,4,Apr,16.294354838709676,71.04596774193548,5.516129032258065
ICTMicroclimate-09,2,5,May,12.99090909090909,67.44166666666666,44.5
ICTMicroclimate-09,2,6,Jun,10.140437158469945,75.1879781420765,5.327868852459017
ICTMicroclimate-09,2,7,Jul,9.55691056910569,78.769918699187,8.658536585365853
ICTMicroclimate-09,2,8,Aug,12.290076335877863,70.78320610687024,6.893129770992366
ICTMicroclimate-09,2,9,Sep,12.648319327731093,65.59453781512605,1.4663865546218486
ICTMicroclimate-09,2,10,Oct,13.66875,67.57708333333333,1.8
ICTMicroclimate-09,2,11,Nov,15.351046025104603,70.23640167364017,3.786610878661088
ICTMicroclimate-09,2,12,Dec,16.94251012145749,65.71376518218624,2.9878542510121457
ICTMicroclimate-09,3,1,Jan,18.752631578947366,68.33400809716599,4.145748987854251
ICTMicroclimate-09,3,2,Feb,18.530729166666667,68.1921875,5.203125
ICTMicroclimate-09,3,3,Mar,18.54516129032258,71.18387096774192,3.9516129032258065
ICTMicroclimate-09,3,4,Apr,16.066101694915254,72.90254237288136,5.898305084745763
ICTMicroclimate-09,3,5,May,12.831818181818182,67.53636363636363,43.60606060606061
ICTMicroclimate-09,3,6,Jun,9.92817679558011,75.51712707182321,5.375690607734807
ICTMicroclimate-09,3,7,Jul,9.337096774193547,79.39193548387097,9.048387096774194
ICTMicroclimate-09,3,8,Aug,11.950387596899224,72.13488372093023,6.906976744186046
ICTMicroclimate-09,3,9,Sep,12.254393305439331,66.69163179916318,1.4351464435146444
ICTMicroclimate-09,3,10,Oct,13.477142857142857,67.78979591836735,1.7510204081632652
ICTMicroclimate-09,3,11,Nov,15.181512605042016,70.49957983193278,3.8865546218487395
ICTMicroclimate-09,3,12,Dec,16.638306451612905,66.32056451612904,2.971774193548387
ICTMicroclimate-09,4,1,Jan,18.463967611336034,69.3914979757085,4.2145748987854255
ICTMicroclimate-09,4,2,Feb,18.399476439790575,68.10732984293193,4.167539267015707
ICTMicroclimate-09,4,3,Mar,18.335772357723577,72.1178861788618,3.991869918699187
ICTMicroclimate-09,4,4,Apr,15.884873949579832,73.11932773109244,6.184873949579832
ICTMicroclimate-09,4,5,May,12.562878787878788,68.43030303030302,44.18939393939394
ICTMicroclimate-09,4,6,Jun,9.707103825136613,76.16448087431694,5.366120218579235
ICTMicroclimate-09,4,7,Jul,9.165853658536586,80.08130081300813,9.804878048780488
ICTMicroclimate-09,4,8,Aug,11.9328125,72.03046875,7.0234375
ICTMicroclimate-09,4,9,Sep,12.056903765690377,66.87280334728034,1.4518828451882846
ICTMicroclimate-09,4,10,Oct,13.335887096774194,67.31975806451612,1.7338709677419355
ICTMicroclimate-09,4,11,Nov,14.790416666666665,71.83333333333333,4.204166666666667
ICTMicroclimate-09,4,12,Dec,16.392741935483873,66.47983870967742,2.725806451612903
ICTMicroclimate-09,5,1,Jan,18.15182186234818,70.39838056680162,4.5951417004048585
ICTMicroclimate-09,5,2,Feb,18.3984375,67.47135416666667,3.828125
ICTMicroclimate-09,5,3,Mar,18.138709677419353,72.73145161290323,4.387096774193548
ICTMicroclimate-09,5,4,Apr,15.819166666666666,72.27583333333334,5.858333333333333
ICTMicroclimate-09,5,5,May,12.23969465648855,69.40229007633589,44.282442748091604
ICTMicroclimate-09,5,6,Jun,9.497222222222222,76.89611111111111,5.5
ICTMicroclimate-09,5,7,Jul,9.123387096774193,80.21129032258065,10.096774193548388
ICTMicroclimate-09,5,8,Aug,11.797727272727272,72.51212121212122,7.3106060606060606
ICTMicroclimate-09,5,9,Sep,11.882700421940928,67.34725738396624,1.4177215189873418
ICTMicroclimate-09,5,10,Oct,13.124489795918368,67.65020408163265,1.6571428571428573
ICTMicroclimate-09,5,11,Nov,14.453361344537816,72.30588235294117,4.042016806722689
ICTMicroclimate-09,5,12,Dec,16.21008064516129,66.57459677419355,2.6653225806451615
ICTMicroclimate-09,6,1,Jan,18.077642276422765,70.47357723577235,5.40650406504065
ICTMicroclimate-09,6,2,Feb,18.372916666666665,67.0984375,4.020833333333333
ICTMicroclimate-09,6,3,Mar,18.10725806451613,72.95806451612903,4.42741935483871
ICTMicroclimate-09,6,4,Apr,15.795,71.65583333333333,6.05
ICTMicroclimate-09,6,5,May,12.09083969465649,69.72137404580153,44.541984732824424
ICTMicroclimate-09,6,6,Jun,9.443333333333333,77.11777777777777,4.716666666666667
ICTMicroclimate-09,6,7,Jul,9.044715447154472,80.20813008130082,10.276422764227643
ICTMicroclimate-09,6,8,Aug,11.685496183206107,72.31526717557252,7.129770992366412
ICTMicroclimate-09,6,9,Sep,11.816736401673639,67.34811715481172,1.497907949790795
ICTMicroclimate-09,6,10,Oct,13.06408163265306,67.79632653061223,1.6775510204081632
ICTMicroclimate-09,6,11,Nov,14.449789029535864,72.18902953586498,4.059071729957806
ICTMicroclimate-09,6,12,Dec,16.19516129032258,66.46935483870968,2.810483870967742
ICTMicroclimate-09,7,1,Jan,18.698360655737705,68.28852459016395,6.217213114754099
ICTMicroclimate-09,7,2,Feb,18.509895833333335,66.68229166666667,4.010416666666667
ICTMicroclimate-09,7,3,Mar,18.008943089430893,73.56178861788618,4.373983739837398
ICTMicroclimate-09,7,4,Apr,15.983333333333333,70.53666666666666,6.166666666666667
ICTMicroclimate-09,7,5,May,12.015151515151516,69.62878787878788,39.015151515151516
ICTMicroclimate-09,7,6,Jun,9.40388888888889,76.97833333333334,4.594444444444444
ICTMicroclimate-09,7,7,Jul,8.947967479674796,80.35934959349593,10.105691056910569
ICTMicroclimate-09,7,8,Aug,11.674999999999999,72.20909090909092,7.378787878787879
ICTMicroclimate-09,7,9,Sep,12.014705882352942,67.07689075630252,1.4411764705882353
ICTMicroclimate-09,7,10,Oct,13.328163265306122,67.08816326530612,1.7306122448979593
ICTMicroclimate-09,7,11,Nov,14.983333333333333,70.59833333333333,4.041666666666667
ICTMicroclimate-09,7,12,Dec,17.36979591836735,62.658367346938775,2.742857142857143
ICTMicroclimate-09,8,1,Jan,20.323790322580646,62.670564516129026,6.516129032258065
ICTMicroclimate-09,8,2,Feb,19.94684210526316,62.556315789473686,4.205263157894737
ICTMicroclimate-09,8,3,Mar,18.506451612903227,71.91693548387097,4.806451612903226
ICTMicroclimate-09,8,4,Apr,16.619166666666665,67.99583333333334,6.191666666666666
ICTMicroclimate-09,8,5,May,12.24076923076923,68.86846153846153,33.96923076923077
ICTMicroclimate-09,8,6,Jun,9.490449438202248,76.83932584269662,4.803370786516854
ICTMicroclimate-09,8,7,Jul,9.100833333333332,79.525,9.8
ICTMicroclimate-09,8,8,Aug,12.064341085271318,70.50232558139534,7.023255813953488
ICTMicroclimate-09,8,9,Sep,12.88945147679325,64.2029535864979,1.3755274261603376
ICTMicroclimate-09,8,10,Oct,14.644628099173554,63.11652892561984,1.8388429752066116
ICTMicroclimate-09,8,11,Nov,16.30376569037657,66.18200836820084,3.6359832635983262
ICTMicroclimate-09,8,12,Dec,18.782258064516128,58.534274193548384,2.810483870967742
ICTMicroclimate-09,9,1,Jan,21.661290322580644,58.56693548387097,6.979838709677419
ICTMicroclimate-09,9,2,Feb,21.25851063829787,58.365425531914894,3.8351063829787235
ICTMicroclimate-09,9,3,Mar,19.723577235772357,68.37479674796748,5.373983739837398
ICTMicroclimate-09,9,4,Apr,18.08487394957983,62.99075630252101,5.991596638655462
ICTMicroclimate-09,9,5,May,13.183333333333334,66.175,29.46969696969697
ICTMicroclimate-09,9,6,Jun,10.04475138121547,75.72044198895027,4.834254143646409
ICTMicroclimate-09,9,7,Jul,9.51774193548387,78.42258064516129,10.588709677419354
ICTMicroclimate-09,9,8,Aug,12.947727272727272,67.58712121212122,6.5227272727272725
ICTMicroclimate-09,9,9,Sep,14.376470588235295,59.11680672268907,1.4327731092436975
ICTMicroclimate-09,9,10,Oct,15.791836734693877,59.19551020408163,1.9183673469387754
ICTMicroclimate-09,9,11,Nov,17.270588235294117,62.98571428571429,3.331932773109244
ICTMicroclimate-09,9,12,Dec,19.958536585365856,55.11666666666667,2.8495934959349594
ICTMicroclimate-09,10,1,Jan,22.616666666666667,55.33617886178862,7.069105691056911
ICTMicroclimate-09,10,2,Feb,22.402139037433155,55.15026737967915,4.197860962566845
ICTMicroclimate-09,10,3,Mar,21.52741935483871,62.03064516129032,6.032258064516129
ICTMicroclimate-09,10,4,Apr,19.038655462184874,59.41932773109244,5.773109243697479
ICTMicroclimate-09,10,5,May,14.510606060606062,61.96590909090909,28.674242424242426
ICTMicroclimate-09,10,6,Jun,11.268852459016392,72.23169398907103,5.027322404371585
ICTMicroclimate-09,10,7,Jul,10.635483870967741,74.94516129032259,9.862903225806452
ICTMicroclimate-09,10,8,Aug,14.156060606060606,63.85075757575757,6.424242424242424
ICTMicroclimate-09,10,9,Sep,15.138626609442062,56.230472103004296,1.3090128755364807
ICTMicroclimate-09,10,10,Oct,16.751020408163264,55.896734693877555,1.926530612244898
ICTMicroclimate-09,10,11,Nov,18.153164556962025,60.18523206751055,3.0337552742616034
ICTMicroclimate-09,10,12,Dec,20.795121951219514,52.99227642276423,2.8658536585365852
ICTMicroclimate-09,11,1,Jan,23.515789473684208,53.19838056680162,5.202429149797571
ICTMicroclimate-09,11,2,Feb,23.473118279569892,52.666666666666664,4.553763440860215
ICTMicroclimate-09,11,3,Mar,22.57903225806452,58.62016129032258,6.008064516129032
ICTMicroclimate-09,11,4,Apr,20.6075,55.39333333333333,5.458333333333333
ICTMicroclimate-09,11,5,May,16.245454545454546,57.35757575757576,25.46969696969697
ICTMicroclimate-09,11,6,Jun,12.198378378378377,68.48378378378378,4.956756756756757
ICTMicroclimate-09,11,7,Jul,11.56829268292683,71.21788617886179,10.05691056910569
ICTMicroclimate-09,11,8,Aug,15.633082706766915,58.242105263157896,6.714285714285714
ICTMicroclimate-09,11,9,Sep,15.904219409282701,53.79704641350211,1.1012658227848102
ICTMicroclimate-09,11,10,Oct,17.451004016064257,54.155020080321286,1.9518072289156627
ICTMicroclimate-09,11,11,Nov,18.934599156118143,57.16286919831224,3.042194092827004
ICTMicroclimate-09,11,12,Dec,21.58097165991903,50.404453441295544,2.9433198380566803
ICTMicroclimate-09,12,1,Jan,24.012757201646092,52.58189300411522,4.868312757201646
ICTMicroclimate-09,12,2,Feb,24.166120218579234,51.620765027322406,4.868852459016393
ICTMicroclimate-09,12,3,Mar,23.46451612903226,56.47338709677419,5.959677419354839
ICTMicroclimate-09,12,4,Apr,21.86890756302521,52.3327731092437,5.277310924369748
ICTMicroclimate-09,12,5,May,17.59621212121212,53.975,21.386363636363637
ICTMicroclimate-09,12,6,Jun,12.702604166666667,66.09479166666667,4.723958333333333
ICTMicroclimate-09,12,7,Jul,11.996,70.3848,9.936
ICTMicroclimate-09,12,8,Aug,16.515037593984964,54.90451127819549,6.631578947368421
ICTMicroclimate-09,12,9,Sep,16.36936170212766,52.93276595744681,1.0468085106382978
ICTMicroclimate-09,12,10,Oct,18.091497975708503,52.26720647773279,1.8987854251012146
ICTMicroclimate-09,12,11,Nov,19.455274261603375,55.66540084388186,2.8860759493670884
ICTMicroclimate-09,12,12,Dec,22.188663967611337,49.2085020242915,2.817813765182186
ICTMicroclimate-09,13,1,Jan,24.696356275303643,50.92024291497975,4.4574898785425106
ICTMicroclimate-09,13,2,Feb,24.301621621621624,52.16108108108108,5.302702702702702
ICTMicroclimate-09,13,3,Mar,24.074193548387097,54.44193548387097,4.975806451612903
ICTMicroclimate-09,13,4,Apr,22.441525423728812,51.4,4.711864406779661
ICTMicroclimate-09,13,5,May,18.098496240601502,52.57142857142857,21.93984962406015
ICTMicroclimate-09,13,6,Jun,13.202551020408162,63.442857142857136,4.346938775510204
ICTMicroclimate-09,13,7,Jul,12.300813008130081,69.45121951219512,9.894308943089431
ICTMicroclimate-09,13,8,Aug,17.0625,53.41323529411765,5.772058823529412
ICTMicroclimate-09,13,9,Sep,16.747033898305087,51.8927966101695,1.0635593220338984
ICTMicroclimate-09,13,10,Oct,18.767489711934157,50.12057613168724,1.8189300411522633
ICTMicroclimate-09,13,11,Nov,19.864435146443515,54.7907949790795,3.0
ICTMicroclimate-09,13,12,Dec,22.616803278688526,48.541803278688526,2.7540983606557377
ICTMicroclimate-09,14,1,Jan,25.176829268292682,50.03170731707317,4.504065040650406
ICTMicroclimate-09,14,2,Feb,24.844086021505376,51.082258064516125,4.645161290322581
ICTMicroclimate-09,14,3,Mar,24.7475,52.54833333333333,4.566666666666666
ICTMicroclimate-09,14,4,Apr,22.606034482758623,51.3853448275862,4.068965517241379
ICTMicroclimate-09,14,5,May,18.46791044776119,51.70522388059702,24.059701492537314
ICTMicroclimate-09,14,6,Jun,13.952475247524752,59.87277227722772,3.9207920792079207
ICTMicroclimate-09,14,7,Jul,12.681451612903226,68.42177419354839,9.774193548387096
ICTMicroclimate-09,14,8,Aug,17.15714285714286,52.76466165413534,4.7368421052631575
ICTMicroclimate-09,14,9,Sep,17.075536480686694,51.02961373390558,0.9141630901287554
ICTMicroclimate-09,14,10,Oct,19.134285714285713,49.937551020408165,1.7836734693877552
ICTMicroclimate-09,14,11,Nov,20.31512605042017,53.654621848739495,2.8487394957983194
ICTMicroclimate-09,14,12,Dec,23.11048387096774,47.62419354838709,2.9879032258064515
ICTMicroclimate-09,15,1,Jan,25.366129032258065,50.1375,4.516129032258065
ICTMicroclimate-09,15,2,Feb,24.917934782608693,51.705978260869564,4.255434782608695
ICTMicroclimate-09,15,3,Mar,24.823387096774194,51.17258064516129,4.290322580645161
ICTMicroclimate-09,15,4,Apr,21.87627118644068,53.3271186440678,4.296610169491525
ICTMicroclimate-09,15,5,May,17.462222222222223,53.84074074074074,35.81481481481482
ICTMicroclimate-09,15,6,Jun,13.365656565656566,61.788383838383844,3.717171717171717
ICTMicroclimate-09,15,7,Jul,12.369918699186991,69.09837398373985,9.75609756097561
ICTMicroclimate-09,15,8,Aug,16.603007518796993,54.39248120300752,4.616541353383458
ICTMicroclimate-09,15,9,Sep,16.958898305084748,51.71398305084746,0.711864406779661
ICTMicroclimate-09,15,10,Oct,19.713934426229507,48.7938524590164,1.7377049180327868
ICTMicroclimate-09,15,11,Nov,20.784166666666668,52.565000000000005,2.779166666666667
ICTMicroclimate-09,15,12,Dec,23.501234567901236,47.48477366255144,2.847736625514403
ICTMicroclimate-09,16,1,Jan,25.5251012145749,49.782995951417,3.611336032388664
ICTMicroclimate-09,16,2,Feb,24.970744680851062,51.42393617021277,4.601063829787234
ICTMicroclimate-09,16,3,Mar,24.788617886178862,51.94065040650406,4.349593495934959
ICTMicroclimate-09,16,4,Apr,21.404999999999998,54.37833333333333,4.391666666666667
ICTMicroclimate-09,16,5,May,16.920588235294115,56.463235294117645,41.029411764705884
ICTMicroclimate-09,16,6,Jun,12.98265306122449,63.43775510204081,3.8010204081632653
ICTMicroclimate-09,16,7,Jul,12.200813008130082,70.15853658536585,10.154471544715447
ICTMicroclimate-09,16,8,Aug,16.54469696969697,55.78939393939394,4.196969696969697
ICTMicroclimate-09,16,9,Sep,16.405042016806725,53.89705882352941,0.7184873949579832
ICTMicroclimate-09,16,10,Oct,19.382113821138212,50.6020325203252,1.6991869918699187
ICTMicroclimate-09,16,11,Nov,20.875105485232066,52.881434599156115,2.869198312236287
ICTMicroclimate-09,16,12,Dec,23.510245901639344,48.00409836065574,2.487704918032787
ICTMicroclimate-09,17,1,Jan,25.328744939271253,50.78421052631579,3.493927125506073
ICTMicroclimate-09,17,2,Feb,24.769148936170215,52.030851063829786,5.23936170212766
ICTMicroclimate-09,17,3,Mar,23.82983870967742,55.53548387096774,4.266129032258065
ICTMicroclimate-09,17,4,Apr,20.507563025210086,57.392436974789916,4.109243697478991
ICTMicroclimate-09,17,5,May,16.34962962962963,58.666666666666664,46.28888888888889
ICTMicroclimate-09,17,6,Jun,12.515104166666667,65.57916666666667,3.8958333333333335
ICTMicroclimate-09,17,7,Jul,11.805645161290323,71.90725806451613,10.330645161290322
ICTMicroclimate-09,17,8,Aug,15.805384615384614,57.86153846153846,4.1923076923076925
ICTMicroclimate-09,17,9,Sep,15.884937238493723,56.6418410041841,0.7907949790794979
ICTMicroclimate-09,17,10,Oct,18.837651821862348,52.66720647773279,1.7530364372469636
ICTMicroclimate-09,17,11,Nov,20.330252100840337,54.73529411764706,2.80672268907563
ICTMicroclimate-09,17,12,Dec,23.204878048780486,49.03048780487805,2.361788617886179
ICTMicroclimate-09,18,1,Jan,24.470445344129555,53.56801619433198,4.659919028340081
ICTMicroclimate-09,18,2,Feb,24.02622950819672,54.431693989071036,4.644808743169399
ICTMicroclimate-09,18,3,Mar,23.475806451612904,56.63467741935484,4.07258064516129
ICTMicroclimate-09,18,4,Apr,19.994957983193277,58.56050420168067,4.008403361344538
ICTMicroclimate-09,18,5,May,15.897058823529411,60.163970588235294,46.080882352941174
ICTMicroclimate-09,18,6,Jun,12.257219251336897,66.72727272727273,4.053475935828877
ICTMicroclimate-09,18,7,Jul,11.420325203252032,73.53252032520325,8.886178861788618
ICTMicroclimate-09,18,8,Aug,15.125925925925927,59.794074074074075,4.014814814814815
ICTMicroclimate-09,18,9,Sep,15.135714285714286,59.84327731092437,0.8151260504201681
ICTMicroclimate-09,18,10,Oct,18.263786008230454,55.08600823045267,1.5761316872427984
ICTMicroclimate-09,18,11,Nov,19.758158995815897,57.24644351464435,3.1297071129707112
ICTMicroclimate-09,18,12,Dec,22.704453441295545,51.29352226720648,2.5020242914979756
ICTMicroclimate-09,19,1,Jan,23.39878048780488,56.385365853658534,4.800813008130081
ICTMicroclimate-09,19,2,Feb,22.942162162162163,57.770810810810815,4.994594594594594
ICTMicroclimate-09,19,3,Mar,22.451612903225808,59.431451612903224,4.104838709677419
ICTMicroclimate-09,19,4,Apr,19.46694214876033,60.687603305785125,3.884297520661157
ICTMicroclimate-09,19,5,May,15.425735294117647,62.16838235294117,46.705882352941174
ICTMicroclimate-09,19,6,Jun,11.919354838709678,67.71397849462365,4.123655913978495
ICTMicroclimate-09,19,7,Jul,11.16910569105691,74.25365853658538,8.8130081300813
ICTMicroclimate-09,19,8,Aug,14.712878787878788,61.388636363636365,4.295454545454546
ICTMicroclimate-09,19,9,Sep,14.725316455696204,61.68607594936709,0.8227848101265823
ICTMicroclimate-09,19,10,Oct,17.007024793388428,59.163636363636364,1.8264462809917354
ICTMicroclimate-09,19,11,Nov,18.808474576271188,60.78898305084746,3.8686440677966103
ICTMicroclimate-09,19,12,Dec,21.24008097165992,55.482995951417,2.9757085020242915
ICTMicroclimate-09,20,1,Jan,22.140243902439025,59.37967479674796,4.199186991869919
ICTMicroclimate-09,20,2,Feb,21.685106382978724,61.65531914893617,5.319148936170213
ICTMicroclimate-09,20,3,Mar,21.54032258064516,61.806451612903224,4.475806451612903
ICTMicroclimate-09,20,4,Apr,18.85882352941176,63.35126050420168,4.042016806722689
ICTMicroclimate-09,20,5,May,15.034090909090908,63.650757575757574,48.333333333333336
ICTMicroclimate-09,20,6,Jun,11.637500000000001,69.08804347826087,4.592391304347826
ICTMicroclimate-09,20,7,Jul,10.939024390243903,75.03333333333333,8.91869918699187
ICTMicroclimate-09,20,8,Aug,14.328676470588235,62.93161764705883,4.25
ICTMicroclimate-09,20,9,Sep,14.336974789915965,63.31386554621849,0.9327731092436975
ICTMicroclimate-09,20,10,Oct,16.380737704918033,61.23401639344262,1.7827868852459017
ICTMicroclimate-09,20,11,Nov,18.061965811965813,62.81153846153846,3.8034188034188032
ICTMicroclimate-09,20,12,Dec,20.212903225806453,58.2133064516129,3.1733870967741935
ICTMicroclimate-09,21,1,Jan,21.31975806451613,61.684677419354834,3.9879032258064515
ICTMicroclimate-09,21,2,Feb,20.989839572192512,63.19465240641711,5.304812834224599
ICTMicroclimate-09,21,3,Mar,20.92520325203252,62.671544715447155,4.373983739837398
ICTMicroclimate-09,21,4,Apr,18.323333333333334,64.99583333333334,4.033333333333333
ICTMicroclimate-09,21,5,May,14.64469696969697,65.01515151515152,48.28787878787879
ICTMicroclimate-09,21,6,Jun,11.346448087431694,70.44590163934427,4.775956284153006
ICTMicroclimate-09,21,7,Jul,10.67983870967742,75.39354838709677,9.07258064516129
ICTMicroclimate-09,21,8,Aug,13.85530303030303,64.6219696969697,4.21969696969697
ICTMicroclimate-09,21,9,Sep,13.939330543933055,64.32175732217573,0.9665271966527197
ICTMicroclimate-09,21,10,Oct,15.936475409836065,61.68032786885246,1.7336065573770492
ICTMicroclimate-09,21,11,Nov,17.355648535564853,65.5857740585774,3.794979079497908
ICTMicroclimate-09,21,12,Dec,19.401612903225807,59.810080645161285,3.149193548387097
ICTMicroclimate-09,22,1,Jan,20.778048780487804,63.040650406504064,3.7601626016260163
ICTMicroclimate-09,22,2,Feb,20.345502645502645,65.04232804232804,4.862433862433862
ICTMicroclimate-09,22,3,Mar,20.18548387096774,65.40080645161291,3.838709677419355
ICTMicroclimate-09,22,4,Apr,17.936666666666667,65.76333333333334,4.341666666666667
ICTMicroclimate-09,22,5,May,14.143511450381679,65.96335877862596,48.49618320610687
ICTMicroclimate-09,22,6,Jun,11.02608695652174,71.39728260869565,4.891304347826087
ICTMicroclimate-09,22,7,Jul,10.44032258064516,76.06370967741935,9.60483870967742
ICTMicroclimate-09,22,8,Aug,13.39264705882353,66.83161764705882,4.176470588235294
ICTMicroclimate-09,22,9,Sep,13.65,65.28931623931624,1.0811965811965811
ICTMicroclimate-09,22,10,Oct,15.424999999999999,63.148360655737704,1.6229508196721312
ICTMicroclimate-09,22,11,Nov,16.820416666666667,66.67916666666666,3.7291666666666665
ICTMicroclimate-09,22,12,Dec,18.647950819672133,61.27827868852459,2.778688524590164
ICTMicroclimate-09,23,1,Jan,20.284959349593496,64.12560975609756,5.308943089430894
ICTMicroclimate-09,23,2,Feb,19.857978723404255,66.32287234042553,4.9787234042553195
ICTMicroclimate-09,23,3,Mar,19.64344262295082,67.74754098360657,4.459016393442623
ICTMicroclimate-09,23,4,Apr,17.560833333333335,66.70166666666667,5.225
ICTMicroclimate-09,23,5,May,13.68854961832061,66.6473282442748,48.916030534351144
ICTMicroclimate-09,23,6,Jun,10.81868131868132,71.85714285714286,4.868131868131868
ICTMicroclimate-09,23,7,Jul,10.195934959349593,76.53821138211383,10.252032520325203
ICTMicroclimate-09,23,8,Aug,13.180147058823529,67.59264705882353,5.455882352941177
ICTMicroclimate-09,23,9,Sep,13.285294117647059,66.04285714285714,1.415966386554622
ICTMicroclimate-09,23,10,Oct,15.059514170040485,64.35708502024292,1.6153846153846154
ICTMicroclimate-09,23,11,Nov,16.342436974789916,67.96722689075631,3.6512605042016806
ICTMicroclimate-09,23,12,Dec,18.074193548387097,62.961290322580645,2.592741935483871
ICTMicroclimate-10,0,1,Jan,18.665254237288135,75.88050847457627,8.021186440677965
ICTMicroclimate-10,0,2,Feb,16.835,79.41749999999999,3.45
ICTMicroclimate-10,0,5,May,11.918181818181818,81.81363636363636,8.590909090909092
ICTMicroclimate-10,0,6,Jun,9.172500000000001,88.1175,11.716666666666667
ICTMicroclimate-10,0,7,Jul,9.323387096774193,88.02016129032258,5.42741935483871
ICTMicroclimate-10,0,8,Aug,8.861509433962265,66.02981132075472,7.891191709844559
ICTMicroclimate-10,0,9,Sep,9.395277777777778,56.187222222222225,3.404166666666667
ICTMicroclimate-10,0,10,Oct,13.161111111111111,76.35208333333334,3.2642857142857142
ICTMicroclimate-10,0,11,Nov,16.343333333333334,75.18333333333334,6.108333333333333
ICTMicroclimate-10,0,12,Dec,16.96,74.34857142857143,3.1542857142857144
ICTMicroclimate-10,1,1,Jan,18.197457627118645,78.0177966101695,5.8008474576271185
ICTMicroclimate-10,1,2,Feb,16.47,81.6125,3.4
ICTMicroclimate-10,1,5,May,11.615909090909092,82.96818181818182,8.159090909090908
ICTMicroclimate-10,1,6,Jun,8.866386554621847,89.35546218487394,10.714285714285714
ICTMicroclimate-10,1,7,Jul,9.106451612903227,88.43145161290323,5.080645161290323
ICTMicroclimate-10,1,8,Aug,8.595833333333333,66.8409090909091,8.114583333333334
ICTMicroclimate-10,1,9,Sep,9.143333333333333,56.155,3.525
ICTMicroclimate-10,1,10,Oct,12.768055555555556,77.36875,2.8785714285714286
ICTMicroclimate-10,1,11,Nov,15.950833333333332,75.92166666666667,6.433333333333334
ICTMicroclimate-10,1,12,Dec,16.580681818181816,75.05113636363636,3.227272727272727
ICTMicroclimate-10,2,1,Jan,17.851271186440677,79.63813559322033,4.983050847457627
ICTMicroclimate-10,2,2,Feb,16.1575,82.575,3.775
ICTMicroclimate-10,2,5,May,11.504545454545454,82.55,7.909090909090909
ICTMicroclimate-10,2,6,Jun,8.71,89.56916666666666,9.683333333333334
ICTMicroclimate-10,2,7,Jul,8.88225806451613,88.79274193548386,5.032258064516129
ICTMicroclimate-10,2,8,Aug,8.241044776119402,67.41940298507463,8.454081632653061
ICTMicroclimate-10,2,9,Sep,8.812222222222223,56.29833333333334,3.120833333333333
ICTMicroclimate-10,2,10,Oct,12.510714285714286,77.76142857142857,2.889705882352941
ICTMicroclimate-10,2,11,Nov,15.82016806722689,76.10756302521008,6.260504201680672
ICTMicroclimate-10,2,12,Dec,16.232386363636365,76.18693181818182,3.2045454545454546
ICTMicroclimate-10,3,1,Jan,17.55127118644068,80.464406779661,4.860169491525424
ICTMicroclimate-10,3,2,Feb,15.895,82.91749999999999,3.175
ICTMicroclimate-10,3,5,May,11.361363636363636,82.16818181818182,8.522727272727273
ICTMicroclimate-10,3,6,Jun,8.584166666666667,89.72583333333334,9.366666666666667
ICTMicroclimate-10,3,7,Jul,8.671774193548387,89.57177419354838,4.685483870967742
ICTMicroclimate-10,3,8,Aug,7.902985074626866,68.01902985074626,8.346938775510203
ICTMicroclimate-10,3,9,Sep,8.512569832402235,56.61117318435754,3.491596638655462
ICTMicroclimate-10,3,10,Oct,12.265972222222222,78.53055555555555,2.9857142857142858
ICTMicroclimate-10,3,11,Nov,15.590833333333334,76.79916666666666,6.65
ICTMicroclimate-10,3,12,Dec,15.92457142857143,77.28742857142856,3.125714285714286
ICTMicroclimate-10,4,1,Jan,17.247659574468084,82.26170212765958,4.8
ICTMicroclimate-10,4,2,Feb,15.84,83.485,3.7
ICTMicroclimate-10,4,5,May,11.113636363636363,82.69545454545454,9.0
ICTMicroclimate-10,4,6,Jun,8.483333333333333,89.34083333333334,9.141666666666667
ICTMicroclimate-10,4,7,Jul,8.445967741935483,90.48951612903227,5.346774193548387
ICTMicroclimate-10,4,8,Aug,7.673880597014925,67.8634328358209,7.6938775510204085
ICTMicroclimate-10,4,9,Sep,8.082729805013926,57.283286908078,3.3041666666666667
ICTMicroclimate-10,4,10,Oct,11.95,79.1,2.9
ICTMicroclimate-10,4,11,Nov,15.088333333333333,79.10416666666667,6.841666666666667
ICTMicroclimate-10,4,12,Dec,15.609659090909092,78.26363636363637,3.034090909090909
ICTMicroclimate-10,5,1,Jan,16.854237288135593,83.8042372881356,5.580508474576271
ICTMicroclimate-10,5,2,Feb,15.965,81.9125,3.15
ICTMicroclimate-10,5,5,May,10.720454545454546,84.9159090909091,9.409090909090908
ICTMicroclimate-10,5,6,Jun,8.246666666666666,89.94,8.391666666666667
ICTMicroclimate-10,5,7,Jul,8.371544715447154,90.7,4.869918699186992
ICTMicroclimate-10,5,8,Aug,7.7473880597014935,67.61977611940299,7.091836734693878
ICTMicroclimate-10,5,9,Sep,7.888333333333334,57.63166666666667,2.783333333333333
ICTMicroclimate-10,5,10,Oct,11.67013888888889,79.92430555555556,3.335714285714286
ICTMicroclimate-10,5,11,Nov,14.713333333333333,79.935,7.325
ICTMicroclimate-10,5,12,Dec,15.352272727272727,78.91647727272726,2.7670454545454546
ICTMicroclimate-10,6,1,Jan,16.798305084745763,84.08347457627119,6.228813559322034
ICTMicroclimate-10,6,2,Feb,15.87,82.22999999999999,3.25
ICTMicroclimate-10,6,5,May,10.631818181818183,85.75909090909092,8.818181818181818
ICTMicroclimate-10,6,6,Jun,8.078333333333333,90.87333333333332,7.733333333333333
ICTMicroclimate-10,6,7,Jul,8.350806451612904,90.8258064516129,4.459677419354839
ICTMicroclimate-10,6,8,Aug,7.570149253731343,68.34552238805969,6.811224489795919
ICTMicroclimate-10,6,9,Sep,7.780555555555556,57.85444444444444,2.5541666666666667
ICTMicroclimate-10,6,10,Oct,11.614685314685316,80.36223776223775,3.3741007194244603
ICTMicroclimate-10,6,11,Nov,14.677310924369747,79.0436974789916,7.042016806722689
ICTMicroclimate-10,6,12,Dec,15.519886363636363,78.06818181818181,3.1306818181818183
ICTMicroclimate-10,7,1,Jan,17.38255319148936,81.12553191489361,6.659574468085107
ICTMicroclimate-10,7,2,Feb,16.235,81.385,4.1
ICTMicroclimate-10,7,5,May,10.452272727272728,85.39999999999999,9.931818181818182
ICTMicroclimate-10,7,6,Jun,8.068067226890756,90.92100840336134,7.512605042016807
ICTMicroclimate-10,7,7,Jul,8.319354838709677,90.52903225806452,4.540322580645161
ICTMicroclimate-10,7,8,Aug,7.667910447761194,67.66492537313434,7.275510204081633
ICTMicroclimate-10,7,9,Sep,8.167222222222222,56.109722222222224,2.5458333333333334
ICTMicroclimate-10,7,10,Oct,12.370138888888889,77.06597222222223,3.5357142857142856
ICTMicroclimate-10,7,11,Nov,15.433333333333334,76.27749999999999,7.116666666666666
ICTMicroclimate-10,7,12,Dec,16.492613636363636,73.76420454545455,3.2045454545454546
ICTMicroclimate-10,8,1,Jan,18.596186440677965,75.37881355932204,7.110169491525424
ICTMicroclimate-10,8,2,Feb,17.634999999999998,75.07000000000001,4.325
ICTMicroclimate-10,8,5,May,10.929545454545455,82.17727272727274,11.0
ICTMicroclimate-10,8,6,Jun,8.524166666666666,89.51833333333335,7.958333333333333
ICTMicroclimate-10,8,7,Jul,8.82983870967742,88.7741935483871,4.879032258064516
ICTMicroclimate-10,8,8,Aug,8.349438202247192,64.5441947565543,8.107692307692307
ICTMicroclimate-10,8,9,Sep,9.019166666666667,52.06527777777778,2.345833333333333
ICTMicroclimate-10,8,10,Oct,13.644755244755245,71.09160839160839,3.316546762589928
ICTMicroclimate-10,8,11,Nov,16.636666666666667,71.86083333333333,7.691666666666666
ICTMicroclimate-10,8,12,Dec,17.831818181818182,68.0215909090909,2.710227272727273
ICTMicroclimate-10,9,1,Jan,20.20635593220339,67.93940677966101,7.0508474576271185
ICTMicroclimate-10,9,2,Feb,19.3,67.3275,3.35
ICTMicroclimate-10,9,5,May,11.861702127659575,76.1468085106383,10.936170212765957
ICTMicroclimate-10,9,6,Jun,9.725833333333332,84.96166666666666,8.416666666666666
ICTMicroclimate-10,9,7,Jul,10.118548387096775,83.92500000000001,4.830645161290323
ICTMicroclimate-10,9,8,Aug,9.363157894736842,60.46503759398497,7.656410256410257
ICTMicroclimate-10,9,9,Sep,9.936666666666666,47.839166666666664,1.9166666666666667
ICTMicroclimate-10,9,10,Oct,14.690714285714284,65.93928571428572,2.786764705882353
ICTMicroclimate-10,9,11,Nov,17.871666666666666,67.30916666666667,6.625
ICTMicroclimate-10,9,12,Dec,19.416477272727274,61.25738636363636,2.2613636363636362
ICTMicroclimate-10,10,1,Jan,21.520940170940168,62.36752136752137,6.705128205128205
ICTMicroclimate-10,10,2,Feb,20.47837837837838,62.28918918918919,3.054054054054054
ICTMicroclimate-10,10,5,May,13.191666666666668,70.51666666666667,11.916666666666666
ICTMicroclimate-10,10,6,Jun,10.728333333333333,80.02749999999999,6.9
ICTMicroclimate-10,10,7,Jul,11.338211382113823,78.68373983739838,4.40650406504065
ICTMicroclimate-10,10,8,Aug,10.387084870848708,56.16457564575646,6.9296482412060305
ICTMicroclimate-10,10,9,Sep,10.427777777777777,45.231944444444444,1.6541666666666666
ICTMicroclimate-10,10,10,Oct,15.633571428571427,61.21785714285714,2.6029411764705883
ICTMicroclimate-10,10,11,Nov,18.938655462184872,63.45294117647059,6.34453781512605
ICTMicroclimate-10,10,12,Dec,20.60621468926554,56.85706214689266,2.3954802259887007
ICTMicroclimate-10,11,1,Jan,22.286899563318777,59.892576419213974,5.441048034934497
ICTMicroclimate-10,11,2,Feb,21.391666666666666,58.891666666666666,4.111111111111111
ICTMicroclimate-10,11,5,May,14.108333333333334,67.48541666666667,10.125
ICTMicroclimate-10,11,6,Jun,11.66,75.56583333333333,5.208333333333333
ICTMicroclimate-10,11,7,Jul,12.296774193548387,73.91048387096774,3.4193548387096775
ICTMicroclimate-10,11,8,Aug,11.319117647058825,51.69154411764706,5.15
ICTMicroclimate-10,11,9,Sep,10.983888888888888,42.645,1.6208333333333333
ICTMicroclimate-10,11,10,Oct,16.30785714285714,59.59642857142857,2.7720588235294117
ICTMicroclimate-10,11,11,Nov,19.66864406779661,60.797457627118646,4.305084745762712
ICTMicroclimate-10,11,12,Dec,21.322033898305083,53.88757062146893,2.6610169491525424
ICTMicroclimate-10,12,1,Jan,22.73677130044843,59.24708520179372,5.026905829596412
ICTMicroclimate-10,12,2,Feb,21.73235294117647,58.088235294117645,5.470588235294118
ICTMicroclimate-10,12,5,May,14.608695652173912,68.28695652173913,9.23913043478261
ICTMicroclimate-10,12,6,Jun,12.353333333333333,72.14833333333333,5.133333333333334
ICTMicroclimate-10,12,7,Jul,12.89516129032258,70.11370967741935,2.5806451612903225
ICTMicroclimate-10,12,8,Aug,11.83566176470588,48.83419117647059,3.985
ICTMicroclimate-10,12,9,Sep,11.232681564245809,42.01033519553073,1.7899159663865547
ICTMicroclimate-10,12,10,Oct,16.98071428571429,56.690000000000005,2.8676470588235294
ICTMicroclimate-10,12,11,Nov,19.521052631578947,61.29912280701755,4.508771929824562
ICTMicroclimate-10,12,12,Dec,21.787428571428574,52.91428571428571,2.6857142857142855
ICTMicroclimate-10,13,1,Jan,23.418636363636367,57.230000000000004,4.836363636363636
ICTMicroclimate-10,13,2,Feb,21.177777777777777,62.35555555555556,5.972222222222222
ICTMicroclimate-10,13,5,May,15.054166666666667,68.2375,7.604166666666667
ICTMicroclimate-10,13,6,Jun,12.725833333333332,69.57333333333332,4.258333333333334
ICTMicroclimate-10,13,7,Jul,13.020967741935483,68.92096774193548,2.4838709677419355
ICTMicroclimate-10,13,8,Aug,11.980514705882353,47.304779411764706,4.075
ICTMicroclimate-10,13,9,Sep,11.471309192200557,41.76935933147632,1.8458333333333334
ICTMicroclimate-10,13,10,Oct,17.46785714285714,54.85928571428572,2.764705882352941
ICTMicroclimate-10,13,11,Nov,20.1198275862069,59.432758620689654,5.0
ICTMicroclimate-10,13,12,Dec,22.13942857142857,52.34457142857143,2.7542857142857144
ICTMicroclimate-10,14,1,Jan,23.96696035242291,55.7295154185022,4.9118942731277535
ICTMicroclimate-10,14,2,Feb,21.130555555555556,63.25277777777777,4.611111111111111
ICTMicroclimate-10,14,5,May,14.923913043478262,69.12173913043478,8.456521739130435
ICTMicroclimate-10,14,6,Jun,12.475833333333332,69.47749999999999,3.1166666666666667
ICTMicroclimate-10,14,7,Jul,12.828455284552847,69.6959349593496,2.430894308943089
ICTMicroclimate-10,14,8,Aug,12.056088560885609,46.72915129151291,3.8442211055276383
ICTMicroclimate-10,14,9,Sep,11.713888888888889,40.9975,1.8958333333333333
ICTMicroclimate-10,14,10,Oct,17.725,55.87714285714286,2.8088235294117645
ICTMicroclimate-10,14,11,Nov,21.092499999999998,56.27583333333334,5.575
ICTMicroclimate-10,14,12,Dec,22.31329479768786,51.617919075144506,3.2369942196531793
ICTMicroclimate-10,15,1,Jan,24.456170212765958,54.55063829787234,4.914893617021277
ICTMicroclimate-10,15,2,Feb,21.555555555555557,61.775000000000006,3.0277777777777777
ICTMicroclimate-10,15,5,May,14.654166666666667,70.08125,9.0
ICTMicroclimate-10,15,6,Jun,12.209166666666667,70.09166666666667,2.2666666666666666
ICTMicroclimate-10,15,7,Jul,12.737903225806452,70.46290322580644,2.4274193548387095
ICTMicroclimate-10,15,8,Aug,11.966176470588234,47.58161764705883,3.05
ICTMicroclimate-10,15,9,Sep,11.686666666666666,41.361111111111114,1.8333333333333333
ICTMicroclimate-10,15,10,Oct,17.787142857142857,56.54071428571429,2.7058823529411766
ICTMicroclimate-10,15,11,Nov,21.421848739495797,55.51344537815126,5.159663865546219
ICTMicroclimate-10,15,12,Dec,22.786931818181817,50.86477272727273,2.903409090909091
ICTMicroclimate-10,16,1,Jan,24.183333333333334,55.51491228070175,4.315789473684211
ICTMicroclimate-10,16,2,Feb,21.62857142857143,61.33142857142857,3.142857142857143
ICTMicroclimate-10,16,5,May,14.2875,72.27291666666666,8.8125
ICTMicroclimate-10,16,6,Jun,11.858823529411765,72.22941176470587,2.5714285714285716
ICTMicroclimate-10,16,7,Jul,12.404838709677419,71.87016129032257,2.2419354838709675
ICTMicroclimate-10,16,8,Aug,11.589705882352941,50.12132352941177,2.86
ICTMicroclimate-10,16,9,Sep,11.53111111111111,42.90888888888889,1.9583333333333333
ICTMicroclimate-10,16,10,Oct,17.40142857142857,58.68214285714286,2.6691176470588234
ICTMicroclimate-10,16,11,Nov,21.315254237288134,56.7906779661017,4.296610169491525
ICTMicroclimate-10,16,12,Dec,22.585714285714285,52.33428571428571,2.7257142857142855
ICTMicroclimate-10,17,1,Jan,23.875,57.19285714285714,4.133928571428571
ICTMicroclimate-10,17,2,Feb,21.438888888888886,61.65555555555555,3.3333333333333335
ICTMicroclimate-10,17,5,May,13.970833333333333,73.92083333333333,8.416666666666666
ICTMicroclimate-10,17,6,Jun,11.29,75.68833333333333,4.108333333333333
ICTMicroclimate-10,17,7,Jul,11.837096774193547,75.84596774193548,3.024193548387097
ICTMicroclimate-10,17,8,Aug,10.879044117647059,53.52426470588235,3.24
ICTMicroclimate-10,17,9,Sep,10.886944444444445,46.441388888888895,1.9625
ICTMicroclimate-10,17,10,Oct,16.514388489208635,62.597122302158276,3.1037037037037036
ICTMicroclimate-10,17,11,Nov,20.603333333333335,59.598333333333336,4.783333333333333
ICTMicroclimate-10,17,12,Dec,21.936781609195403,55.45057471264368,3.2471264367816093
ICTMicroclimate-10,18,1,Jan,23.033333333333335,60.02606837606838,5.333333333333333
ICTMicroclimate-10,18,2,Feb,20.87222222222222,62.733333333333334,3.0
ICTMicroclimate-10,18,5,May,13.729166666666666,75.01458333333333,9.0
ICTMicroclimate-10,18,6,Jun,10.958333333333334,77.33500000000001,5.558333333333334
ICTMicroclimate-10,18,7,Jul,11.366129032258065,79.07661290322581,4.217741935483871
ICTMicroclimate-10,18,8,Aug,10.541481481481481,56.04592592592592,4.482412060301508
ICTMicroclimate-10,18,9,Sep,10.503342618384401,49.4,2.5397489539748954
ICTMicroclimate-10,18,10,Oct,15.683571428571428,66.20642857142857,3.0220588235294117
ICTMicroclimate-10,18,11,Nov,19.665833333333335,63.1175,5.391666666666667
ICTMicroclimate-10,18,12,Dec,21.375706214689266,58.76836158192091,3.480225988700565
ICTMicroclimate-10,19,1,Jan,22.234361233480175,63.00088105726873,5.26431718061674
ICTMicroclimate-10,19,2,Feb,20.33888888888889,63.083333333333336,3.8055555555555554
ICTMicroclimate-10,19,5,May,13.200000000000001,78.19791666666667,10.395833333333334
ICTMicroclimate-10,19,6,Jun,10.620833333333334,79.13083333333334,7.558333333333334
ICTMicroclimate-10,19,7,Jul,10.900813008130081,81.31626016260162,5.430894308943089
ICTMicroclimate-10,19,8,Aug,10.308823529411764,57.757720588235294,5.425
ICTMicroclimate-10,19,9,Sep,10.438888888888888,51.53666666666667,3.0208333333333335
ICTMicroclimate-10,19,10,Oct,15.554744525547445,68.0970802919708,3.161764705882353
ICTMicroclimate-10,19,11,Nov,19.074789915966388,65.97058823529412,5.680672268907563
ICTMicroclimate-10,19,12,Dec,20.577222222222222,61.885555555555555,3.4166666666666665
ICTMicroclimate-10,20,1,Jan,21.28701298701299,66.16363636363636,4.766233766233766
ICTMicroclimate-10,20,2,Feb,19.33888888888889,69.04444444444444,3.861111111111111
ICTMicroclimate-10,20,5,May,12.858333333333334,79.76666666666667,11.354166666666666
ICTMicroclimate-10,20,6,Jun,10.158333333333333,82.39833333333333,7.916666666666667
ICTMicroclimate-10,20,7,Jul,10.537398373983741,82.53414634146343,5.975609756097561
ICTMicroclimate-10,20,8,Aug,9.971272727272726,58.872,6.485
ICTMicroclimate-10,20,9,Sep,10.098611111111111,53.394444444444446,3.675
ICTMicroclimate-10,20,10,Oct,14.991176470588234,71.31544117647059,3.25
ICTMicroclimate-10,20,11,Nov,18.32,68.69,6.341666666666667
ICTMicroclimate-10,20,12,Dec,19.61111111111111,64.91388888888889,3.061111111111111
ICTMicroclimate-10,21,1,Jan,20.353679653679652,69.93203463203463,4.623376623376624
ICTMicroclimate-10,21,2,Feb,18.441666666666666,72.08333333333333,3.5
ICTMicroclimate-10,21,5,May,12.693617021276596,81.42765957446808,11.063829787234043
ICTMicroclimate-10,21,6,Jun,9.933333333333334,83.95583333333335,8.85
ICTMicroclimate-10,21,7,Jul,10.160483870967743,84.42500000000001,5.32258064516129
ICTMicroclimate-10,21,8,Aug,9.742753623188406,61.2,7.205
ICTMicroclimate-10,21,9,Sep,9.879722222222222,54.80555555555556,3.8833333333333333
ICTMicroclimate-10,21,10,Oct,14.55735294117647,72.49264705882354,3.0588235294117645
ICTMicroclimate-10,21,11,Nov,17.784873949579833,70.8327731092437,6.285714285714286
ICTMicroclimate-10,21,12,Dec,18.697777777777777,68.67,3.433333333333333
ICTMicroclimate-10,22,1,Jan,19.832327586206898,71.88620689655171,4.508620689655173
ICTMicroclimate-10,22,2,Feb,17.844444444444445,72.06666666666666,2.6944444444444446
ICTMicroclimate-10,22,5,May,12.470833333333333,82.68958333333333,11.875
ICTMicroclimate-10,22,6,Jun,9.692499999999999,84.80083333333333,9.425
ICTMicroclimate-10,22,7,Jul,9.944354838709677,85.14516129032258,5.169354838709677
ICTMicroclimate-10,22,8,Aug,9.51159420289855,63.13876811594203,7.145
ICTMicroclimate-10,22,9,Sep,9.837988826815643,55.71396648044692,3.602510460251046
ICTMicroclimate-10,22,10,Oct,14.12888888888889,74.17925925925927,3.162962962962963
ICTMicroclimate-10,22,11,Nov,17.29586776859504,72.82561983471074,5.528925619834711
ICTMicroclimate-10,22,12,Dec,17.794999999999998,72.15777777777778,3.6333333333333333
ICTMicroclimate-10,23,1,Jan,19.269827586206898,73.86551724137931,5.616379310344827
ICTMicroclimate-10,23,2,Feb,17.291666666666668,75.46944444444445,2.9444444444444446
ICTMicroclimate-10,23,5,May,12.029166666666667,82.97500000000001,13.25
ICTMicroclimate-10,23,6,Jun,9.3425,86.43249999999999,10.35
ICTMicroclimate-10,23,7,Jul,9.600000000000001,86.61854838709678,5.701612903225806
ICTMicroclimate-10,23,8,Aug,9.251094890510949,63.848175182481754,6.863636363636363
ICTMicroclimate-10,23,9,Sep,9.496944444444445,55.95083333333333,3.4791666666666665
ICTMicroclimate-10,23,10,Oct,13.879411764705882,75.29632352941177,3.110294117647059
ICTMicroclimate-10,23,11,Nov,16.893333333333334,74.08833333333334,6.05
ICTMicroclimate-10,23,12,Dec,17.213333333333335,73.8711111111111,3.0555555555555554
ICTMicroclimate-11,0,1,Jan,19.44314516129032,66.50040322580645,5.5
ICTMicroclimate-11,0,2,Feb,19.222368421052632,68.15197368421053,3.0197368421052633
ICTMicroclimate-11,0,3,Mar,19.00725806451613,70.36451612903227,3.3225806451612905
ICTMicroclimate-11,0,4,Apr,16.9225,69.5725,4.316666666666666
ICTMicroclimate-11,0,5,May,13.0025,68.46083333333333,7.933333333333334
ICTMicroclimate-11,0,6,Jun,10.136666666666667,74.99166666666666,9.766666666666667
ICTMicroclimate-11,0,7,Jul,10.310483870967742,75.07499999999999,3.9193548387096775
ICTMicroclimate-11,0,8,Aug,10.171666666666665,73.86999999999999,7.65
ICTMicroclimate-11,0,9,Sep,12.07948717948718,60.375,2.2941176470588234
ICTMicroclimate-11,0,10,Oct,14.230128205128207,65.97692307692307,1.756578947368421
ICTMicroclimate-11,0,11,Nov,17.217499999999998,66.24083333333333,3.9166666666666665
ICTMicroclimate-11,0,12,Dec,17.81477272727273,65.56079545454546,1.7215909090909092
ICTMicroclimate-11,1,1,Jan,18.989112903225806,68.01532258064516,3.5483870967741935
ICTMicroclimate-11,1,2,Feb,18.926973684210527,68.87763157894737,2.861842105263158
ICTMicroclimate-11,1,3,Mar,18.67459016393443,71.53524590163934,3.180327868852459
ICTMicroclimate-11,1,4,Apr,16.570833333333333,70.92916666666666,4.158333333333333
ICTMicroclimate-11,1,5,May,12.590243902439024,69.33333333333333,8.699186991869919
ICTMicroclimate-11,1,6,Jun,9.815833333333334,76.2325,9.241666666666667
ICTMicroclimate-11,1,7,Jul,10.0869918699187,75.39024390243902,3.7560975609756095
ICTMicroclimate-11,1,8,Aug,9.745454545454546,75.21570247933884,8.024793388429751
ICTMicroclimate-11,1,9,Sep,11.696815286624204,60.33630573248407,2.4191176470588234
ICTMicroclimate-11,1,10,Oct,13.828025477707007,66.78471337579619,1.7450980392156863
ICTMicroclimate-11,1,11,Nov,16.84873949579832,66.6201680672269,3.773109243697479
ICTMicroclimate-11,1,12,Dec,17.482386363636365,66.0528409090909,1.5568181818181819
ICTMicroclimate-11,2,1,Jan,18.648790322580645,69.05201612903227,2.774193548387097
ICTMicroclimate-11,2,2,Feb,18.582894736842103,69.58815789473684,2.7697368421052633
ICTMicroclimate-11,2,3,Mar,18.356451612903225,72.47016129032258,3.1129032258064515
ICTMicroclimate-11,2,4,Apr,16.026612903225807,72.12258064516129,4.088709677419355
ICTMicroclimate-11,2,5,May,12.220161290322581,70.03387096774195,8.887096774193548
ICTMicroclimate-11,2,6,Jun,9.655,76.68249999999999,8.733333333333333
ICTMicroclimate-11,2,7,Jul,9.856451612903227,75.93306451612904,3.8870967741935485
ICTMicroclimate-11,2,8,Aug,9.413709677419355,75.45806451612903,8.71774193548387
ICTMicroclimate-11,2,9,Sep,11.730921052631578,61.74605263157895,2.2205882352941178
ICTMicroclimate-11,2,10,Oct,13.398639455782313,67.4530612244898,1.5594405594405594
ICTMicroclimate-11,2,11,Nov,16.66,67.0775,3.7916666666666665
ICTMicroclimate-11,2,12,Dec,17.15852272727273,66.73295454545455,1.4431818181818181
ICTMicroclimate-11,3,1,Jan,18.385483870967743,69.53629032258064,2.5806451612903225
ICTMicroclimate-11,3,2,Feb,18.297350993377485,69.8748344370861,2.629139072847682
ICTMicroclimate-11,3,3,Mar,18.085483870967742,72.72177419354838,2.725806451612903
ICTMicroclimate-11,3,4,Apr,15.75,74.33666666666666,3.941666666666667
ICTMicroclimate-11,3,5,May,11.93089430894309,70.50650406504064,9.853658536585366
ICTMicroclimate-11,3,6,Jun,9.551666666666668,76.80666666666666,7.95
ICTMicroclimate-11,3,7,Jul,9.648387096774194,76.56048387096774,3.7338709677419355
ICTMicroclimate-11,3,8,Aug,9.045967741935485,76.08387096774193,8.919354838709678
ICTMicroclimate-11,3,9,Sep,11.361184210526316,61.74013157894737,2.0220588235294117
ICTMicroclimate-11,3,10,Oct,13.212179487179487,67.64999999999999,1.486842105263158
ICTMicroclimate-11,3,11,Nov,16.48,67.44416666666667,3.6666666666666665
ICTMicroclimate-11,3,12,Dec,16.81590909090909,67.5840909090909,1.5340909090909092
ICTMicroclimate-11,4,1,Jan,18.063709677419357,70.69879032258065,2.4516129032258065
ICTMicroclimate-11,4,2,Feb,18.160526315789475,69.96842105263158,2.6907894736842106
ICTMicroclimate-11,4,3,Mar,17.82016129032258,73.90483870967742,3.306451612903226
ICTMicroclimate-11,4,4,Apr,15.411764705882353,75.4563025210084,4.042016806722689
ICTMicroclimate-11,4,5,May,11.586290322580645,70.8225806451613,9.161290322580646
ICTMicroclimate-11,4,6,Jun,9.456666666666667,76.64750000000001,7.558333333333334
ICTMicroclimate-11,4,7,Jul,9.40967741935484,77.20322580645161,3.9919354838709675
ICTMicroclimate-11,4,8,Aug,8.870161290322581,76.42903225806452,8.209677419354838
ICTMicroclimate-11,4,9,Sep,10.958278145695365,62.609271523178805,2.311111111111111
ICTMicroclimate-11,4,10,Oct,12.941666666666666,68.16602564102564,1.7171052631578947
ICTMicroclimate-11,4,11,Nov,15.988333333333333,69.33166666666666,4.791666666666667
ICTMicroclimate-11,4,12,Dec,16.517613636363635,68.14886363636364,1.4886363636363635
ICTMicroclimate-11,5,1,Jan,17.698785425101217,71.8004048582996,2.919028340080972
ICTMicroclimate-11,5,2,Feb,18.138815789473682,69.69342105263158,2.6184210526315788
ICTMicroclimate-11,5,3,Mar,17.61209677419355,74.69677419354838,3.1451612903225805
ICTMicroclimate-11,5,4,Apr,15.314166666666667,74.80166666666668,4.316666666666666
ICTMicroclimate-11,5,5,May,11.27741935483871,71.71129032258065,9.580645161290322
ICTMicroclimate-11,5,6,Jun,9.2125,77.30916666666667,7.058333333333334
ICTMicroclimate-11,5,7,Jul,9.32258064516129,77.53387096774195,3.435483870967742
ICTMicroclimate-11,5,8,Aug,8.698373983739838,76.769918699187,7.658536585365853
ICTMicroclimate-11,5,9,Sep,10.653289473684211,63.42171052631579,1.8088235294117647
ICTMicroclimate-11,5,10,Oct,12.672435897435898,68.45705128205128,1.9144736842105263
ICTMicroclimate-11,5,11,Nov,15.598333333333333,70.15833333333333,5.158333333333333
ICTMicroclimate-11,5,12,Dec,16.291954022988506,68.55689655172414,1.2758620689655173
ICTMicroclimate-11,6,1,Jan,17.581854838709678,72.30282258064516,3.6653225806451615
ICTMicroclimate-11,6,2,Feb,17.980263157894736,70.03684210526316,2.5065789473684212
ICTMicroclimate-11,6,3,Mar,17.40731707317073,75.40650406504065,3.4715447154471546
ICTMicroclimate-11,6,4,Apr,15.184166666666666,73.94250000000001,5.108333333333333
ICTMicroclimate-11,6,5,May,11.049193548387096,72.48225806451612,10.169354838709678
ICTMicroclimate-11,6,6,Jun,9.024166666666668,78.06916666666666,6.758333333333334
ICTMicroclimate-11,6,7,Jul,9.271774193548387,77.99112903225806,3.3225806451612905
ICTMicroclimate-11,6,8,Aug,8.457258064516129,77.6491935483871,7.395161290322581
ICTMicroclimate-11,6,9,Sep,10.52763157894737,63.858552631578945,1.8897058823529411
ICTMicroclimate-11,6,10,Oct,12.509615384615385,69.1275641025641,1.756578947368421
ICTMicroclimate-11,6,11,Nov,15.539495798319328,69.95966386554622,5.025210084033613
ICTMicroclimate-11,6,12,Dec,16.333522727272726,68.19261363636363,1.4772727272727273
ICTMicroclimate-11,7,1,Jan,18.258467741935487,70.0725806451613,4.165322580645161
ICTMicroclimate-11,7,2,Feb,18.348026315789475,69.0625,2.8552631578947367
ICTMicroclimate-11,7,3,Mar,17.325000000000003,76.16290322580646,3.7903225806451615
ICTMicroclimate-11,7,4,Apr,15.485833333333334,72.57083333333334,5.941666666666666
ICTMicroclimate-11,7,5,May,10.885483870967741,73.06854838709677,11.07258064516129
ICTMicroclimate-11,7,6,Jun,8.991596638655462,77.94453781512605,6.235294117647059
ICTMicroclimate-11,7,7,Jul,9.232520325203252,77.73414634146341,3.292682926829268
ICTMicroclimate-11,7,8,Aug,8.596774193548388,77.35967741935484,7.443548387096774
ICTMicroclimate-11,7,9,Sep,10.986184210526316,62.911184210526315,1.5514705882352942
ICTMicroclimate-11,7,10,Oct,13.221153846153847,67.06153846153846,2.1447368421052633
ICTMicroclimate-11,7,11,Nov,16.181666666666665,68.805,5.241666666666666
ICTMicroclimate-11,7,12,Dec,17.397159090909092,65.04602272727273,1.3920454545454546
ICTMicroclimate-11,8,1,Jan,19.52388663967611,65.75303643724696,4.445344129554656
ICTMicroclimate-11,8,2,Feb,19.629605263157895,65.35986842105264,3.085526315789474
ICTMicroclimate-11,8,3,Mar,18.25564516129032,73.61048387096774,4.016129032258065
ICTMicroclimate-11,8,4,Apr,16.511666666666667,69.345,6.008333333333334
ICTMicroclimate-11,8,5,May,11.429032258064517,71.67903225806452,11.806451612903226
ICTMicroclimate-11,8,6,Jun,9.215,77.42916666666666,7.025
ICTMicroclimate-11,8,7,Jul,9.53739837398374,76.92032520325203,3.4227642276422765
ICTMicroclimate-11,8,8,Aug,9.291935483870969,75.40322580645162,8.14516129032258
ICTMicroclimate-11,8,9,Sep,12.116447368421053,59.47236842105263,1.1764705882352942
ICTMicroclimate-11,8,10,Oct,14.509615384615385,62.7724358974359,2.039473684210526
ICTMicroclimate-11,8,11,Nov,17.423333333333336,65.15666666666667,5.541666666666667
ICTMicroclimate-11,8,12,Dec,18.7,60.96931818181818,1.125
ICTMicroclimate-11,9,1,Jan,21.254032258064516,59.84959677419355,4.451612903225806
ICTMicroclimate-11,9,2,Feb,20.972368421052632,60.88421052631579,2.8223684210526314
ICTMicroclimate-11,9,3,Mar,19.7241935483871,69.04354838709678,4.282258064516129
ICTMicroclimate-11,9,4,Apr,18.12,63.39416666666667,4.991666666666666
ICTMicroclimate-11,9,5,May,13.355905511811024,66.16299212598426,11.031496062992126
ICTMicroclimate-11,9,6,Jun,10.100833333333332,75.57083333333334,7.383333333333334
ICTMicroclimate-11,9,7,Jul,10.608799999999999,74.32,3.368
ICTMicroclimate-11,9,8,Aug,10.933870967741935,71.08951612903226,7.709677419354839
ICTMicroclimate-11,9,9,Sep,13.333548387096773,55.24645161290323,0.7553956834532374
ICTMicroclimate-11,9,10,Oct,15.51794871794872,59.082051282051275,1.7039473684210527
ICTMicroclimate-11,9,11,Nov,18.790833333333335,61.156666666666666,4.6
ICTMicroclimate-11,9,12,Dec,20.419886363636365,55.36136363636364,0.9204545454545454
ICTMicroclimate-11,10,1,Jan,22.754032258064516,55.05524193548387,4.306451612903226
ICTMicroclimate-11,10,2,Feb,22.328,56.416666666666664,2.8933333333333335
ICTMicroclimate-11,10,3,Mar,21.231451612903225,63.349999999999994,4.008064516129032
ICTMicroclimate-11,10,4,Apr,19.578151260504203,58.740336134453784,3.7478991596638656
ICTMicroclimate-11,10,5,May,15.745161290322581,59.125,9.056451612903226
ICTMicroclimate-11,10,6,Jun,11.611666666666668,70.84833333333333,5.533333333333333
ICTMicroclimate-11,10,7,Jul,12.274193548387096,69.07983870967742,2.7016129032258065
ICTMicroclimate-11,10,8,Aug,12.830645161290322,64.73870967741935,6.717741935483871
ICTMicroclimate-11,10,9,Sep,14.058974358974357,52.81346153846154,0.6285714285714286
ICTMicroclimate-11,10,10,Oct,16.616666666666667,54.64807692307693,1.355263157894737
ICTMicroclimate-11,10,11,Nov,20.08,57.42166666666667,4.35
ICTMicroclimate-11,10,12,Dec,21.89050279329609,51.23910614525139,1.0726256983240223
ICTMicroclimate-11,11,1,Jan,23.865322580645163,52.090725806451616,3.3629032258064515
ICTMicroclimate-11,11,2,Feb,23.64864864864865,52.98851351351352,3.2162162162162162
ICTMicroclimate-11,11,3,Mar,22.486290322580647,59.30080645161291,3.693548387096774
ICTMicroclimate-11,11,4,Apr,20.827272727272728,54.54876033057851,3.71900826446281
ICTMicroclimate-11,11,5,May,16.723387096774193,55.979032258064514,5.82258064516129
ICTMicroclimate-11,11,6,Jun,12.306666666666667,67.89833333333334,4.258333333333334
ICTMicroclimate-11,11,7,Jul,13.050406504065041,66.1390243902439,1.967479674796748
ICTMicroclimate-11,11,8,Aug,14.141935483870967,59.96048387096774,4.403225806451613
ICTMicroclimate-11,11,9,Sep,14.926923076923076,50.093589743589746,0.45
ICTMicroclimate-11,11,10,Oct,17.472727272727273,52.866883116883116,1.5933333333333333
ICTMicroclimate-11,11,11,Nov,21.032500000000002,54.59166666666667,2.875
ICTMicroclimate-11,11,12,Dec,22.755,48.34111111111111,1.0055555555555555
ICTMicroclimate-11,12,1,Jan,24.728629032258063,50.35927419354839,2.9233870967741935
ICTMicroclimate-11,12,2,Feb,24.535374149659862,51.18027210884354,3.5714285714285716
ICTMicroclimate-11,12,3,Mar,23.458870967741937,56.501612903225805,3.096774193548387
ICTMicroclimate-11,12,4,Apr,21.65583333333333,52.901666666666664,3.283333333333333
ICTMicroclimate-11,12,5,May,17.09426229508197,55.529508196721316,4.721311475409836
ICTMicroclimate-11,12,6,Jun,12.661666666666667,66.43666666666667,4.158333333333333
ICTMicroclimate-11,12,7,Jul,13.350806451612904,64.40241935483871,1.4435483870967742
ICTMicroclimate-11,12,8,Aug,14.765322580645162,57.394354838709674,2.9274193548387095
ICTMicroclimate-11,12,9,Sep,15.206410256410255,49.61282051282051,0.6714285714285714
ICTMicroclimate-11,12,10,Oct,18.19271523178808,50.42185430463576,1.564625850340136
ICTMicroclimate-11,12,11,Nov,21.254166666666666,54.265,3.025
ICTMicroclimate-11,12,12,Dec,23.464444444444446,46.92722222222222,1.3666666666666667
ICTMicroclimate-11,13,1,Jan,25.324193548387097,49.185483870967744,2.8306451612903225
ICTMicroclimate-11,13,2,Feb,24.62837837837838,52.01891891891892,4.25
ICTMicroclimate-11,13,3,Mar,24.210483870967742,54.19193548387097,2.8951612903225805
ICTMicroclimate-11,13,4,Apr,22.155084745762714,51.905084745762714,2.805084745762712
ICTMicroclimate-11,13,5,May,17.684552845528454,54.42357723577236,4.479674796747967
ICTMicroclimate-11,13,6,Jun,13.345,63.43833333333334,3.1166666666666667
ICTMicroclimate-11,13,7,Jul,13.698387096774193,62.891129032258064,1.3629032258064515
ICTMicroclimate-11,13,8,Aug,15.187903225806451,55.38225806451613,3.4838709677419355
ICTMicroclimate-11,13,9,Sep,15.691772151898736,48.22848101265823,0.7112676056338029
ICTMicroclimate-11,13,10,Oct,18.780921052631577,48.79276315789474,1.472972972972973
ICTMicroclimate-11,13,11,Nov,21.805,52.55,3.4583333333333335
ICTMicroclimate-11,13,12,Dec,23.86,46.117222222222225,1.3944444444444444
ICTMicroclimate-11,14,1,Jan,25.7369918699187,48.34065040650406,2.83739837398374
ICTMicroclimate-11,14,2,Feb,24.910884353741498,51.2578231292517,4.4353741496598635
ICTMicroclimate-11,14,3,Mar,24.746774193548386,51.69596774193548,3.1048387096774195
ICTMicroclimate-11,14,4,Apr,22.404310344827586,51.806896551724144,3.0172413793103448
ICTMicroclimate-11,14,5,May,18.047967479674796,53.28130081300813,4.2439024390243905
ICTMicroclimate-11,14,6,Jun,13.8025,60.905,2.033333333333333
ICTMicroclimate-11,14,7,Jul,13.93170731707317,62.06341463414634,1.1788617886178863
ICTMicroclimate-11,14,8,Aug,15.427642276422764,54.43983739837399,3.048780487804878
ICTMicroclimate-11,14,9,Sep,16.142500000000002,46.92,0.7222222222222222
ICTMicroclimate-11,14,10,Oct,18.994078947368422,49.65065789473684,1.4864864864864864
ICTMicroclimate-11,14,11,Nov,22.315833333333334,51.20333333333333,4.091666666666667
ICTMicroclimate-11,14,12,Dec,24.132777777777775,45.717222222222226,1.6833333333333333
ICTMicroclimate-11,15,1,Jan,25.806451612903224,48.372983870967744,2.8266129032258065
ICTMicroclimate-11,15,2,Feb,25.1527027027027,51.320945945945944,5.25
ICTMicroclimate-11,15,3,Mar,24.899193548387096,50.270161290322584,2.879032258064516
ICTMicroclimate-11,15,4,Apr,22.10420168067227,52.505042016806726,2.6554621848739495
ICTMicroclimate-11,15,5,May,17.843548387096774,53.52661290322581,3.9596774193548385
ICTMicroclimate-11,15,6,Jun,13.411666666666667,61.19916666666666,1.425
ICTMicroclimate-11,15,7,Jul,13.925,62.112096774193546,1.064516129032258
ICTMicroclimate-11,15,8,Aug,15.25241935483871,55.41209677419355,2.4274193548387095
ICTMicroclimate-11,15,9,Sep,16.353416149068323,46.60062111801242,0.5586206896551724
ICTMicroclimate-11,15,10,Oct,19.14407894736842,49.91447368421053,1.277027027027027
ICTMicroclimate-11,15,11,Nov,22.778991596638654,49.64873949579832,3.3949579831932772
ICTMicroclimate-11,15,12,Dec,24.27611111111111,45.94888888888889,1.6111111111111112
ICTMicroclimate-11,16,1,Jan,25.88790322580645,48.40282258064516,2.282258064516129
ICTMicroclimate-11,16,2,Feb,25.14189189189189,50.9668918918919,6.614864864864865
ICTMicroclimate-11,16,3,Mar,24.89512195121951,50.93983739837399,2.7886178861788617
ICTMicroclimate-11,16,4,Apr,21.227500000000003,54.60666666666667,3.0416666666666665
ICTMicroclimate-11,16,5,May,17.012096774193548,55.8233870967742,3.975806451612903
ICTMicroclimate-11,16,6,Jun,12.91764705882353,62.95546218487395,1.7563025210084033
ICTMicroclimate-11,16,7,Jul,13.47983870967742,63.24274193548387,1.0080645161290323
ICTMicroclimate-11,16,8,Aug,14.362903225806452,58.05806451612903,1.7258064516129032
ICTMicroclimate-11,16,9,Sep,15.637820512820513,48.257051282051286,0.5571428571428572
ICTMicroclimate-11,16,10,Oct,18.748684210526317,51.85131578947368,1.25
ICTMicroclimate-11,16,11,Nov,22.7525,50.49333333333333,2.691666666666667
ICTMicroclimate-11,16,12,Dec,24.185000000000002,46.78777777777778,1.4222222222222223
ICTMicroclimate-11,17,1,Jan,25.590283400809717,49.5331983805668,2.263157894736842
ICTMicroclimate-11,17,2,Feb,24.75945945945946,52.00472972972973,5.385135135135135
ICTMicroclimate-11,17,3,Mar,23.918548387096774,54.67016129032258,3.0161290322580645
ICTMicroclimate-11,17,4,Apr,20.428333333333335,57.54666666666667,4.0
ICTMicroclimate-11,17,5,May,16.33225806451613,58.148387096774194,3.8870967741935485
ICTMicroclimate-11,17,6,Jun,12.229999999999999,65.80666666666667,3.0
ICTMicroclimate-11,17,7,Jul,12.799193548387096,66.30725806451613,1.6209677419354838
ICTMicroclimate-11,17,8,Aug,13.575806451612904,60.9508064516129,2.370967741935484
ICTMicroclimate-11,17,9,Sep,14.855128205128207,51.53397435897436,0.7142857142857143
ICTMicroclimate-11,17,10,Oct,17.686842105263157,55.41447368421053,1.6689189189189189
ICTMicroclimate-11,17,11,Nov,21.705,53.74583333333333,3.183333333333333
ICTMicroclimate-11,17,12,Dec,23.526666666666667,49.53166666666667,1.7555555555555555
ICTMicroclimate-11,18,1,Jan,24.151209677419356,53.384274193548386,3.1653225806451615
ICTMicroclimate-11,18,2,Feb,23.305405405405406,56.07635135135135,5.094594594594595
ICTMicroclimate-11,18,3,Mar,22.666935483870965,58.07096774193548,2.556451612903226
ICTMicroclimate-11,18,4,Apr,19.88235294117647,58.64453781512605,4.588235294117647
ICTMicroclimate-11,18,5,May,15.86209677419355,59.53951612903226,4.830645161290323
ICTMicroclimate-11,18,6,Jun,11.899166666666668,67.0925,4.525
ICTMicroclimate-11,18,7,Jul,12.293548387096775,68.88870967741936,3.056451612903226
ICTMicroclimate-11,18,8,Aug,13.079032258064515,63.08467741935484,3.3548387096774195
ICTMicroclimate-11,18,9,Sep,14.476774193548387,54.26645161290322,1.4532374100719425
ICTMicroclimate-11,18,10,Oct,16.89407894736842,58.36973684210527,1.777027027027027
ICTMicroclimate-11,18,11,Nov,20.554166666666667,57.36833333333333,3.725
ICTMicroclimate-11,18,12,Dec,22.340555555555557,53.285,1.8
ICTMicroclimate-11,19,1,Jan,23.20967741935484,56.01008064516129,3.254032258064516
ICTMicroclimate-11,19,2,Feb,22.552027027027027,58.17027027027027,3.7905405405405403
ICTMicroclimate-11,19,3,Mar,22.05483870967742,60.03225806451613,2.7419354838709675
ICTMicroclimate-11,19,4,Apr,19.235833333333336,61.34166666666667,3.775
ICTMicroclimate-11,19,5,May,15.312096774193549,61.7,5.588709677419355
ICTMicroclimate-11,19,6,Jun,11.550833333333333,68.32416666666667,6.025
ICTMicroclimate-11,19,7,Jul,11.83548387096774,70.37661290322582,3.6370967741935485
ICTMicroclimate-11,19,8,Aug,12.712096774193547,64.64193548387097,4.467741935483871
ICTMicroclimate-11,19,9,Sep,13.94375,55.31875,1.8428571428571427
ICTMicroclimate-11,19,10,Oct,16.540939597315436,60.49127516778524,1.837837837837838
ICTMicroclimate-11,19,11,Nov,19.9925,59.69166666666667,4.041666666666667
ICTMicroclimate-11,19,12,Dec,21.756424581005586,55.30782122905028,1.7039106145251397
ICTMicroclimate-11,20,1,Jan,22.141700404858298,58.711336032388665,2.5587044534412957
ICTMicroclimate-11,20,2,Feb,21.71351351351351,60.85405405405405,3.6013513513513513
ICTMicroclimate-11,20,3,Mar,21.37016129032258,61.858064516129026,2.782258064516129
ICTMicroclimate-11,20,4,Apr,18.654999999999998,63.80916666666667,4.391666666666667
ICTMicroclimate-11,20,5,May,14.810833333333333,63.91416666666667,5.916666666666667
ICTMicroclimate-11,20,6,Jun,11.1075,70.7475,6.716666666666667
ICTMicroclimate-11,20,7,Jul,11.492682926829268,71.28455284552845,4.504065040650406
ICTMicroclimate-11,20,8,Aug,12.246774193548386,66.55645161290323,5.870967741935484
ICTMicroclimate-11,20,9,Sep,13.43125,57.035625,2.35
ICTMicroclimate-11,20,10,Oct,15.964864864864866,62.83513513513514,1.8310810810810811
ICTMicroclimate-11,20,11,Nov,19.188333333333333,61.75083333333334,4.275
ICTMicroclimate-11,20,12,Dec,20.435195530726258,58.626256983240225,1.5307262569832403
ICTMicroclimate-11,21,1,Jan,21.032661290322583,62.03951612903226,2.407258064516129
ICTMicroclimate-11,21,2,Feb,20.879591836734694,63.27346938775511,3.163265306122449
ICTMicroclimate-11,21,3,Mar,20.72983870967742,63.36774193548387,5.370967741935484
ICTMicroclimate-11,21,4,Apr,18.09333333333333,65.58416666666668,4.566666666666666
ICTMicroclimate-11,21,5,May,14.368333333333334,65.66083333333333,6.2
ICTMicroclimate-11,21,6,Jun,10.888333333333332,72.10833333333333,7.275
ICTMicroclimate-11,21,7,Jul,11.137096774193548,72.63225806451612,4.217741935483871
ICTMicroclimate-11,21,8,Aug,11.740322580645161,69.45806451612903,6.637096774193548
ICTMicroclimate-11,21,9,Sep,13.050625,58.124375,2.2214285714285715
ICTMicroclimate-11,21,10,Oct,15.551020408163266,63.529931972789115,1.9591836734693877
ICTMicroclimate-11,21,11,Nov,18.605833333333333,63.47,4.016666666666667
ICTMicroclimate-11,21,12,Dec,19.576666666666668,61.28055555555556,4.072222222222222
ICTMicroclimate-11,22,1,Jan,20.463709677419356,63.90483870967742,2.3346774193548385
ICTMicroclimate-11,22,2,Feb,20.125675675675677,65.9358108108108,2.8513513513513513
ICTMicroclimate-11,22,3,Mar,19.94677419354839,66.07741935483871,2.7419354838709675
ICTMicroclimate-11,22,4,Apr,17.625,66.9925,3.875
ICTMicroclimate-11,22,5,May,13.863865546218488,66.83529411764705,7.420168067226891
ICTMicroclimate-11,22,6,Jun,10.640336134453781,72.60756302521008,7.8655462184873945
ICTMicroclimate-11,22,7,Jul,10.922580645161291,73.01693548387097,3.596774193548387
ICTMicroclimate-11,22,8,Aug,11.266129032258064,71.12258064516129,6.346774193548387
ICTMicroclimate-11,22,9,Sep,12.730625,59.650625000000005,2.1
ICTMicroclimate-11,22,10,Oct,15.179054054054054,64.76689189189189,1.6824324324324325
ICTMicroclimate-11,22,11,Nov,18.135833333333334,64.61,3.5416666666666665
ICTMicroclimate-11,22,12,Dec,18.64611111111111,64.225,1.7666666666666666
ICTMicroclimate-11,23,1,Jan,19.96219512195122,65.14227642276423,3.483739837398374
ICTMicroclimate-11,23,2,Feb,19.62364864864865,67.52770270270271,2.945945945945946
ICTMicroclimate-11,23,3,Mar,19.41048387096774,68.1774193548387,2.8951612903225805
ICTMicroclimate-11,23,4,Apr,17.22416666666667,68.10083333333334,4.1
ICTMicroclimate-11,23,5,May,13.435833333333333,67.465,8.125
ICTMicroclimate-11,23,6,Jun,10.335833333333333,73.7675,8.416666666666666
ICTMicroclimate-11,23,7,Jul,10.587096774193547,74.01612903225806,4.451612903225806
ICTMicroclimate-11,23,8,Aug,10.861290322580645,72.03709677419356,6.709677419354839
ICTMicroclimate-11,23,9,Sep,12.31717791411043,59.76319018404908,2.3
ICTMicroclimate-11,23,10,Oct,14.943243243243243,65.33581081081081,1.7837837837837838
ICTMicroclimate-11,23,11,Nov,17.790756302521007,65.89411764705882,3.9327731092436973
ICTMicroclimate-11,23,12,Dec,18.092777777777776,65.23277777777777,1.3555555555555556
aws5-0999,0,1,Jan,18.273214285714285,79.07321428571429,
aws5-0999,0,2,Feb,17.578070175438594,82.28421052631579,
aws5-0999,0,3,Mar,17.076767676767677,88.34141414141413,
aws5-0999,0,4,Apr,14.562162162162162,90.14324324324325,
aws5-0999,0,5,May,10.941538461538462,83.38461538461539,
aws5-0999,0,6,Jun,8.341340782122904,90.73184357541899,
aws5-0999,0,7,Jul,8.344871794871795,92.3076923076923,
aws5-0999,0,8,Aug,9.287313432835822,91.47089552238806,
aws5-0999,0,9,Sep,11.011458333333332,83.88541666666667,
aws5-0999,0,10,Oct,12.85084745762712,81.7771186440678,
aws5-0999,0,11,Nov,14.454716981132076,83.52641509433961,
aws5-0999,0,12,Dec,15.519387755102041,77.66530612244898,
aws5-0999,1,1,Jan,17.550427350427352,81.97606837606838,
aws5-0999,1,2,Feb,17.613513513513514,84.72252252252252,
aws5-0999,1,3,Mar,16.741904761904763,87.71142857142858,
aws5-0999,1,4,Apr,15.413953488372092,85.62558139534885,
aws5-0999,1,5,May,10.22162162162162,86.28783783783784,
aws5-0999,1,6,Jun,8.120118343195266,92.81005917159763,
aws5-0999,1,7,Jul,8.047101449275363,92.62971014492753,
aws5-0999,1,8,Aug,9.175806451612903,90.27016129032258,
aws5-0999,1,9,Sep,11.544444444444444,81.34666666666666,
aws5-0999,1,10,Oct,12.86122448979592,83.24591836734695,
aws5-0999,1,11,Nov,13.291836734693877,86.37448979591838,
aws5-0999,1,12,Dec,14.589189189189188,80.41351351351352,
aws5-0999,2,1,Jan,17.357009345794392,82.85794392523364,
aws5-0999,2,2,Feb,16.805263157894736,86.43947368421053,
aws5-0999,2,3,Mar,16.88139534883721,88.42558139534884,
aws5-0999,2,4,Apr,13.782499999999999,91.765,
aws5-0999,2,5,May,9.343283582089553,88.79402985074627,
aws5-0999,2,6,Jun,7.627167630057803,93.44913294797688,
aws5-0999,2,7,Jul,7.815646258503402,92.72244897959185,
aws5-0999,2,8,Aug,8.6776,91.752,
aws5-0999,2,9,Sep,11.032692307692308,82.38173076923077,
aws5-0999,2,10,Oct,11.796,85.4152,
aws5-0999,2,11,Nov,13.008080808080807,85.86868686868686,
aws5-0999,2,12,Dec,14.730232558139534,81.21046511627907,
aws5-0999,3,1,Jan,17.034579439252337,83.87009345794392,
aws5-0999,3,2,Feb,16.36095238095238,87.16952380952381,
aws5-0999,3,3,Mar,15.922222222222222,91.5188888888889,
aws5-0999,3,4,Apr,14.459523809523809,90.51904761904763,
aws5-0999,3,5,May,9.518571428571429,86.7657142857143,
aws5-0999,3,6,Jun,7.4646739130434785,92.61467391304348,
aws5-0999,3,7,Jul,7.573793103448276,93.29655172413793,
aws5-0999,3,8,Aug,8.684347826086958,91.55304347826088,
aws5-0999,3,9,Sep,10.640449438202246,82.10449438202248,
aws5-0999,3,10,Oct,11.496521739130435,85.25304347826088,
aws5-0999,3,11,Nov,12.883750000000001,86.045,
aws5-0999,3,12,Dec,13.97012987012987,82.06233766233767,
aws5-0999,4,1,Jan,16.813793103448276,85.18275862068967,
aws5-0999,4,2,Feb,16.09591836734694,88.65714285714286,
aws5-0999,4,3,Mar,16.019791666666666,88.94479166666667,
aws5-0999,4,4,Apr,13.056521739130435,93.89782608695653,
aws5-0999,4,5,May,9.447826086956521,88.65942028985508,
aws5-0999,4,6,Jun,7.279393939393938,92.60121212121213,
aws5-0999,4,7,Jul,7.211805555555555,93.62777777777778,
aws5-0999,4,8,Aug,8.642241379310345,92.1801724137931,
aws5-0999,4,9,Sep,10.295,84.26799999999999,
aws5-0999,4,10,Oct,12.016030534351144,84.03587786259543,
aws5-0999,4,11,Nov,12.570238095238096,89.63095238095238,
aws5-0999,4,12,Dec,13.531182795698927,82.24516129032259,
aws5-0999,5,1,Jan,16.381818181818183,86.87272727272727,
aws5-0999,5,2,Feb,15.809009009009008,88.17927927927927,
aws5-0999,5,3,Mar,15.906451612903226,90.88602150537633,
aws5-0999,5,4,Apr,14.342105263157896,87.13421052631578,
aws5-0999,5,5,May,9.192307692307692,88.1,
aws5-0999,5,6,Jun,7.0194117647058825,93.14588235294117,
aws5-0999,5,7,Jul,7.125675675675675,94.41486486486487,
aws5-0999,5,8,Aug,8.59252336448598,92.10280373831776,
aws5-0999,5,9,Sep,9.84320987654321,84.94691358024691,
aws5-0999,5,10,Oct,11.303759398496242,84.34736842105264,
aws5-0999,5,11,Nov,12.21547619047619,86.62619047619049,
aws5-0999,5,12,Dec,13.507692307692308,83.95604395604396,
aws5-0999,6,1,Jan,16.078021978021976,87.49340659340659,
aws5-0999,6,2,Feb,15.873394495412844,86.37155963302752,
aws5-0999,6,3,Mar,16.11578947368421,90.07052631578948,
aws5-0999,6,4,Apr,13.814285714285715,90.5657142857143,
aws5-0999,6,5,May,9.131884057971014,88.54057971014493,
aws5-0999,6,6,Jun,6.865269461077844,94.09221556886227,
aws5-0999,6,7,Jul,7.311764705882353,93.68014705882354,
aws5-0999,6,8,Aug,8.722727272727273,91.78272727272727,
aws5-0999,6,9,Sep,10.30888888888889,83.68333333333334,
aws5-0999,6,10,Oct,11.184166666666666,84.11333333333333,
aws5-0999,6,11,Nov,13.036363636363637,86.15227272727272,
aws5-0999,6,12,Dec,12.967901234567902,85.13209876543209,
aws5-0999,7,1,Jan,17.233018867924528,83.00094339622642,
aws5-0999,7,2,Feb,16.222448979591835,84.4938775510204,
aws5-0999,7,3,Mar,15.693506493506492,90.43116883116883,
aws5-0999,7,4,Apr,13.453658536585367,89.32195121951219,
aws5-0999,7,5,May,8.711475409836066,89.46229508196721,
aws5-0999,7,6,Jun,7.2466257668711656,92.55828220858896,
aws5-0999,7,7,Jul,7.278985507246377,92.95797101449276,
aws5-0999,7,8,Aug,8.651724137931035,91.21120689655173,
aws5-0999,7,9,Sep,10.720618556701032,81.08453608247423,
aws5-0999,7,10,Oct,11.682258064516128,82.93951612903226,
aws5-0999,7,11,Nov,13.117441860465116,86.10348837209303,
aws5-0999,7,12,Dec,14.932967032967033,76.27362637362637,
aws5-0999,8,1,Jan,18.553508771929824,79.69385964912281,
aws5-0999,8,2,Feb,17.603508771929825,79.05526315789473,
aws5-0999,8,3,Mar,16.774117647058823,85.89058823529412,
aws5-0999,8,4,Apr,15.053488372093023,81.55813953488372,
aws5-0999,8,5,May,10.024615384615386,85.9076923076923,
aws5-0999,8,6,Jun,7.398843930635838,93.21329479768787,
aws5-0999,8,7,Jul,7.450335570469798,91.4,
aws5-0999,8,8,Aug,9.792173913043477,88.97304347826086,
aws5-0999,8,9,Sep,11.974038461538461,77.26826923076922,
aws5-0999,8,10,Oct,13.579279279279278,75.52252252252252,
aws5-0999,8,11,Nov,14.714117647058824,77.67764705882354,
aws5-0999,8,12,Dec,16.604444444444447,69.70111111111112,
aws5-0999,9,1,Jan,19.87090909090909,70.87545454545455,
aws5-0999,9,2,Feb,19.74018691588785,69.24205607476635,
aws5-0999,9,3,Mar,17.812345679012346,83.6888888888889,
aws5-0999,9,4,Apr,16.855813953488372,76.44418604651163,
aws5-0999,9,5,May,11.813636363636364,81.21060606060605,
aws5-0999,9,6,Jun,8.640236686390534,90.55680473372782,
aws5-0999,9,7,Jul,8.626712328767123,88.7,
aws5-0999,9,8,Aug,11.631775700934579,83.18317757009346,
aws5-0999,9,9,Sep,13.245238095238093,70.44166666666668,
aws5-0999,9,10,Oct,15.21031746031746,68.89047619047619,
aws5-0999,9,11,Nov,15.938749999999999,71.715,
aws5-0999,9,12,Dec,18.162921348314608,62.225842696629215,
aws5-0999,10,1,Jan,22.28648648648649,61.436036036036036,
aws5-0999,10,2,Feb,20.8651376146789,65.38256880733945,
aws5-0999,10,3,Mar,19.857777777777777,74.6711111111111,
aws5-0999,10,4,Apr,17.55952380952381,69.78571428571429,
aws5-0999,10,5,May,14.16451612903226,69.11290322580645,
aws5-0999,10,6,Jun,10.190058479532164,85.79415204678362,
aws5-0999,10,7,Jul,10.017105263157895,84.91578947368421,
aws5-0999,10,8,Aug,13.317647058823528,75.82016806722689,
aws5-0999,10,9,Sep,14.319101123595507,64.73595505617978,
aws5-0999,10,10,Oct,16.21315789473684,65.4578947368421,
aws5-0999,10,11,Nov,16.890243902439025,67.68048780487806,
aws5-0999,10,12,Dec,19.479518072289157,57.16987951807229,
aws5-0999,11,1,Jan,22.948695652173914,57.25217391304348,
aws5-0999,11,2,Feb,22.07037037037037,61.257407407407406,
aws5-0999,11,3,Mar,21.289411764705882,67.2164705882353,
aws5-0999,11,4,Apr,20.135714285714286,60.14523809523809,
aws5-0999,11,5,May,15.713636363636363,65.02272727272727,
aws5-0999,11,6,Jun,11.696685082872929,79.67292817679558,
aws5-0999,11,7,Jul,11.40326797385621,80.15751633986929,
aws5-0999,11,8,Aug,14.68780487804878,69.34715447154473,
aws5-0999,11,9,Sep,15.145098039215686,60.82549019607843,
aws5-0999,11,10,Oct,17.091596638655464,59.83697478991597,
aws5-0999,11,11,Nov,17.96547619047619,61.358333333333334,
aws5-0999,11,12,Dec,20.373118279569894,55.546236559139786,
aws5-0999,12,1,Jan,24.049557522123894,54.623893805309734,
aws5-0999,12,2,Feb,23.703773584905658,55.383018867924534,
aws5-0999,12,3,Mar,21.319101123595505,67.12696629213484,
aws5-0999,12,4,Apr,21.376923076923074,59.309615384615384,
aws5-0999,12,5,May,16.239473684210527,64.65263157894738,
aws5-0999,12,6,Jun,12.543023255813955,74.4703488372093,
aws5-0999,12,7,Jul,12.136000000000001,76.886,
aws5-0999,12,8,Aug,15.688799999999999,62.988,
aws5-0999,12,9,Sep,16.384269662921348,56.30112359550562,
aws5-0999,12,10,Oct,17.846341463414632,58.27642276422764,
aws5-0999,12,11,Nov,18.374000000000002,62.698,
aws5-0999,12,12,Dec,21.774509803921568,52.51568627450981,
aws5-0999,13,1,Jan,25.02622950819672,52.468032786885246,
aws5-0999,13,2,Feb,24.012096774193548,56.72741935483871,
aws5-0999,13,3,Mar,22.791089108910892,62.92970297029703,
aws5-0999,13,4,Apr,21.5015873015873,58.11904761904762,
aws5-0999,13,5,May,16.76818181818182,61.733333333333334,
aws5-0999,13,6,Jun,13.048369565217392,70.42717391304348,
aws5-0999,13,7,Jul,12.670394736842105,74.23026315789474,
aws5-0999,13,8,Aug,16.214285714285715,61.19365079365079,
aws5-0999,13,9,Sep,16.415625,56.29895833333333,
aws5-0999,13,10,Oct,18.846902654867254,53.57964601769911,
aws5-0999,13,11,Nov,19.08190476190476,58.23619047619048,
aws5-0999,13,12,Dec,21.997247706422016,50.57889908256881,
aws5-0999,14,1,Jan,25.35433070866142,51.41653543307086,
aws5-0999,14,2,Feb,23.849122807017544,56.89824561403508,
aws5-0999,14,3,Mar,22.5,63.102,
aws5-0999,14,4,Apr,22.333333333333332,55.337037037037035,
aws5-0999,14,5,May,17.62297297297297,59.7,
aws5-0999,14,6,Jun,13.15,69.35054347826087,
aws5-0999,14,7,Jul,12.554487179487179,74.62884615384615,
aws5-0999,14,8,Aug,16.708403361344537,57.44285714285714,
aws5-0999,14,9,Sep,16.666037735849056,56.219811320754715,
aws5-0999,14,10,Oct,19.56470588235294,51.6436974789916,
aws5-0999,14,11,Nov,19.175862068965518,59.296551724137935,
aws5-0999,14,12,Dec,22.414035087719295,51.020175438596496,
aws5-0999,15,1,Jan,25.48740157480315,51.88425196850394,
aws5-0999,15,2,Feb,24.667213114754098,55.14262295081967,
aws5-0999,15,3,Mar,22.994897959183675,60.66836734693877,
aws5-0999,15,4,Apr,21.94814814814815,56.15,
aws5-0999,15,5,May,17.3,59.17710843373494,
aws5-0999,15,6,Jun,12.870689655172415,69.77298850574712,
aws5-0999,15,7,Jul,12.61012658227848,74.85189873417721,
aws5-0999,15,8,Aug,16.12622950819672,60.83524590163934,
aws5-0999,15,9,Sep,16.767289719626167,55.524299065420564,
aws5-0999,15,10,Oct,19.463709677419356,53.100806451612904,
aws5-0999,15,11,Nov,19.459223300970873,57.0135922330097,
aws5-0999,15,12,Dec,21.792380952380952,53.07809523809524,
aws5-0999,16,1,Jan,25.378512396694216,53.26942148760331,
aws5-0999,16,2,Feb,24.56328125,54.9015625,
aws5-0999,16,3,Mar,23.258415841584156,58.41089108910891,
aws5-0999,16,4,Apr,20.712962962962962,62.45,
aws5-0999,16,5,May,15.719444444444443,66.725,
aws5-0999,16,6,Jun,12.072527472527472,74.56648351648352,
aws5-0999,16,7,Jul,11.857432432432432,78.03175675675676,
aws5-0999,16,8,Aug,15.23740458015267,66.30916030534351,
aws5-0999,16,9,Sep,16.3375,57.48846153846154,
aws5-0999,16,10,Oct,19.567625899280575,53.14028776978417,
aws5-0999,16,11,Nov,20.37735849056604,56.241509433962264,
aws5-0999,16,12,Dec,22.230526315789476,52.10736842105263,
aws5-0999,17,1,Jan,24.574615384615385,54.934615384615384,
aws5-0999,17,2,Feb,24.539024390243902,56.58292682926829,
aws5-0999,17,3,Mar,22.5,64.67363636363636,
aws5-0999,17,4,Apr,19.222641509433963,67.8188679245283,
aws5-0999,17,5,May,14.967647058823529,69.88235294117646,
aws5-0999,17,6,Jun,11.05664739884393,79.28092485549134,
aws5-0999,17,7,Jul,10.936774193548388,82.59806451612904,
aws5-0999,17,8,Aug,14.091338582677164,70.19133858267716,
aws5-0999,17,9,Sep,15.15578947368421,63.04842105263158,
aws5-0999,17,10,Oct,18.717499999999998,57.25333333333333,
aws5-0999,17,11,Nov,19.073584905660375,61.88584905660377,
aws5-0999,17,12,Dec,21.513461538461538,53.97788461538461,
aws5-0999,18,1,Jan,24.238260869565217,56.72260869565218,
aws5-0999,18,2,Feb,23.96851851851852,57.73148148148148,
aws5-0999,18,3,Mar,21.925688073394497,65.53119266055046,
aws5-0999,18,4,Apr,18.585365853658537,69.28780487804879,
aws5-0999,18,5,May,13.810447761194029,75.65970149253731,
aws5-0999,18,6,Jun,10.417142857142856,83.18,
aws5-0999,18,7,Jul,10.29407894736842,86.25197368421053,
aws5-0999,18,8,Aug,12.807751937984497,76.8263565891473,
aws5-0999,18,9,Sep,14.191666666666668,70.43229166666667,
aws5-0999,18,10,Oct,17.82936507936508,58.19206349206349,
aws5-0999,18,11,Nov,19.29310344827586,62.21206896551725,
aws5-0999,18,12,Dec,20.758585858585857,58.47575757575758,
aws5-0999,19,1,Jan,23.353333333333335,60.223333333333336,
aws5-0999,19,2,Feb,23.05909090909091,61.86636363636364,
aws5-0999,19,3,Mar,20.41505376344086,70.17849462365592,
aws5-0999,19,4,Apr,17.61509433962264,76.28490566037736,
aws5-0999,19,5,May,13.266216216216216,77.28108108108108,
aws5-0999,19,6,Jun,10.077900552486188,84.74640883977901,
aws5-0999,19,7,Jul,9.79559748427673,88.12264150943396,
aws5-0999,19,8,Aug,12.03587786259542,80.10763358778627,
aws5-0999,19,9,Sep,13.51208791208791,73.82197802197803,
aws5-0999,19,10,Oct,16.25040650406504,66.65853658536585,
aws5-0999,19,11,Nov,17.473529411764705,68.6186274509804,
aws5-0999,19,12,Dec,20.597959183673467,59.97653061224489,
aws5-0999,20,1,Jan,21.731932773109243,66.1344537815126,
aws5-0999,20,2,Feb,20.796610169491526,70.48728813559322,
aws5-0999,20,3,Mar,19.722448979591835,72.14591836734694,
aws5-0999,20,4,Apr,17.004081632653058,77.23469387755102,
aws5-0999,20,5,May,12.686666666666667,81.28800000000001,
aws5-0999,20,6,Jun,9.480232558139534,87.93837209302325,
aws5-0999,20,7,Jul,9.580714285714285,89.1092857142857,
aws5-0999,20,8,Aug,11.839669421487603,82.18925619834711,
aws5-0999,20,9,Sep,13.201219512195122,77.02560975609757,
aws5-0999,20,10,Oct,15.594117647058823,68.5563025210084,
aws5-0999,20,11,Nov,16.387999999999998,74.90666666666667,
aws5-0999,20,12,Dec,18.44903846153846,66.47115384615384,
aws5-0999,21,1,Jan,20.443181818181817,69.68181818181819,
aws5-0999,21,2,Feb,19.298165137614678,74.11009174311927,
aws5-0999,21,3,Mar,18.973170731707317,76.67317073170732,
aws5-0999,21,4,Apr,16.175,83.61590909090908,
aws5-0999,21,5,May,12.12205882352941,82.07941176470588,
aws5-0999,21,6,Jun,9.120731707317074,89.12987804878048,
aws5-0999,21,7,Jul,9.088275862068965,90.70896551724138,
aws5-0999,21,8,Aug,10.710526315789474,85.42807017543859,
aws5-0999,21,9,Sep,12.492523364485981,79.70841121495326,
aws5-0999,21,10,Oct,15.051666666666668,70.09583333333333,
aws5-0999,21,11,Nov,16.085393258426965,76.30561797752809,
aws5-0999,21,12,Dec,17.61340206185567,68.7,
aws5-0999,22,1,Jan,19.55913043478261,75.01130434782608,
aws5-0999,22,2,Feb,19.469158878504672,76.01121495327102,
aws5-0999,22,3,Mar,18.28111111111111,79.33111111111111,
aws5-0999,22,4,Apr,15.326190476190478,84.23333333333333,
aws5-0999,22,5,May,11.466153846153846,83.21384615384615,
aws5-0999,22,6,Jun,8.67456647398844,91.13294797687861,
aws5-0999,22,7,Jul,9.010204081632653,90.5204081632653,
aws5-0999,22,8,Aug,10.254700854700854,90.5991452991453,
aws5-0999,22,9,Sep,12.074311926605503,82.01651376146788,
aws5-0999,22,10,Oct,14.536585365853659,74.95447154471545,
aws5-0999,22,11,Nov,15.309411764705882,77.16823529411765,
aws5-0999,22,12,Dec,16.81919191919192,70.46767676767676,
aws5-0999,23,1,Jan,18.841379310344827,76.64224137931035,
aws5-0999,23,2,Feb,18.37909090909091,79.7690909090909,
aws5-0999,23,3,Mar,17.45,84.35652173913044,
aws5-0999,23,4,Apr,15.662162162162161,81.78918918918919,
aws5-0999,23,5,May,10.608108108108109,86.90135135135135,
aws5-0999,23,6,Jun,8.34378698224852,91.37041420118344,
aws5-0999,23,7,Jul,8.333823529411765,92.04705882352941,
aws5-0999,23,8,Aug,9.485593220338982,91.25932203389831,
aws5-0999,23,9,Sep,11.990099009900991,82.61881188118812,
aws5-0999,23,10,Oct,13.774561403508772,79.95614035087719,
aws5-0999,23,11,Nov,13.927906976744186,82.16279069767442,
aws5-0999,23,12,Dec,15.74888888888889,76.75,
